Date,ProcessID,DAU,MAU,LLM_Accuracy_Pct,Saved_Hours
2023-01-01,101,45,225,97.48,8.4
2023-01-01,102,36,180,95.12,6.5
2023-01-01,103,37,185,93.47,8.0
2023-01-01,104,45,225,90.5,6.9
2023-01-01,105,15,75,96.59,5.1
2023-01-01,106,53,265,90.16,9.9
2023-01-01,107,32,160,94.24,7.6
2023-01-01,108,29,145,94.24,6.7
2023-01-02,101,64,314,97.34,12.2
2023-01-02,102,104,620,93.55,33.5
2023-01-02,103,184,798,88.77,62.5
2023-01-02,104,109,558,86.62,16.7
2023-01-02,105,179,960,93.24,31.2
2023-01-02,106,57,231,98.82,11.5
2023-01-02,107,153,843,93.06,29.3
2023-01-02,108,53,231,99.54,16.2
2023-01-03,101,63,343,91.89,16.6
2023-01-03,102,89,506,96.89,23.0
2023-01-03,103,73,344,91.34,18.9
2023-01-03,104,90,413,83.98,13.8
2023-01-03,105,58,321,90.36,8.8
2023-01-03,106,188,826,96.46,57.9
2023-01-03,107,172,713,92.27,29.8
2023-01-03,108,184,1048,93.35,31.1
2023-01-04,101,111,516,96.68,30.8
2023-01-04,102,84,415,89.42,24.6
2023-01-04,103,50,272,90.81,10.1
2023-01-04,104,76,383,87.13,11.8
2023-01-04,105,112,648,93.66,29.4
2023-01-04,106,181,1052,90.97,42.0
2023-01-04,107,78,347,88.92,16.2
2023-01-04,108,135,777,95.43,28.2
2023-01-05,101,183,899,90.6,42.7
2023-01-05,102,124,576,89.45,27.4
2023-01-05,103,178,793,93.08,55.8
2023-01-05,104,52,208,88.13,12.1
2023-01-05,105,100,453,90.91,18.4
2023-01-05,106,145,741,92.81,23.6
2023-01-05,107,101,453,96.29,29.5
2023-01-05,108,150,685,88.44,40.8
2023-01-06,101,179,863,88.39,39.2
2023-01-06,102,178,797,89.72,44.1
2023-01-06,103,117,486,92.4,23.2
2023-01-06,104,87,411,89.59,24.1
2023-01-06,105,188,1058,97.5,33.9
2023-01-06,106,119,641,98.21,25.6
2023-01-06,107,196,1062,97.63,43.1
2023-01-06,108,101,593,92.73,25.6
2023-01-07,101,45,225,89.64,9.8
2023-01-07,102,27,135,91.07,7.6
2023-01-07,103,41,205,99.69,10.4
2023-01-07,104,48,240,84.9,8.1
2023-01-07,105,56,280,94.64,18.3
2023-01-07,106,17,85,91.32,4.9
2023-01-07,107,54,270,98.19,12.5
2023-01-07,108,49,245,89.0,8.9
2023-01-08,101,45,225,95.22,6.8
2023-01-08,102,44,220,99.59,9.1
2023-01-08,103,47,235,94.53,13.6
2023-01-08,104,35,175,84.85,7.5
2023-01-08,105,59,295,92.36,17.6
2023-01-08,106,58,290,91.67,15.0
2023-01-08,107,49,245,95.57,9.8
2023-01-08,108,26,130,99.65,6.4
2023-01-09,101,57,299,97.46,14.3
2023-01-09,102,77,411,98.28,15.1
2023-01-09,103,97,442,88.29,27.1
2023-01-09,104,66,395,87.64,13.6
2023-01-09,105,55,260,88.18,18.5
2023-01-09,106,95,563,99.47,30.5
2023-01-09,107,116,503,94.63,39.1
2023-01-09,108,107,627,88.84,20.5
2023-01-10,101,135,636,91.02,28.2
2023-01-10,102,66,376,89.63,19.3
2023-01-10,103,88,403,97.63,27.5
2023-01-10,104,62,258,82.06,17.1
2023-01-10,105,69,365,96.35,21.3
2023-01-10,106,164,766,92.47,27.7
2023-01-10,107,135,628,89.84,46.8
2023-01-10,108,199,1031,88.36,31.3
2023-01-11,101,119,548,94.39,25.6
2023-01-11,102,57,315,90.57,15.7
2023-01-11,103,55,225,94.32,14.2
2023-01-11,104,104,444,83.59,35.8
2023-01-11,105,155,720,97.46,31.6
2023-01-11,106,141,773,90.99,26.3
2023-01-11,107,111,629,96.28,25.7
2023-01-11,108,107,623,93.26,21.2
2023-01-12,101,167,906,95.86,34.4
2023-01-12,102,65,327,95.82,15.4
2023-01-12,103,142,687,90.95,31.4
2023-01-12,104,135,543,83.39,21.5
2023-01-12,105,143,816,96.37,35.0
2023-01-12,106,134,662,90.06,31.7
2023-01-12,107,72,294,99.29,23.6
2023-01-12,108,187,982,93.99,60.1
2023-01-13,101,118,633,95.33,40.0
2023-01-13,102,51,206,94.97,17.2
2023-01-13,103,189,902,95.66,45.7
2023-01-13,104,150,787,91.85,42.0
2023-01-13,105,92,404,88.83,15.7
2023-01-13,106,179,729,95.36,38.9
2023-01-13,107,139,644,98.05,21.5
2023-01-13,108,164,748,89.41,47.5
2023-01-14,101,37,185,98.44,11.0
2023-01-14,102,21,105,99.51,5.5
2023-01-14,103,45,225,96.93,14.0
2023-01-14,104,44,220,86.95,9.9
2023-01-14,105,43,215,92.06,14.5
2023-01-14,106,25,125,90.84,7.1
2023-01-14,107,21,105,96.98,3.6
2023-01-14,108,19,95,94.36,4.7
2023-01-15,101,40,200,91.54,6.8
2023-01-15,102,44,220,88.13,14.6
2023-01-15,103,37,185,92.22,12.6
2023-01-15,104,53,265,87.79,13.2
2023-01-15,105,57,285,93.34,11.9
2023-01-15,106,22,110,94.59,4.2
2023-01-15,107,30,150,97.42,9.2
2023-01-15,108,47,235,99.08,16.2
2023-01-16,101,191,973,93.25,62.6
2023-01-16,102,124,525,89.7,37.5
2023-01-16,103,194,815,89.0,56.3
2023-01-16,104,186,1049,90.47,30.9
2023-01-16,105,132,681,98.27,43.0
2023-01-16,106,194,1143,99.73,58.3
2023-01-16,107,119,644,93.73,26.8
2023-01-16,108,140,629,91.93,33.2
2023-01-17,101,190,913,94.8,56.7
2023-01-17,102,110,621,96.86,31.5
2023-01-17,103,141,835,92.46,29.2
2023-01-17,104,105,530,87.24,32.6
2023-01-17,105,110,510,88.52,36.8
2023-01-17,106,196,1163,94.22,54.1
2023-01-17,107,63,289,99.85,18.2
2023-01-17,108,52,301,88.54,10.7
2023-01-18,101,65,375,93.42,17.8
2023-01-18,102,57,247,95.7,13.0
2023-01-18,103,109,563,88.93,37.6
2023-01-18,104,194,884,86.93,52.5
2023-01-18,105,190,1106,97.79,64.6
2023-01-18,106,96,560,88.98,31.2
2023-01-18,107,158,684,92.89,48.3
2023-01-18,108,195,1165,89.79,52.4
2023-01-19,101,112,536,97.87,29.5
2023-01-19,102,147,598,89.59,22.5
2023-01-19,103,104,595,97.67,36.4
2023-01-19,104,151,879,89.02,44.6
2023-01-19,105,132,593,93.36,23.2
2023-01-19,106,100,454,90.47,32.6
2023-01-19,107,81,331,91.2,12.5
2023-01-19,108,167,945,91.66,52.3
2023-01-20,101,182,760,97.42,48.8
2023-01-20,102,96,464,97.34,26.7
2023-01-20,103,124,548,89.62,19.0
2023-01-20,104,87,453,89.64,22.7
2023-01-20,105,101,514,93.37,33.5
2023-01-20,106,79,414,98.26,26.9
2023-01-20,107,181,890,98.02,55.0
2023-01-20,108,133,654,99.66,33.1
2023-01-21,101,52,260,95.54,10.3
2023-01-21,102,49,245,94.39,11.9
2023-01-21,103,38,190,89.81,6.8
2023-01-21,104,17,85,84.16,4.9
2023-01-21,105,22,110,98.67,5.4
2023-01-21,106,42,210,99.58,11.4
2023-01-21,107,30,150,88.49,5.5
2023-01-21,108,42,210,92.14,6.6
2023-01-22,101,35,175,89.44,8.5
2023-01-22,102,41,205,98.64,7.2
2023-01-22,103,28,140,91.83,4.7
2023-01-22,104,28,140,89.53,4.7
2023-01-22,105,42,210,89.87,9.5
2023-01-22,106,39,195,91.29,12.1
2023-01-22,107,48,240,95.11,16.7
2023-01-22,108,28,140,92.41,6.9
2023-01-23,101,77,364,93.5,23.1
2023-01-23,102,63,270,89.58,18.1
2023-01-23,103,156,790,89.28,37.4
2023-01-23,104,164,735,85.23,37.0
2023-01-23,105,88,408,90.52,19.0
2023-01-23,106,93,415,92.08,22.8
2023-01-23,107,187,1043,93.93,31.3
2023-01-23,108,160,875,94.64,42.8
2023-01-24,101,132,627,92.02,43.6
2023-01-24,102,113,580,92.24,39.2
2023-01-24,103,170,760,89.21,30.7
2023-01-24,104,161,695,84.24,33.3
2023-01-24,105,144,592,98.02,23.1
2023-01-24,106,80,385,99.69,13.8
2023-01-24,107,115,592,98.92,17.4
2023-01-24,108,167,754,90.03,47.4
2023-01-25,101,128,648,93.67,40.7
2023-01-25,102,182,796,91.85,42.8
2023-01-25,103,69,309,89.37,18.8
2023-01-25,104,113,471,88.07,38.0
2023-01-25,105,126,638,88.62,27.4
2023-01-25,106,59,300,94.53,11.2
2023-01-25,107,179,747,89.65,26.9
2023-01-25,108,58,301,93.61,13.5
2023-01-26,101,143,602,98.12,42.8
2023-01-26,102,127,744,99.79,24.3
2023-01-26,103,84,491,96.59,13.4
2023-01-26,104,142,607,91.54,27.0
2023-01-26,105,79,446,90.22,15.6
2023-01-26,106,127,640,92.27,41.3
2023-01-26,107,138,740,93.38,40.4
2023-01-26,108,81,398,91.59,24.3
2023-01-27,101,192,989,92.23,43.8
2023-01-27,102,102,592,95.43,17.7
2023-01-27,103,183,853,96.69,52.8
2023-01-27,104,64,368,87.95,19.1
2023-01-27,105,87,478,96.41,26.6
2023-01-27,106,82,333,94.78,24.8
2023-01-27,107,172,947,89.22,44.3
2023-01-27,108,96,546,89.52,22.0
2023-01-28,101,55,275,89.78,10.8
2023-01-28,102,37,185,97.19,5.6
2023-01-28,103,49,245,96.26,12.7
2023-01-28,104,27,135,89.19,8.5
2023-01-28,105,36,180,92.08,7.0
2023-01-28,106,21,105,93.5,7.1
2023-01-28,107,56,280,98.85,10.0
2023-01-28,108,48,240,96.64,12.9
2023-01-29,101,44,220,98.93,13.6
2023-01-29,102,25,125,96.42,4.5
2023-01-29,103,42,210,92.46,6.9
2023-01-29,104,30,150,90.84,10.1
2023-01-29,105,18,90,93.36,3.1
2023-01-29,106,59,295,89.97,11.0
2023-01-29,107,31,155,91.95,6.6
2023-01-29,108,49,245,95.04,11.3
2023-01-30,101,102,476,97.55,15.4
2023-01-30,102,84,402,94.4,28.1
2023-01-30,103,179,882,93.72,59.7
2023-01-30,104,177,787,87.43,31.5
2023-01-30,105,74,369,92.99,24.6
2023-01-30,106,78,402,95.52,11.9
2023-01-30,107,98,426,99.44,17.6
2023-01-30,108,167,955,94.37,31.2
2023-01-31,101,120,622,88.8,36.0
2023-01-31,102,172,963,92.16,41.9
2023-01-31,103,98,399,93.62,25.8
2023-01-31,104,67,307,90.57,17.1
2023-01-31,105,162,777,94.66,29.3
2023-01-31,106,178,831,88.9,53.5
2023-01-31,107,59,267,95.66,13.7
2023-01-31,108,136,810,97.99,44.0
2023-02-01,101,57,231,90.64,11.2
2023-02-01,102,121,509,97.52,22.5
2023-02-01,103,146,746,96.58,45.4
2023-02-01,104,137,745,92.27,43.3
2023-02-01,105,191,875,98.67,29.1
2023-02-01,106,56,306,98.09,9.8
2023-02-01,107,196,1012,93.01,64.4
2023-02-01,108,96,503,92.0,30.2
2023-02-02,101,168,762,95.43,39.0
2023-02-02,102,186,906,91.5,63.2
2023-02-02,103,135,750,89.36,35.5
2023-02-02,104,108,625,91.6,25.4
2023-02-02,105,164,824,96.83,47.5
2023-02-02,106,74,334,89.66,23.5
2023-02-02,107,53,226,98.72,15.3
2023-02-02,108,86,347,98.88,14.9
2023-02-03,101,149,744,88.8,34.4
2023-02-03,102,171,930,89.27,30.4
2023-02-03,103,76,440,98.4,20.5
2023-02-03,104,61,321,87.93,16.1
2023-02-03,105,194,938,92.56,49.2
2023-02-03,106,113,531,99.41,21.1
2023-02-03,107,85,471,88.81,27.0
2023-02-03,108,60,282,96.56,12.6
2023-02-04,101,30,150,93.66,8.5
2023-02-04,102,59,295,96.72,11.4
2023-02-04,103,25,125,94.42,4.6
2023-02-04,104,39,195,87.96,10.5
2023-02-04,105,36,180,88.89,10.6
2023-02-04,106,33,165,96.19,7.8
2023-02-04,107,26,130,88.9,4.3
2023-02-04,108,47,235,96.27,9.6
2023-02-05,101,44,220,89.23,9.4
2023-02-05,102,29,145,89.63,9.9
2023-02-05,103,31,155,94.2,5.2
2023-02-05,104,38,190,92.48,11.3
2023-02-05,105,59,295,97.03,17.4
2023-02-05,106,22,110,98.75,6.1
2023-02-05,107,32,160,99.75,10.8
2023-02-05,108,28,140,88.53,7.5
2023-02-06,101,194,846,94.76,64.6
2023-02-06,102,63,267,96.7,11.9
2023-02-06,103,121,718,99.24,29.6
2023-02-06,104,165,938,85.83,52.1
2023-02-06,105,66,349,92.34,17.3
2023-02-06,106,94,390,96.29,20.5
2023-02-06,107,157,807,97.57,40.5
2023-02-06,108,190,997,98.54,51.9
2023-02-07,101,175,846,93.5,60.9
2023-02-07,102,62,313,99.17,19.2
2023-02-07,103,88,353,88.63,14.8
2023-02-07,104,111,550,89.53,36.0
2023-02-07,105,170,941,92.97,39.8
2023-02-07,106,182,994,88.04,44.3
2023-02-07,107,169,773,91.53,33.2
2023-02-07,108,122,514,92.66,21.3
2023-02-08,101,86,479,89.06,20.1
2023-02-08,102,112,659,93.56,30.5
2023-02-08,103,101,417,92.78,32.1
2023-02-08,104,103,537,88.15,20.2
2023-02-08,105,106,470,90.22,32.4
2023-02-08,106,55,308,95.49,10.6
2023-02-08,107,58,339,99.84,10.7
2023-02-08,108,131,706,89.83,41.0
2023-02-09,101,62,275,94.39,16.7
2023-02-09,102,191,1092,93.44,43.6
2023-02-09,103,172,732,98.58,58.7
2023-02-09,104,125,508,85.95,42.0
2023-02-09,105,188,784,92.86,42.2
2023-02-09,106,121,652,88.58,31.0
2023-02-09,107,86,381,96.13,14.2
2023-02-09,108,130,535,98.51,32.9
2023-02-10,101,164,926,92.14,46.8
2023-02-10,102,140,802,96.73,35.6
2023-02-10,103,129,685,98.12,41.7
2023-02-10,104,62,351,90.37,17.7
2023-02-10,105,56,322,99.44,13.6
2023-02-10,106,80,452,89.53,17.4
2023-02-10,107,88,380,97.73,27.8
2023-02-10,108,61,244,91.42,16.7
2023-02-11,101,48,240,94.66,8.3
2023-02-11,102,44,220,95.54,11.4
2023-02-11,103,35,175,91.37,5.4
2023-02-11,104,33,165,86.71,6.1
2023-02-11,105,25,125,89.22,8.4
2023-02-11,106,43,215,97.17,14.6
2023-02-11,107,19,95,97.17,5.5
2023-02-11,108,50,250,92.12,13.7
2023-02-12,101,29,145,99.78,8.3
2023-02-12,102,52,260,92.56,8.5
2023-02-12,103,24,120,91.85,5.9
2023-02-12,104,32,160,82.01,5.8
2023-02-12,105,23,115,99.24,3.9
2023-02-12,106,26,130,94.27,8.2
2023-02-12,107,37,185,90.63,6.2
2023-02-12,108,39,195,95.79,8.0
2023-02-13,101,130,770,88.37,38.5
2023-02-13,102,96,464,95.6,22.0
2023-02-13,103,180,832,91.82,53.1
2023-02-13,104,113,648,90.58,29.7
2023-02-13,105,76,451,90.21,24.6
2023-02-13,106,102,439,93.4,26.1
2023-02-13,107,180,1006,91.5,59.8
2023-02-13,108,171,894,97.48,42.1
2023-02-14,101,66,344,90.95,17.3
2023-02-14,102,112,593,91.88,30.0
2023-02-14,103,121,559,93.42,18.4
2023-02-14,104,67,359,86.75,23.1
2023-02-14,105,81,430,97.01,27.6
2023-02-14,106,185,1007,96.92,33.1
2023-02-14,107,125,746,89.7,31.2
2023-02-14,108,135,596,92.12,41.2
2023-02-15,101,146,735,89.05,32.1
2023-02-15,102,126,523,92.72,22.2
2023-02-15,103,152,669,96.25,47.8
2023-02-15,104,155,671,83.25,43.0
2023-02-15,105,172,698,99.14,27.6
2023-02-15,106,90,487,98.36,26.4
2023-02-15,107,111,617,95.29,27.4
2023-02-15,108,133,679,95.11,40.8
2023-02-16,101,176,930,94.26,52.2
2023-02-16,102,61,274,89.9,19.8
2023-02-16,103,171,796,93.6,51.1
2023-02-16,104,168,817,82.52,30.6
2023-02-16,105,195,1034,91.95,50.4
2023-02-16,106,108,572,90.37,30.9
2023-02-16,107,142,686,90.42,45.2
2023-02-16,108,98,562,96.65,29.3
2023-02-17,101,197,1035,96.75,59.8
2023-02-17,102,99,567,94.89,23.5
2023-02-17,103,166,795,95.21,44.7
2023-02-17,104,55,292,93.91,11.4
2023-02-17,105,174,769,95.41,48.1
2023-02-17,106,192,858,97.23,44.4
2023-02-17,107,136,716,92.44,34.3
2023-02-17,108,86,490,93.86,17.2
2023-02-18,101,32,160,92.82,8.6
2023-02-18,102,39,195,95.06,7.1
2023-02-18,103,51,255,91.71,11.7
2023-02-18,104,16,80,85.9,4.9
2023-02-18,105,28,140,90.82,5.5
2023-02-18,106,17,85,88.87,3.1
2023-02-18,107,42,210,92.01,13.3
2023-02-18,108,15,75,93.35,4.0
2023-02-19,101,15,75,91.01,3.3
2023-02-19,102,23,115,88.44,6.8
2023-02-19,103,29,145,98.05,9.0
2023-02-19,104,48,240,92.42,9.2
2023-02-19,105,59,295,91.21,9.5
2023-02-19,106,25,125,99.15,3.9
2023-02-19,107,50,250,90.67,9.3
2023-02-19,108,32,160,91.76,8.0
2023-02-20,101,61,262,99.74,20.9
2023-02-20,102,92,371,91.85,31.7
2023-02-20,103,88,432,94.14,21.8
2023-02-20,104,87,372,82.36,18.4
2023-02-20,105,129,758,96.72,23.5
2023-02-20,106,134,561,96.0,32.0
2023-02-20,107,54,320,91.04,15.2
2023-02-20,108,168,989,96.13,41.9
2023-02-21,101,194,1098,98.29,58.9
2023-02-21,102,121,676,98.93,32.7
2023-02-21,103,80,425,92.69,22.4
2023-02-21,104,139,652,83.91,37.7
2023-02-21,105,112,666,92.84,36.3
2023-02-21,106,122,510,91.44,21.0
2023-02-21,107,147,706,91.89,41.7
2023-02-21,108,131,754,91.77,42.4
2023-02-22,101,178,754,94.48,26.9
2023-02-22,102,192,1010,95.26,50.4
2023-02-22,103,196,936,93.34,38.7
2023-02-22,104,84,374,82.88,22.7
2023-02-22,105,159,840,97.04,39.8
2023-02-22,106,134,767,94.18,32.9
2023-02-22,107,166,934,89.3,29.8
2023-02-22,108,97,500,94.35,26.3
2023-02-23,101,136,765,96.55,46.4
2023-02-23,102,70,307,88.09,19.6
2023-02-23,103,173,1022,95.79,39.1
2023-02-23,104,117,686,86.22,19.9
2023-02-23,105,174,910,94.22,49.4
2023-02-23,106,84,433,89.07,24.7
2023-02-23,107,51,231,92.92,8.9
2023-02-23,108,56,300,90.16,14.3
2023-02-24,101,120,550,97.44,22.4
2023-02-24,102,85,412,89.04,26.6
2023-02-24,103,169,853,89.34,25.4
2023-02-24,104,199,1122,92.61,38.9
2023-02-24,105,58,307,90.08,12.9
2023-02-24,106,121,670,94.62,24.3
2023-02-24,107,117,532,97.79,27.5
2023-02-24,108,138,578,95.42,33.2
2023-02-25,101,35,175,90.0,10.4
2023-02-25,102,50,250,94.37,9.3
2023-02-25,103,25,125,95.64,6.8
2023-02-25,104,18,90,84.78,4.1
2023-02-25,105,15,75,91.27,4.0
2023-02-25,106,58,290,92.81,13.7
2023-02-25,107,21,105,89.53,3.6
2023-02-25,108,45,225,94.88,9.2
2023-02-26,101,25,125,89.02,8.2
2023-02-26,102,54,270,92.77,12.1
2023-02-26,103,35,175,92.22,5.7
2023-02-26,104,29,145,91.98,8.2
2023-02-26,105,22,110,95.62,4.5
2023-02-26,106,29,145,96.09,5.7
2023-02-26,107,32,160,91.96,9.1
2023-02-26,108,15,75,92.32,5.2
2023-02-27,101,79,368,94.91,13.3
2023-02-27,102,126,664,96.98,23.2
2023-02-27,103,155,649,93.36,46.7
2023-02-27,104,194,892,93.77,47.5
2023-02-27,105,79,353,92.75,14.3
2023-02-27,106,54,295,97.15,10.7
2023-02-27,107,79,398,95.42,13.3
2023-02-27,108,81,344,97.83,24.8
2023-02-28,101,191,808,90.71,41.7
2023-02-28,102,154,642,99.15,40.2
2023-02-28,103,124,700,91.33,42.0
2023-02-28,104,104,449,91.44,27.6
2023-02-28,105,109,621,90.48,36.6
2023-02-28,106,91,462,95.47,25.9
2023-02-28,107,183,783,90.52,57.4
2023-02-28,108,192,922,90.06,55.5
2023-03-01,101,69,355,99.1,18.3
2023-03-01,102,103,476,95.22,18.3
2023-03-01,103,129,713,90.08,32.3
2023-03-01,104,183,785,86.41,29.9
2023-03-01,105,74,330,88.95,22.6
2023-03-01,106,177,861,91.71,44.5
2023-03-01,107,195,888,98.13,29.3
2023-03-01,108,92,482,95.74,16.6
2023-03-02,101,54,300,93.47,8.7
2023-03-02,102,60,330,95.37,12.6
2023-03-02,103,132,573,88.89,40.5
2023-03-02,104,164,714,90.3,44.9
2023-03-02,105,53,317,97.69,14.5
2023-03-02,106,101,439,95.8,32.3
2023-03-02,107,112,625,92.82,31.5
2023-03-02,108,56,282,93.73,10.4
2023-03-03,101,135,800,90.96,23.9
2023-03-03,102,198,799,91.09,59.8
2023-03-03,103,107,468,95.37,23.0
2023-03-03,104,131,540,82.51,29.4
2023-03-03,105,188,922,98.05,31.9
2023-03-03,106,75,319,98.29,14.9
2023-03-03,107,131,648,92.47,30.0
2023-03-03,108,91,506,98.62,31.0
2023-03-04,101,19,95,95.84,6.4
2023-03-04,102,53,265,93.21,10.6
2023-03-04,103,17,85,99.07,3.4
2023-03-04,104,21,105,91.9,5.2
2023-03-04,105,17,85,98.65,4.7
2023-03-04,106,38,190,98.58,9.1
2023-03-04,107,35,175,96.78,8.8
2023-03-04,108,45,225,88.57,7.1
2023-03-05,101,40,200,96.52,6.6
2023-03-05,102,19,95,99.38,5.7
2023-03-05,103,32,160,93.5,11.1
2023-03-05,104,57,285,93.31,17.5
2023-03-05,105,30,150,90.07,5.1
2023-03-05,106,42,210,97.88,6.9
2023-03-05,107,56,280,88.25,9.3
2023-03-05,108,39,195,91.52,11.8
2023-03-06,101,122,581,90.45,21.3
2023-03-06,102,175,791,88.82,59.8
2023-03-06,103,168,686,99.53,52.0
2023-03-06,104,189,935,83.37,46.7
2023-03-06,105,144,725,95.34,26.1
2023-03-06,106,59,275,99.04,11.5
2023-03-06,107,108,550,92.62,19.7
2023-03-06,108,81,404,88.15,28.2
2023-03-07,101,171,963,98.25,54.6
2023-03-07,102,67,353,90.63,23.2
2023-03-07,103,95,518,97.24,26.7
2023-03-07,104,135,743,85.23,34.8
2023-03-07,105,62,268,89.57,18.3
2023-03-07,106,76,450,93.81,13.7
2023-03-07,107,93,508,94.45,24.9
2023-03-07,108,52,238,94.72,15.0
2023-03-08,101,88,453,98.44,20.8
2023-03-08,102,185,910,88.11,36.9
2023-03-08,103,54,311,91.31,10.2
2023-03-08,104,113,632,84.45,29.5
2023-03-08,105,177,996,95.32,50.9
2023-03-08,106,161,896,94.6,24.3
2023-03-08,107,139,789,97.91,21.2
2023-03-08,108,170,1005,92.38,36.6
2023-03-09,101,119,684,99.86,26.6
2023-03-09,102,174,919,97.29,33.7
2023-03-09,103,86,458,88.02,16.0
2023-03-09,104,87,377,84.18,19.8
2023-03-09,105,66,341,93.72,18.4
2023-03-09,106,129,574,96.37,20.7
2023-03-09,107,73,390,97.58,14.9
2023-03-09,108,109,506,95.57,19.6
2023-03-10,101,158,867,99.69,30.3
2023-03-10,102,149,750,93.24,26.7
2023-03-10,103,162,788,89.05,31.4
2023-03-10,104,96,575,93.2,26.7
2023-03-10,105,194,1023,93.9,36.0
2023-03-10,106,192,925,97.99,43.5
2023-03-10,107,186,1097,90.41,48.9
2023-03-10,108,187,873,88.31,29.0
2023-03-11,101,50,250,91.25,12.7
2023-03-11,102,47,235,97.31,7.6
2023-03-11,103,25,125,93.11,8.1
2023-03-11,104,42,210,87.54,10.3
2023-03-11,105,59,295,93.45,14.5
2023-03-11,106,35,175,95.51,5.6
2023-03-11,107,26,130,93.91,6.2
2023-03-11,108,31,155,88.08,5.0
2023-03-12,101,32,160,89.56,7.4
2023-03-12,102,39,195,95.82,13.3
2023-03-12,103,47,235,88.53,7.4
2023-03-12,104,55,275,84.96,18.2
2023-03-12,105,50,250,99.6,11.2
2023-03-12,106,46,230,98.05,9.4
2023-03-12,107,36,180,93.8,5.6
2023-03-12,108,39,195,95.37,10.2
2023-03-13,101,70,354,92.89,15.4
2023-03-13,102,176,787,96.72,45.7
2023-03-13,103,192,1106,92.68,60.6
2023-03-13,104,169,763,90.77,58.5
2023-03-13,105,131,561,96.63,24.7
2023-03-13,106,98,482,99.57,26.6
2023-03-13,107,166,738,90.99,53.1
2023-03-13,108,82,413,89.37,26.4
2023-03-14,101,92,380,96.42,23.8
2023-03-14,102,147,730,89.97,49.9
2023-03-14,103,161,713,89.16,51.9
2023-03-14,104,174,956,85.49,53.5
2023-03-14,105,87,488,93.46,14.0
2023-03-14,106,112,559,92.04,36.3
2023-03-14,107,176,970,96.97,27.0
2023-03-14,108,128,737,98.36,25.3
2023-03-15,101,107,588,94.64,27.9
2023-03-15,102,180,1047,94.41,44.9
2023-03-15,103,55,260,93.38,12.6
2023-03-15,104,196,956,84.35,36.7
2023-03-15,105,57,260,97.43,15.1
2023-03-15,106,134,619,95.65,25.3
2023-03-15,107,153,771,93.33,40.0
2023-03-15,108,179,829,98.2,59.3
2023-03-16,101,163,707,94.03,43.9
2023-03-16,102,57,329,95.79,10.3
2023-03-16,103,53,296,99.52,17.0
2023-03-16,104,186,1042,88.06,63.9
2023-03-16,105,112,556,89.46,33.0
2023-03-16,106,53,317,99.66,14.9
2023-03-16,107,177,712,94.66,45.2
2023-03-16,108,74,417,90.5,16.7
2023-03-17,101,58,327,94.44,16.9
2023-03-17,102,170,840,97.78,41.1
2023-03-17,103,180,1036,94.25,35.8
2023-03-17,104,83,389,87.4,24.9
2023-03-17,105,72,377,92.19,22.9
2023-03-17,106,188,1069,91.02,29.4
2023-03-17,107,174,931,91.87,50.0
2023-03-17,108,96,417,98.18,18.8
2023-03-18,101,40,200,88.92,8.7
2023-03-18,102,28,140,91.63,5.4
2023-03-18,103,31,155,91.62,8.7
2023-03-18,104,57,285,92.84,11.2
2023-03-18,105,55,275,97.38,15.6
2023-03-18,106,49,245,98.8,13.9
2023-03-18,107,42,210,92.64,9.5
2023-03-18,108,57,285,98.29,14.8
2023-03-19,101,25,125,92.91,7.8
2023-03-19,102,39,195,88.21,9.1
2023-03-19,103,18,90,98.93,3.7
2023-03-19,104,39,195,93.67,12.3
2023-03-19,105,20,100,97.58,3.1
2023-03-19,106,36,180,95.39,9.4
2023-03-19,107,51,255,97.87,10.5
2023-03-19,108,57,285,90.6,9.9
2023-03-20,101,79,323,94.75,16.3
2023-03-20,102,191,992,91.54,40.1
2023-03-20,103,90,368,98.74,28.8
2023-03-20,104,154,717,86.08,53.6
2023-03-20,105,65,291,97.46,10.2
2023-03-20,106,84,380,97.39,22.2
2023-03-20,107,198,817,97.89,53.4
2023-03-20,108,186,992,97.87,60.6
2023-03-21,101,114,461,96.26,19.0
2023-03-21,102,125,616,89.64,27.3
2023-03-21,103,101,493,95.22,27.9
2023-03-21,104,69,384,89.68,19.7
2023-03-21,105,141,593,92.58,34.9
2023-03-21,106,135,610,91.23,33.0
2023-03-21,107,154,771,95.55,25.3
2023-03-21,108,194,791,95.19,64.3
2023-03-22,101,173,854,93.36,42.3
2023-03-22,102,148,650,95.27,30.5
2023-03-22,103,105,544,94.39,33.7
2023-03-22,104,162,718,82.44,27.8
2023-03-22,105,139,684,93.22,26.9
2023-03-22,106,155,710,99.09,35.6
2023-03-22,107,86,392,97.74,22.0
2023-03-22,108,108,541,98.4,26.9
2023-03-23,101,60,245,93.36,20.2
2023-03-23,102,94,450,93.02,21.8
2023-03-23,103,158,824,91.68,49.7
2023-03-23,104,152,898,90.66,49.0
2023-03-23,105,136,739,97.87,21.5
2023-03-23,106,133,714,89.36,30.2
2023-03-23,107,176,937,89.1,47.4
2023-03-23,108,133,771,92.81,28.5
2023-03-24,101,90,529,95.96,25.7
2023-03-24,102,100,518,88.12,27.7
2023-03-24,103,167,706,89.84,30.8
2023-03-24,104,166,963,82.8,42.6
2023-03-24,105,89,501,96.27,22.8
2023-03-24,106,114,475,92.75,37.9
2023-03-24,107,111,568,92.08,32.8
2023-03-24,108,87,495,96.24,20.5
2023-03-25,101,44,220,88.92,11.4
2023-03-25,102,51,255,95.02,10.0
2023-03-25,103,24,120,97.79,7.7
2023-03-25,104,38,190,91.11,6.5
2023-03-25,105,37,185,94.93,8.3
2023-03-25,106,31,155,88.33,7.1
2023-03-25,107,24,120,89.99,5.7
2023-03-25,108,31,155,97.07,10.5
2023-03-26,101,20,100,88.3,5.6
2023-03-26,102,52,260,95.09,8.9
2023-03-26,103,33,165,95.21,7.4
2023-03-26,104,49,245,88.96,12.8
2023-03-26,105,24,120,96.19,4.3
2023-03-26,106,35,175,90.72,12.1
2023-03-26,107,34,170,99.47,7.7
2023-03-26,108,46,230,92.62,8.4
2023-03-27,101,99,458,89.75,24.5
2023-03-27,102,171,723,99.38,36.4
2023-03-27,103,136,664,99.84,35.2
2023-03-27,104,78,356,93.53,17.8
2023-03-27,105,158,938,97.21,54.7
2023-03-27,106,98,496,90.0,19.5
2023-03-27,107,136,663,91.6,27.5
2023-03-27,108,100,435,94.04,28.5
2023-03-28,101,70,415,94.64,15.4
2023-03-28,102,141,728,99.9,25.4
2023-03-28,103,147,731,92.78,51.3
2023-03-28,104,131,687,88.83,35.9
2023-03-28,105,134,575,98.15,39.2
2023-03-28,106,167,744,99.47,55.4
2023-03-28,107,60,282,93.46,9.5
2023-03-28,108,188,958,88.69,53.8
2023-03-29,101,95,386,99.54,32.3
2023-03-29,102,97,406,96.98,24.1
2023-03-29,103,151,761,94.7,36.0
2023-03-29,104,131,640,89.23,35.1
2023-03-29,105,184,1087,90.39,31.6
2023-03-29,106,165,661,95.62,34.6
2023-03-29,107,121,499,98.51,29.0
2023-03-29,108,62,368,90.63,18.4
2023-03-30,101,163,807,96.18,48.0
2023-03-30,102,103,520,95.53,28.7
2023-03-30,103,84,371,99.39,12.7
2023-03-30,104,68,299,93.94,11.4
2023-03-30,105,79,318,96.78,25.0
2023-03-30,106,50,206,88.07,16.9
2023-03-30,107,177,994,98.52,51.3
2023-03-30,108,153,734,96.61,31.5
2023-03-31,101,53,255,88.79,11.6
2023-03-31,102,52,273,94.87,15.1
2023-03-31,103,94,555,94.22,19.7
2023-03-31,104,194,970,91.53,56.5
2023-03-31,105,115,476,92.79,24.0
2023-03-31,106,83,378,97.56,27.9
2023-03-31,107,175,793,88.26,46.7
2023-03-31,108,88,391,95.62,30.4
2023-04-01,101,21,105,90.55,4.9
2023-04-01,102,22,110,89.46,7.2
2023-04-01,103,21,105,98.32,5.1
2023-04-01,104,30,150,82.86,8.6
2023-04-01,105,18,90,93.51,3.5
2023-04-01,106,30,150,97.57,7.8
2023-04-01,107,15,75,89.7,4.6
2023-04-01,108,18,90,93.91,3.7
2023-04-02,101,39,195,97.8,11.5
2023-04-02,102,46,230,96.91,9.8
2023-04-02,103,42,210,88.56,8.6
2023-04-02,104,26,130,92.75,6.9
2023-04-02,105,17,85,88.05,3.4
2023-04-02,106,51,255,88.98,17.1
2023-04-02,107,51,255,92.29,10.4
2023-04-02,108,44,220,98.8,14.9
2023-04-03,101,132,768,92.49,45.3
2023-04-03,102,194,1042,93.88,44.1
2023-04-03,103,169,904,89.66,33.9
2023-04-03,104,62,270,85.34,10.9
2023-04-03,105,74,340,89.25,22.7
2023-04-03,106,189,1133,89.25,47.2
2023-04-03,107,152,760,93.15,36.7
2023-04-03,108,195,1027,97.17,29.4
2023-04-04,101,62,299,97.78,19.8
2023-04-04,102,65,308,98.35,19.2
2023-04-04,103,149,797,95.23,31.1
2023-04-04,104,57,302,90.86,12.1
2023-04-04,105,198,1062,93.57,52.6
2023-04-04,106,70,320,92.38,11.3
2023-04-04,107,167,929,94.47,28.4
2023-04-04,108,123,495,92.51,26.7
2023-04-05,101,130,552,92.92,32.3
2023-04-05,102,160,745,98.78,32.5
2023-04-05,103,78,384,99.47,19.8
2023-04-05,104,114,527,91.29,34.7
2023-04-05,105,153,652,98.2,40.6
2023-04-05,106,183,891,91.95,40.0
2023-04-05,107,104,523,92.14,23.3
2023-04-05,108,65,333,95.89,16.9
2023-04-06,101,160,856,94.51,50.6
2023-04-06,102,94,450,91.6,15.3
2023-04-06,103,147,765,93.63,23.8
2023-04-06,104,53,313,93.31,16.3
2023-04-06,105,145,768,95.67,38.0
2023-04-06,106,71,335,90.68,13.4
2023-04-06,107,155,897,98.08,33.0
2023-04-06,108,132,566,97.65,36.6
2023-04-07,101,144,770,91.09,31.5
2023-04-07,102,101,472,96.63,26.0
2023-04-07,103,75,322,88.09,20.7
2023-04-07,104,103,497,85.62,31.1
2023-04-07,105,110,648,99.45,30.2
2023-04-07,106,111,623,93.47,28.8
2023-04-07,107,190,934,94.67,61.3
2023-04-07,108,57,251,88.59,18.2
2023-04-08,101,37,185,97.44,11.9
2023-04-08,102,35,175,89.3,9.7
2023-04-08,103,29,145,92.84,9.9
2023-04-08,104,37,185,85.11,8.8
2023-04-08,105,20,100,90.1,3.9
2023-04-08,106,54,270,90.26,16.7
2023-04-08,107,32,160,92.22,9.3
2023-04-08,108,27,135,94.21,9.3
2023-04-09,101,17,85,89.92,4.2
2023-04-09,102,43,215,91.69,8.4
2023-04-09,103,26,130,97.3,8.9
2023-04-09,104,40,200,92.26,10.8
2023-04-09,105,36,180,97.33,8.1
2023-04-09,106,45,225,98.09,13.3
2023-04-09,107,42,210,91.02,8.4
2023-04-09,108,42,210,93.72,11.9
2023-04-10,101,59,342,89.83,20.5
2023-04-10,102,83,496,88.53,25.1
2023-04-10,103,116,555,96.98,38.7
2023-04-10,104,162,791,85.31,44.5
2023-04-10,105,165,787,94.83,38.5
2023-04-10,106,163,946,98.44,56.2
2023-04-10,107,136,681,90.63,21.5
2023-04-10,108,171,1011,89.76,48.9
2023-04-11,101,117,604,93.2,31.1
2023-04-11,102,148,688,97.99,26.5
2023-04-11,103,96,557,98.07,22.1
2023-04-11,104,181,1021,92.67,46.9
2023-04-11,105,158,818,90.22,34.2
2023-04-11,106,152,617,95.57,33.9
2023-04-11,107,171,1005,94.03,39.7
2023-04-11,108,73,412,88.57,21.6
2023-04-12,101,73,343,97.81,18.5
2023-04-12,102,165,800,88.45,29.0
2023-04-12,103,111,562,95.03,18.0
2023-04-12,104,119,489,93.68,23.2
2023-04-12,105,134,617,90.74,20.1
2023-04-12,106,96,420,91.69,28.4
2023-04-12,107,190,920,91.6,40.9
2023-04-12,108,74,333,91.23,13.0
2023-04-13,101,172,1031,92.83,33.4
2023-04-13,102,71,339,95.03,20.0
2023-04-13,103,108,521,96.97,16.6
2023-04-13,104,58,263,89.54,14.3
2023-04-13,105,66,343,91.53,19.3
2023-04-13,106,198,1013,97.29,57.8
2023-04-13,107,100,473,99.1,31.6
2023-04-13,108,153,667,89.17,47.5
2023-04-14,101,171,933,98.25,35.0
2023-04-14,102,122,572,91.99,42.2
2023-04-14,103,52,220,97.1,14.8
2023-04-14,104,158,931,87.96,35.7
2023-04-14,105,64,320,92.61,21.2
2023-04-14,106,162,656,97.98,24.7
2023-04-14,107,107,559,98.04,18.1
2023-04-14,108,108,540,96.4,27.7
2023-04-15,101,39,195,93.11,8.3
2023-04-15,102,38,190,98.27,7.1
2023-04-15,103,33,165,96.5,11.2
2023-04-15,104,38,190,83.58,12.3
2023-04-15,105,59,295,96.06,16.2
2023-04-15,106,15,75,98.37,4.3
2023-04-15,107,36,180,90.98,9.9
2023-04-15,108,48,240,97.91,15.9
2023-04-16,101,36,180,88.62,9.4
2023-04-16,102,52,260,92.65,9.8
2023-04-16,103,56,280,95.39,12.1
2023-04-16,104,31,155,92.54,8.4
2023-04-16,105,50,250,97.33,10.4
2023-04-16,106,48,240,91.97,13.7
2023-04-16,107,51,255,88.67,11.5
2023-04-16,108,24,120,95.64,6.8
2023-04-17,101,128,541,97.29,39.3
2023-04-17,102,197,897,91.29,46.6
2023-04-17,103,106,426,93.36,36.6
2023-04-17,104,115,683,83.36,26.5
2023-04-17,105,131,708,93.03,28.7
2023-04-17,106,120,543,90.44,29.6
2023-04-17,107,51,233,95.82,17.5
2023-04-17,108,88,382,99.01,14.4
2023-04-18,101,90,376,95.13,24.7
2023-04-18,102,160,817,95.64,46.5
2023-04-18,103,183,823,96.04,53.3
2023-04-18,104,97,501,88.31,19.4
2023-04-18,105,51,292,99.27,8.7
2023-04-18,106,59,308,90.54,19.9
2023-04-18,107,198,872,94.99,57.5
2023-04-18,108,74,303,95.47,16.8
2023-04-19,101,56,252,93.36,19.1
2023-04-19,102,122,692,90.24,34.7
2023-04-19,103,194,969,96.84,41.8
2023-04-19,104,134,781,87.21,27.0
2023-04-19,105,142,713,93.22,49.6
2023-04-19,106,141,736,95.59,28.0
2023-04-19,107,88,387,98.44,26.2
2023-04-19,108,96,389,92.24,14.7
2023-04-20,101,92,413,88.74,22.2
2023-04-20,102,111,578,96.01,18.5
2023-04-20,103,97,452,98.53,22.0
2023-04-20,104,112,569,84.4,30.6
2023-04-20,105,114,513,99.75,23.7
2023-04-20,106,122,538,97.52,26.4
2023-04-20,107,77,448,98.23,12.1
2023-04-20,108,134,646,98.4,37.2
2023-04-21,101,163,863,99.14,26.5
2023-04-21,102,147,735,97.34,39.7
2023-04-21,103,53,274,92.85,12.9
2023-04-21,104,137,802,83.26,41.5
2023-04-21,105,170,768,89.9,31.0
2023-04-21,106,182,1014,99.22,54.5
2023-04-21,107,158,893,93.31,49.2
2023-04-21,108,178,822,90.97,45.0
2023-04-22,101,21,105,91.03,6.3
2023-04-22,102,51,255,97.86,15.7
2023-04-22,103,31,155,90.57,9.7
2023-04-22,104,54,270,85.92,11.9
2023-04-22,105,46,230,91.23,9.0
2023-04-22,106,48,240,89.22,11.0
2023-04-22,107,47,235,93.99,8.9
2023-04-22,108,50,250,97.45,16.3
2023-04-23,101,37,185,98.22,11.1
2023-04-23,102,31,155,88.16,6.5
2023-04-23,103,40,200,90.13,11.6
2023-04-23,104,48,240,83.41,8.8
2023-04-23,105,45,225,98.27,11.5
2023-04-23,106,47,235,94.13,8.6
2023-04-23,107,24,120,92.11,5.6
2023-04-23,108,51,255,92.22,8.7
2023-04-24,101,77,355,89.99,15.3
2023-04-24,102,176,786,90.61,60.2
2023-04-24,103,121,722,92.94,36.4
2023-04-24,104,68,364,86.94,20.4
2023-04-24,105,147,709,98.36,40.6
2023-04-24,106,97,505,89.39,21.1
2023-04-24,107,177,1055,94.1,30.6
2023-04-24,108,75,434,90.43,18.9
2023-04-25,101,102,566,95.27,32.8
2023-04-25,102,180,921,95.48,51.8
2023-04-25,103,173,997,96.7,50.1
2023-04-25,104,105,595,91.86,33.5
2023-04-25,105,157,732,97.42,37.7
2023-04-25,106,132,744,92.81,32.6
2023-04-25,107,188,780,92.62,58.4
2023-04-25,108,177,780,88.8,57.6
2023-04-26,101,153,908,88.79,42.8
2023-04-26,102,131,622,97.57,31.0
2023-04-26,103,172,702,93.31,28.2
2023-04-26,104,113,589,90.48,25.4
2023-04-26,105,109,593,95.82,31.8
2023-04-26,106,140,666,97.89,44.6
2023-04-26,107,186,745,97.57,56.6
2023-04-26,108,97,400,97.12,25.9
2023-04-27,101,150,756,92.17,42.8
2023-04-27,102,148,790,95.38,44.2
2023-04-27,103,120,638,92.13,27.4
2023-04-27,104,194,876,89.26,45.9
2023-04-27,105,139,803,94.89,38.4
2023-04-27,106,125,618,96.53,25.5
2023-04-27,107,57,295,90.21,15.4
2023-04-27,108,179,868,98.8,45.0
2023-04-28,101,129,535,96.28,29.2
2023-04-28,102,139,681,99.41,32.8
2023-04-28,103,111,597,91.14,37.5
2023-04-28,104,110,511,85.23,20.7
2023-04-28,105,171,779,95.79,53.8
2023-04-28,106,123,654,97.7,37.6
2023-04-28,107,72,429,97.36,21.9
2023-04-28,108,133,629,93.14,20.8
2023-04-29,101,33,165,91.14,7.7
2023-04-29,102,43,215,90.9,11.2
2023-04-29,103,50,250,98.21,15.3
2023-04-29,104,31,155,84.41,7.8
2023-04-29,105,45,225,95.93,7.6
2023-04-29,106,17,85,90.96,4.5
2023-04-29,107,26,130,89.13,9.1
2023-04-29,108,27,135,99.11,8.4
2023-04-30,101,33,165,98.21,11.5
2023-04-30,102,43,215,88.48,10.0
2023-04-30,103,48,240,99.44,15.8
2023-04-30,104,59,295,91.4,15.5
2023-04-30,105,29,145,91.72,4.4
2023-04-30,106,48,240,96.4,10.2
2023-04-30,107,44,220,99.17,10.3
2023-04-30,108,52,260,94.98,13.8
2023-05-01,101,110,580,96.72,31.4
2023-05-01,102,110,525,90.72,29.6
2023-05-01,103,188,1101,92.07,48.0
2023-05-01,104,108,533,87.32,26.9
2023-05-01,105,162,797,99.19,40.6
2023-05-01,106,81,397,96.03,23.1
2023-05-01,107,169,994,89.99,42.3
2023-05-01,108,108,582,95.72,22.1
2023-05-02,101,132,725,97.64,30.7
2023-05-02,102,153,827,93.42,43.4
2023-05-02,103,142,837,88.72,40.8
2023-05-02,104,168,729,87.44,40.5
2023-05-02,105,69,408,94.38,17.1
2023-05-02,106,143,824,94.96,45.3
2023-05-02,107,115,671,94.94,30.9
2023-05-02,108,92,377,88.38,21.6
2023-05-03,101,177,926,90.93,51.0
2023-05-03,102,56,280,99.62,16.1
2023-05-03,103,137,790,89.49,26.0
2023-05-03,104,86,498,89.47,29.6
2023-05-03,105,57,335,97.23,10.0
2023-05-03,106,173,715,99.61,54.2
2023-05-03,107,113,653,91.64,29.4
2023-05-03,108,147,608,90.51,28.8
2023-05-04,101,69,283,99.21,11.4
2023-05-04,102,64,274,99.58,19.3
2023-05-04,103,89,376,88.1,16.1
2023-05-04,104,188,874,85.59,36.9
2023-05-04,105,109,616,92.35,24.1
2023-05-04,106,62,255,90.51,19.3
2023-05-04,107,131,613,98.29,23.7
2023-05-04,108,71,352,91.6,18.7
2023-05-05,101,145,625,93.69,44.4
2023-05-05,102,177,759,95.43,36.2
2023-05-05,103,136,566,93.47,28.7
2023-05-05,104,106,575,85.38,23.6
2023-05-05,105,71,386,94.83,20.1
2023-05-05,106,194,1110,91.74,50.0
2023-05-05,107,62,370,98.59,13.9
2023-05-05,108,131,647,95.81,34.3
2023-05-06,101,26,130,97.97,5.8
2023-05-06,102,29,145,92.84,6.3
2023-05-06,103,41,205,94.11,13.6
2023-05-06,104,47,235,93.42,8.7
2023-05-06,105,37,185,94.89,9.2
2023-05-06,106,43,215,92.79,14.8
2023-05-06,107,36,180,92.43,10.2
2023-05-06,108,50,250,90.2,10.3
2023-05-07,101,54,270,90.18,17.0
2023-05-07,102,59,295,95.19,15.7
2023-05-07,103,36,180,92.42,11.1
2023-05-07,104,24,120,91.57,5.4
2023-05-07,105,37,185,94.63,11.8
2023-05-07,106,35,175,90.08,10.0
2023-05-07,107,24,120,90.6,7.8
2023-05-07,108,52,260,91.13,7.8
2023-05-08,101,176,915,88.64,39.7
2023-05-08,102,130,559,93.45,28.6
2023-05-08,103,66,302,90.82,22.4
2023-05-08,104,72,329,84.49,14.2
2023-05-08,105,62,306,93.55,18.7
2023-05-08,106,65,339,97.05,16.4
2023-05-08,107,79,473,97.16,18.1
2023-05-08,108,143,708,96.03,43.3
2023-05-09,101,161,753,94.08,44.0
2023-05-09,102,157,785,88.6,24.6
2023-05-09,103,106,516,97.99,19.3
2023-05-09,104,124,607,84.85,19.8
2023-05-09,105,185,843,90.06,41.8
2023-05-09,106,91,435,96.93,15.9
2023-05-09,107,66,291,94.62,21.2
2023-05-09,108,105,501,88.79,16.2
2023-05-10,101,103,430,91.37,24.1
2023-05-10,102,137,556,99.44,38.8
2023-05-10,103,132,696,95.11,37.0
2023-05-10,104,77,438,93.37,25.2
2023-05-10,105,117,549,98.86,25.5
2023-05-10,106,62,249,96.52,18.1
2023-05-10,107,132,610,92.05,21.9
2023-05-10,108,77,348,92.09,24.4
2023-05-11,101,163,954,88.74,27.5
2023-05-11,102,193,1046,91.25,42.1
2023-05-11,103,74,431,90.25,11.2
2023-05-11,104,167,889,91.01,50.2
2023-05-11,105,59,256,91.5,10.2
2023-05-11,106,76,312,88.08,14.6
2023-05-11,107,93,448,92.79,30.4
2023-05-11,108,133,733,91.51,27.9
2023-05-12,101,161,731,90.27,30.1
2023-05-12,102,171,890,98.27,53.8
2023-05-12,103,165,755,93.86,34.6
2023-05-12,104,95,500,89.0,21.7
2023-05-12,105,119,690,92.09,35.3
2023-05-12,106,140,820,97.77,36.9
2023-05-12,107,89,427,91.89,13.5
2023-05-12,108,110,611,89.17,18.2
2023-05-13,101,25,125,89.41,8.7
2023-05-13,102,42,210,90.69,13.8
2023-05-13,103,15,75,96.79,2.3
2023-05-13,104,23,115,92.36,4.5
2023-05-13,105,41,205,97.39,12.3
2023-05-13,106,52,260,97.74,18.0
2023-05-13,107,45,225,99.54,10.6
2023-05-13,108,24,120,88.63,6.9
2023-05-14,101,21,105,90.7,5.7
2023-05-14,102,34,170,89.64,9.8
2023-05-14,103,59,295,96.87,9.8
2023-05-14,104,44,220,86.21,9.8
2023-05-14,105,19,95,91.91,3.6
2023-05-14,106,58,290,97.93,12.9
2023-05-14,107,16,80,94.73,3.0
2023-05-14,108,36,180,97.62,11.3
2023-05-15,101,76,422,91.28,14.5
2023-05-15,102,109,461,99.11,31.3
2023-05-15,103,75,440,91.71,15.0
2023-05-15,104,108,573,93.65,28.3
2023-05-15,105,63,358,90.67,12.5
2023-05-15,106,192,1003,99.17,54.2
2023-05-15,107,130,688,90.75,37.2
2023-05-15,108,171,969,97.69,46.6
2023-05-16,101,194,1124,99.45,46.3
2023-05-16,102,190,962,94.4,39.1
2023-05-16,103,117,598,88.35,38.8
2023-05-16,104,181,875,84.02,59.0
2023-05-16,105,80,335,91.78,27.5
2023-05-16,106,94,533,88.6,22.8
2023-05-16,107,152,801,95.49,35.1
2023-05-16,108,195,796,97.29,44.8
2023-05-17,101,147,830,89.74,46.5
2023-05-17,102,183,1077,90.82,31.4
2023-05-17,103,142,827,90.99,45.3
2023-05-17,104,171,859,85.7,45.2
2023-05-17,105,161,928,94.66,50.8
2023-05-17,106,92,548,99.49,21.1
2023-05-17,107,90,397,98.2,28.3
2023-05-17,108,84,495,92.76,25.8
2023-05-18,101,60,294,97.28,21.0
2023-05-18,102,125,664,96.19,21.8
2023-05-18,103,122,532,95.41,23.7
2023-05-18,104,96,479,93.0,29.3
2023-05-18,105,161,786,97.49,47.5
2023-05-18,106,107,500,97.58,17.2
2023-05-18,107,148,770,89.94,29.1
2023-05-18,108,60,339,99.28,12.7
2023-05-19,101,175,1003,99.02,40.9
2023-05-19,102,103,456,93.0,15.6
2023-05-19,103,139,819,97.3,29.6
2023-05-19,104,97,523,86.37,25.5
2023-05-19,105,179,738,94.37,47.1
2023-05-19,106,121,702,92.46,31.5
2023-05-19,107,173,839,97.91,53.8
2023-05-19,108,169,763,89.04,28.4
2023-05-20,101,25,125,93.36,5.4
2023-05-20,102,37,185,91.42,7.6
2023-05-20,103,18,90,96.95,2.9
2023-05-20,104,51,255,91.11,15.1
2023-05-20,105,57,285,92.7,14.6
2023-05-20,106,20,100,90.57,3.8
2023-05-20,107,22,110,98.84,5.7
2023-05-20,108,22,110,91.19,4.9
2023-05-21,101,59,295,89.49,10.9
2023-05-21,102,44,220,94.96,9.6
2023-05-21,103,24,120,90.3,6.7
2023-05-21,104,44,220,92.63,14.5
2023-05-21,105,36,180,90.74,8.4
2023-05-21,106,35,175,98.41,10.8
2023-05-21,107,59,295,96.01,18.6
2023-05-21,108,39,195,88.54,11.0
2023-05-22,101,124,585,95.99,25.3
2023-05-22,102,83,336,93.29,20.8
2023-05-22,103,117,696,97.45,33.0
2023-05-22,104,134,768,85.47,32.6
2023-05-22,105,115,559,93.31,31.5
2023-05-22,106,66,330,95.67,10.2
2023-05-22,107,156,711,89.54,26.5
2023-05-22,108,120,483,97.74,19.0
2023-05-23,101,141,618,95.76,43.2
2023-05-23,102,179,931,94.09,29.0
2023-05-23,103,89,372,99.47,15.8
2023-05-23,104,76,394,89.24,21.8
2023-05-23,105,109,436,92.5,19.5
2023-05-23,106,145,645,96.24,28.5
2023-05-23,107,126,670,95.76,25.2
2023-05-23,108,71,301,96.35,12.3
2023-05-24,101,129,604,93.69,43.3
2023-05-24,102,122,601,88.16,20.3
2023-05-24,103,69,342,97.25,19.6
2023-05-24,104,179,953,93.58,28.7
2023-05-24,105,61,316,89.97,9.5
2023-05-24,106,198,819,89.07,53.5
2023-05-24,107,191,1069,98.27,34.4
2023-05-24,108,85,508,96.65,26.1
2023-05-25,101,149,776,91.66,47.3
2023-05-25,102,197,1160,91.52,29.6
2023-05-25,103,172,716,99.0,37.0
2023-05-25,104,189,878,89.98,49.4
2023-05-25,105,95,405,89.12,30.0
2023-05-25,106,93,492,89.23,21.4
2023-05-25,107,153,700,91.56,50.2
2023-05-25,108,80,371,94.6,14.4
2023-05-26,101,81,461,99.4,21.3
2023-05-26,102,78,325,94.53,17.6
2023-05-26,103,118,563,90.86,19.9
2023-05-26,104,136,566,91.96,47.0
2023-05-26,105,103,591,99.85,27.5
2023-05-26,106,176,819,91.64,40.6
2023-05-26,107,133,713,91.75,23.5
2023-05-26,108,180,985,95.93,31.3
2023-05-27,101,47,235,91.06,14.6
2023-05-27,102,20,100,96.69,5.5
2023-05-27,103,57,285,96.02,17.3
2023-05-27,104,30,150,87.9,9.3
2023-05-27,105,27,135,90.34,4.7
2023-05-27,106,27,135,94.23,5.6
2023-05-27,107,27,135,91.31,8.2
2023-05-27,108,26,130,99.61,6.4
2023-05-28,101,18,90,95.59,5.7
2023-05-28,102,26,130,94.23,5.3
2023-05-28,103,54,270,91.0,11.4
2023-05-28,104,34,170,93.72,8.8
2023-05-28,105,30,150,96.69,6.7
2023-05-28,106,18,90,98.8,6.3
2023-05-28,107,56,280,96.35,14.6
2023-05-28,108,30,150,98.84,4.6
2023-05-29,101,137,801,99.6,43.4
2023-05-29,102,103,480,96.04,23.6
2023-05-29,103,98,524,91.66,22.0
2023-05-29,104,72,333,88.96,15.8
2023-05-29,105,103,508,88.91,18.9
2023-05-29,106,84,446,99.87,20.2
2023-05-29,107,142,815,93.38,49.3
2023-05-29,108,151,720,95.85,36.0
2023-05-30,101,113,635,99.19,31.6
2023-05-30,102,123,609,95.16,32.8
2023-05-30,103,101,464,89.93,28.8
2023-05-30,104,53,289,84.51,8.6
2023-05-30,105,50,204,92.33,8.5
2023-05-30,106,57,267,97.56,14.7
2023-05-30,107,172,921,95.05,30.9
2023-05-30,108,65,332,98.35,14.6
2023-05-31,101,66,333,91.8,16.1
2023-05-31,102,181,796,91.75,55.8
2023-05-31,103,61,345,97.32,12.5
2023-05-31,104,50,232,93.85,10.8
2023-05-31,105,183,996,88.48,42.3
2023-05-31,106,150,726,99.85,22.8
2023-05-31,107,82,352,97.35,22.4
2023-05-31,108,186,1069,88.15,36.3
2023-06-01,101,166,810,95.66,37.5
2023-06-01,102,67,348,98.74,15.2
2023-06-01,103,157,643,97.76,49.5
2023-06-01,104,162,811,82.82,31.4
2023-06-01,105,176,926,97.33,47.5
2023-06-01,106,104,467,98.31,19.0
2023-06-01,107,168,832,88.25,52.7
2023-06-01,108,91,415,97.96,23.5
2023-06-02,101,171,711,93.26,31.2
2023-06-02,102,132,723,90.91,35.6
2023-06-02,103,189,906,94.09,46.6
2023-06-02,104,185,840,84.33,45.3
2023-06-02,105,134,542,94.58,34.0
2023-06-02,106,58,296,99.42,9.3
2023-06-02,107,64,355,97.79,21.2
2023-06-02,108,162,857,88.54,54.9
2023-06-03,101,47,235,93.41,11.3
2023-06-03,102,29,145,90.02,5.1
2023-06-03,103,48,240,96.1,8.8
2023-06-03,104,21,105,93.87,6.0
2023-06-03,105,22,110,89.7,5.0
2023-06-03,106,38,190,91.4,10.8
2023-06-03,107,33,165,95.98,9.2
2023-06-03,108,48,240,92.92,13.5
2023-06-04,101,35,175,90.11,5.9
2023-06-04,102,34,170,99.52,8.8
2023-06-04,103,21,105,91.75,4.8
2023-06-04,104,18,90,84.03,2.9
2023-06-04,105,39,195,97.49,11.1
2023-06-04,106,28,140,93.65,9.4
2023-06-04,107,48,240,95.47,13.4
2023-06-04,108,58,290,99.81,11.5
2023-06-05,101,63,356,90.67,14.5
2023-06-05,102,100,547,95.29,15.3
2023-06-05,103,68,317,96.7,15.9
2023-06-05,104,82,464,91.65,26.5
2023-06-05,105,86,463,89.67,20.1
2023-06-05,106,129,690,95.36,34.0
2023-06-05,107,199,849,96.04,45.6
2023-06-05,108,95,382,96.69,25.1
2023-06-06,101,75,436,99.8,14.4
2023-06-06,102,164,875,93.76,38.3
2023-06-06,103,126,653,94.85,23.0
2023-06-06,104,106,466,85.78,20.7
2023-06-06,105,137,751,88.3,30.3
2023-06-06,106,99,404,96.32,21.4
2023-06-06,107,158,762,90.33,39.9
2023-06-06,108,94,467,89.58,19.0
2023-06-07,101,166,684,96.26,31.0
2023-06-07,102,107,429,93.91,22.2
2023-06-07,103,87,363,91.79,14.9
2023-06-07,104,52,226,87.66,8.8
2023-06-07,105,195,1058,92.3,34.1
2023-06-07,106,84,486,90.34,13.0
2023-06-07,107,175,901,98.6,47.1
2023-06-07,108,196,1100,95.28,41.0
2023-06-08,101,122,627,90.15,24.9
2023-06-08,102,153,687,91.65,39.9
2023-06-08,103,183,947,88.8,57.9
2023-06-08,104,88,479,91.27,25.8
2023-06-08,105,67,305,92.76,20.9
2023-06-08,106,64,305,98.28,13.6
2023-06-08,107,181,820,91.96,47.3
2023-06-08,108,118,580,94.72,33.3
2023-06-09,101,51,287,88.23,15.2
2023-06-09,102,144,614,95.6,30.8
2023-06-09,103,58,247,88.01,19.2
2023-06-09,104,91,520,88.0,25.9
2023-06-09,105,123,716,88.48,31.1
2023-06-09,106,105,615,95.38,32.6
2023-06-09,107,134,786,91.61,41.1
2023-06-09,108,138,593,91.91,22.2
2023-06-10,101,53,265,99.49,12.5
2023-06-10,102,46,230,96.64,10.3
2023-06-10,103,44,220,93.09,12.3
2023-06-10,104,35,175,84.79,8.1
2023-06-10,105,52,260,90.36,15.9
2023-06-10,106,46,230,92.41,13.8
2023-06-10,107,25,125,98.07,4.7
2023-06-10,108,45,225,95.63,7.0
2023-06-11,101,29,145,88.74,7.2
2023-06-11,102,36,180,88.98,9.7
2023-06-11,103,39,195,98.42,8.2
2023-06-11,104,16,80,92.29,4.8
2023-06-11,105,16,80,96.21,5.4
2023-06-11,106,23,115,91.91,3.7
2023-06-11,107,37,185,94.08,6.4
2023-06-11,108,23,115,97.55,7.4
2023-06-12,101,127,621,89.0,36.4
2023-06-12,102,152,836,97.66,51.6
2023-06-12,103,108,605,99.74,29.1
2023-06-12,104,105,555,89.5,29.2
2023-06-12,105,153,875,99.42,29.6
2023-06-12,106,136,589,97.95,35.3
2023-06-12,107,112,609,94.08,30.3
2023-06-12,108,182,1085,99.1,61.3
2023-06-13,101,148,840,95.99,42.8
2023-06-13,102,144,829,96.63,24.8
2023-06-13,103,99,456,91.88,16.3
2023-06-13,104,76,407,89.58,15.5
2023-06-13,105,180,946,98.28,31.8
2023-06-13,106,145,748,99.85,48.2
2023-06-13,107,62,368,92.39,13.7
2023-06-13,108,170,738,89.99,41.2
2023-06-14,101,87,358,92.72,21.3
2023-06-14,102,150,798,95.08,35.0
2023-06-14,103,134,646,97.73,44.1
2023-06-14,104,99,524,87.03,23.9
2023-06-14,105,179,1049,95.86,53.6
2023-06-14,106,130,778,93.18,43.4
2023-06-14,107,65,308,94.79,16.0
2023-06-14,108,115,460,98.89,36.7
2023-06-15,101,71,400,96.96,21.1
2023-06-15,102,146,795,99.05,34.5
2023-06-15,103,181,909,92.15,40.7
2023-06-15,104,81,439,84.81,24.3
2023-06-15,105,119,501,90.77,35.7
2023-06-15,106,105,551,88.97,25.2
2023-06-15,107,162,791,96.04,40.8
2023-06-15,108,128,709,95.99,20.0
2023-06-16,101,147,723,99.77,36.3
2023-06-16,102,155,794,91.33,47.5
2023-06-16,103,117,700,98.2,19.8
2023-06-16,104,198,1003,92.31,42.6
2023-06-16,105,91,406,97.74,19.8
2023-06-16,106,121,558,90.87,23.8
2023-06-16,107,132,641,88.73,25.7
2023-06-16,108,111,527,98.42,36.7
2023-06-17,101,27,135,89.27,9.2
2023-06-17,102,48,240,96.44,16.7
2023-06-17,103,26,130,91.81,4.8
2023-06-17,104,47,235,92.99,13.8
2023-06-17,105,50,250,89.47,8.2
2023-06-17,106,25,125,97.05,4.0
2023-06-17,107,40,200,94.48,6.6
2023-06-17,108,53,265,90.94,17.1
2023-06-18,101,51,255,98.16,7.8
2023-06-18,102,38,190,89.38,12.1
2023-06-18,103,19,95,97.75,6.2
2023-06-18,104,36,180,88.04,11.7
2023-06-18,105,38,190,93.3,10.2
2023-06-18,106,15,75,89.99,3.2
2023-06-18,107,56,280,97.48,16.7
2023-06-18,108,39,195,95.89,6.8
2023-06-19,101,107,446,92.49,24.9
2023-06-19,102,72,424,90.5,14.6
2023-06-19,103,76,357,88.51,14.1
2023-06-19,104,118,505,91.16,20.3
2023-06-19,105,136,712,93.69,33.4
2023-06-19,106,84,441,90.28,15.1
2023-06-19,107,120,692,95.44,37.4
2023-06-19,108,184,1037,94.69,52.3
2023-06-20,101,55,259,89.77,14.8
2023-06-20,102,198,943,89.57,37.5
2023-06-20,103,100,528,95.15,28.9
2023-06-20,104,64,353,90.55,12.1
2023-06-20,105,179,851,94.16,41.6
2023-06-20,106,138,740,88.3,39.7
2023-06-20,107,123,670,92.29,20.6
2023-06-20,108,90,374,89.75,18.9
2023-06-21,101,194,865,98.1,44.5
2023-06-21,102,111,624,92.08,19.1
2023-06-21,103,99,587,90.45,29.5
2023-06-21,104,198,967,85.39,32.9
2023-06-21,105,194,851,89.98,64.7
2023-06-21,106,131,576,98.59,22.7
2023-06-21,107,181,1068,96.78,48.8
2023-06-21,108,156,641,91.74,39.0
2023-06-22,101,68,283,93.8,19.6
2023-06-22,102,141,740,97.87,26.5
2023-06-22,103,91,464,91.56,21.5
2023-06-22,104,112,610,91.56,35.5
2023-06-22,105,101,563,95.16,22.0
2023-06-22,106,149,835,98.06,34.1
2023-06-22,107,98,395,88.74,22.3
2023-06-22,108,141,738,93.72,39.8
2023-06-23,101,127,646,90.43,26.5
2023-06-23,102,75,304,92.53,12.8
2023-06-23,103,117,635,99.39,27.5
2023-06-23,104,79,363,93.55,20.3
2023-06-23,105,127,572,93.32,22.2
2023-06-23,106,97,388,88.47,33.5
2023-06-23,107,128,597,92.61,22.7
2023-06-23,108,179,770,96.66,48.3
2023-06-24,101,18,90,96.34,5.8
2023-06-24,102,38,190,94.83,8.3
2023-06-24,103,54,270,93.92,10.0
2023-06-24,104,20,100,85.93,6.3
2023-06-24,105,49,245,92.68,12.0
2023-06-24,106,29,145,94.95,5.6
2023-06-24,107,30,150,89.05,9.2
2023-06-24,108,35,175,90.16,8.3
2023-06-25,101,51,255,96.8,15.7
2023-06-25,102,17,85,95.56,3.2
2023-06-25,103,19,95,94.17,5.7
2023-06-25,104,51,255,88.72,16.4
2023-06-25,105,52,260,93.18,17.7
2023-06-25,106,18,90,96.28,3.4
2023-06-25,107,50,250,91.08,8.0
2023-06-25,108,51,255,89.21,15.7
2023-06-26,101,164,814,88.68,30.3
2023-06-26,102,147,699,95.34,50.6
2023-06-26,103,68,397,97.07,18.2
2023-06-26,104,185,861,87.85,28.7
2023-06-26,105,189,941,94.29,41.0
2023-06-26,106,102,556,97.68,20.6
2023-06-26,107,85,354,93.19,23.9
2023-06-26,108,135,690,92.13,45.4
2023-06-27,101,136,680,91.9,40.5
2023-06-27,102,93,430,98.14,14.7
2023-06-27,103,183,934,96.81,45.2
2023-06-27,104,59,315,86.05,11.0
2023-06-27,105,106,474,93.75,25.0
2023-06-27,106,106,520,98.06,18.3
2023-06-27,107,123,616,97.15,20.0
2023-06-27,108,75,369,97.42,17.3
2023-06-28,101,175,834,96.56,45.4
2023-06-28,102,82,466,91.12,19.2
2023-06-28,103,133,651,94.87,35.1
2023-06-28,104,159,747,89.41,52.0
2023-06-28,105,102,428,97.12,35.0
2023-06-28,106,62,334,91.39,17.1
2023-06-28,107,143,709,97.02,29.5
2023-06-28,108,114,477,92.99,19.7
2023-06-29,101,67,390,95.26,17.4
2023-06-29,102,62,287,90.62,15.7
2023-06-29,103,125,726,96.85,32.1
2023-06-29,104,51,205,86.73,16.3
2023-06-29,105,65,264,96.88,20.2
2023-06-29,106,64,368,95.72,21.1
2023-06-29,107,126,572,91.76,40.2
2023-06-29,108,176,939,92.79,36.9
2023-06-30,101,192,838,97.0,47.0
2023-06-30,102,60,323,99.24,20.9
2023-06-30,103,134,661,89.76,46.5
2023-06-30,104,172,758,91.23,40.4
2023-06-30,105,129,724,91.78,19.6
2023-06-30,106,139,783,98.53,23.3
2023-06-30,107,61,293,95.55,16.7
2023-06-30,108,148,631,99.13,44.4
2023-07-01,101,46,230,93.81,14.4
2023-07-01,102,37,185,99.16,7.6
2023-07-01,103,24,120,90.56,6.6
2023-07-01,104,45,225,93.15,8.6
2023-07-01,105,51,255,90.8,10.8
2023-07-01,106,39,195,90.88,7.4
2023-07-01,107,15,75,98.93,2.4
2023-07-01,108,25,125,99.62,5.6
2023-07-02,101,45,225,93.17,14.6
2023-07-02,102,58,290,96.82,15.0
2023-07-02,103,51,255,91.88,15.4
2023-07-02,104,15,75,87.87,2.7
2023-07-02,105,23,115,90.72,3.7
2023-07-02,106,35,175,91.44,7.8
2023-07-02,107,43,215,92.22,9.9
2023-07-02,108,42,210,98.3,11.1
2023-07-03,101,139,722,95.91,32.5
2023-07-03,102,108,520,94.01,16.4
2023-07-03,103,175,713,92.38,60.5
2023-07-03,104,100,502,92.28,24.3
2023-07-03,105,129,654,96.54,30.8
2023-07-03,106,162,674,98.27,39.9
2023-07-03,107,98,413,88.36,28.9
2023-07-03,108,93,409,97.83,24.3
2023-07-04,101,65,326,91.46,15.9
2023-07-04,102,126,668,95.32,23.3
2023-07-04,103,149,809,99.58,28.4
2023-07-04,104,166,774,93.28,36.3
2023-07-04,105,59,289,91.92,9.5
2023-07-04,106,171,841,96.45,59.3
2023-07-04,107,198,830,96.57,40.9
2023-07-04,108,134,741,88.94,21.4
2023-07-05,101,107,456,93.57,29.0
2023-07-05,102,112,513,94.69,19.3
2023-07-05,103,146,749,97.42,50.7
2023-07-05,104,157,750,92.65,51.6
2023-07-05,105,70,412,88.68,23.5
2023-07-05,106,165,809,91.32,56.4
2023-07-05,107,169,835,91.86,57.5
2023-07-05,108,68,327,99.89,10.9
2023-07-06,101,70,334,93.33,20.7
2023-07-06,102,104,431,89.37,33.7
2023-07-06,103,161,948,91.99,42.5
2023-07-06,104,136,760,89.5,45.9
2023-07-06,105,184,945,95.26,62.3
2023-07-06,106,122,491,91.07,29.3
2023-07-06,107,149,819,90.54,48.2
2023-07-06,108,130,749,89.15,20.9
2023-07-07,101,78,347,94.47,22.5
2023-07-07,102,195,815,95.95,34.4
2023-07-07,103,79,438,90.03,17.9
2023-07-07,104,128,519,84.88,20.0
2023-07-07,105,76,355,97.64,15.0
2023-07-07,106,158,791,91.1,24.0
2023-07-07,107,152,763,93.3,52.2
2023-07-07,108,76,411,95.79,24.7
2023-07-08,101,39,195,98.33,10.4
2023-07-08,102,36,180,92.63,6.3
2023-07-08,103,55,275,98.32,10.9
2023-07-08,104,25,125,88.6,6.3
2023-07-08,105,15,75,97.97,3.2
2023-07-08,106,59,295,91.17,10.3
2023-07-08,107,52,260,88.61,8.3
2023-07-08,108,41,205,89.65,12.3
2023-07-09,101,43,215,93.84,9.2
2023-07-09,102,27,135,91.68,9.3
2023-07-09,103,58,290,97.27,14.8
2023-07-09,104,47,235,93.8,9.3
2023-07-09,105,33,165,88.03,10.6
2023-07-09,106,50,250,88.09,12.4
2023-07-09,107,28,140,96.8,5.4
2023-07-09,108,27,135,96.18,8.4
2023-07-10,101,150,738,90.59,26.5
2023-07-10,102,123,521,88.82,30.3
2023-07-10,103,194,1016,94.48,34.0
2023-07-10,104,137,613,84.56,31.8
2023-07-10,105,186,824,92.36,42.4
2023-07-10,106,53,304,92.98,12.7
2023-07-10,107,150,620,91.77,30.5
2023-07-10,108,157,763,89.09,47.0
2023-07-11,101,190,896,96.18,40.4
2023-07-11,102,148,780,99.82,45.2
2023-07-11,103,115,535,96.25,34.9
2023-07-11,104,160,683,92.35,50.1
2023-07-11,105,189,1030,96.25,65.7
2023-07-11,106,90,378,94.77,23.1
2023-07-11,107,146,699,93.13,38.5
2023-07-11,108,84,415,91.97,22.3
2023-07-12,101,120,521,94.51,35.1
2023-07-12,102,116,475,90.77,28.8
2023-07-12,103,115,673,89.48,32.3
2023-07-12,104,189,806,93.13,61.1
2023-07-12,105,174,801,95.39,36.6
2023-07-12,106,133,562,95.66,42.1
2023-07-12,107,98,518,93.45,25.1
2023-07-12,108,67,353,88.97,15.9
2023-07-13,101,113,575,89.59,32.6
2023-07-13,102,131,581,89.23,35.0
2023-07-13,103,147,845,94.29,35.8
2023-07-13,104,108,628,87.23,19.0
2023-07-13,105,197,1034,88.9,34.0
2023-07-13,106,177,865,98.7,31.3
2023-07-13,107,102,578,96.45,17.6
2023-07-13,108,186,1090,98.21,34.2
2023-07-14,101,88,527,91.14,18.1
2023-07-14,102,165,875,99.88,27.2
2023-07-14,103,70,337,92.14,10.8
2023-07-14,104,160,846,89.77,28.1
2023-07-14,105,152,841,96.95,40.7
2023-07-14,106,100,419,88.76,26.9
2023-07-14,107,118,674,93.52,36.2
2023-07-14,108,59,268,92.74,19.8
2023-07-15,101,35,175,98.88,12.1
2023-07-15,102,54,270,92.23,15.5
2023-07-15,103,41,205,96.51,8.3
2023-07-15,104,36,180,86.12,10.2
2023-07-15,105,57,285,88.47,15.4
2023-07-15,106,28,140,98.6,6.7
2023-07-15,107,31,155,93.88,10.0
2023-07-15,108,41,205,90.91,9.6
2023-07-16,101,56,280,92.19,13.4
2023-07-16,102,33,165,91.97,6.6
2023-07-16,103,40,200,97.04,6.4
2023-07-16,104,32,160,89.27,8.8
2023-07-16,105,42,210,94.5,7.1
2023-07-16,106,56,280,94.93,10.5
2023-07-16,107,39,195,90.25,9.0
2023-07-16,108,36,180,94.99,11.5
2023-07-17,101,129,651,89.3,24.6
2023-07-17,102,166,772,92.16,44.7
2023-07-17,103,139,678,91.1,44.2
2023-07-17,104,121,663,90.1,23.1
2023-07-17,105,154,654,89.55,43.9
2023-07-17,106,166,869,88.92,41.9
2023-07-17,107,174,978,94.89,47.6
2023-07-17,108,115,476,95.86,35.9
2023-07-18,101,199,1093,98.13,41.2
2023-07-18,102,114,460,93.14,17.9
2023-07-18,103,154,667,96.48,28.5
2023-07-18,104,94,547,84.54,16.8
2023-07-18,105,84,499,90.65,16.1
2023-07-18,106,108,571,90.77,19.6
2023-07-18,107,60,339,93.87,19.9
2023-07-18,108,118,567,99.71,24.6
2023-07-19,101,152,883,88.66,48.1
2023-07-19,102,88,513,91.16,29.0
2023-07-19,103,150,884,90.45,40.9
2023-07-19,104,181,921,90.21,34.0
2023-07-19,105,126,579,90.24,26.6
2023-07-19,106,103,481,94.84,26.1
2023-07-19,107,132,738,89.68,23.2
2023-07-19,108,156,852,98.0,40.4
2023-07-20,101,117,684,97.78,25.8
2023-07-20,102,195,989,96.06,55.9
2023-07-20,103,152,613,89.22,28.0
2023-07-20,104,66,381,88.83,20.9
2023-07-20,105,98,424,96.23,27.9
2023-07-20,106,108,580,90.69,19.0
2023-07-20,107,51,214,97.29,16.9
2023-07-20,108,193,945,93.82,37.4
2023-07-21,101,61,281,97.07,20.6
2023-07-21,102,123,723,99.34,24.3
2023-07-21,103,149,856,91.23,22.5
2023-07-21,104,163,887,85.09,47.9
2023-07-21,105,128,608,95.46,22.9
2023-07-21,106,124,657,92.82,33.4
2023-07-21,107,113,462,94.9,37.6
2023-07-21,108,69,389,99.89,13.3
2023-07-22,101,50,250,95.89,17.2
2023-07-22,102,25,125,89.0,7.6
2023-07-22,103,54,270,89.62,18.7
2023-07-22,104,55,275,82.74,16.3
2023-07-22,105,34,170,89.19,6.9
2023-07-22,106,54,270,90.42,10.9
2023-07-22,107,55,275,92.07,19.0
2023-07-22,108,35,175,92.95,6.4
2023-07-23,101,27,135,89.64,4.3
2023-07-23,102,53,265,88.83,8.6
2023-07-23,103,33,165,96.66,10.1
2023-07-23,104,43,215,87.96,13.7
2023-07-23,105,32,160,88.75,8.7
2023-07-23,106,31,155,90.07,6.9
2023-07-23,107,23,115,88.84,5.1
2023-07-23,108,31,155,91.57,4.9
2023-07-24,101,106,597,93.14,32.8
2023-07-24,102,98,565,92.89,26.5
2023-07-24,103,152,884,89.84,41.9
2023-07-24,104,95,502,85.33,22.8
2023-07-24,105,174,807,94.02,31.8
2023-07-24,106,122,534,96.54,34.5
2023-07-24,107,124,685,89.71,18.8
2023-07-24,108,89,468,93.18,22.7
2023-07-25,101,82,400,96.71,16.1
2023-07-25,102,72,343,90.12,15.9
2023-07-25,103,155,814,97.88,36.1
2023-07-25,104,71,388,82.35,18.3
2023-07-25,105,146,726,90.43,40.2
2023-07-25,106,193,1043,94.04,46.0
2023-07-25,107,179,1044,97.53,43.0
2023-07-25,108,195,1008,93.86,36.8
2023-07-26,101,119,673,93.51,29.4
2023-07-26,102,189,994,94.46,33.2
2023-07-26,103,153,642,95.41,36.6
2023-07-26,104,58,251,86.88,19.4
2023-07-26,105,100,586,89.49,22.6
2023-07-26,106,169,965,92.27,46.7
2023-07-26,107,196,826,99.49,36.3
2023-07-26,108,182,1079,91.44,44.8
2023-07-27,101,178,951,95.31,58.5
2023-07-27,102,126,632,88.29,29.2
2023-07-27,103,73,348,96.72,20.9
2023-07-27,104,78,349,85.38,18.1
2023-07-27,105,91,532,92.36,15.5
2023-07-27,106,113,519,91.2,39.5
2023-07-27,107,80,452,89.74,14.6
2023-07-27,108,127,696,88.38,22.1
2023-07-28,101,139,805,95.42,24.6
2023-07-28,102,114,547,99.27,26.4
2023-07-28,103,93,462,98.68,30.8
2023-07-28,104,180,1017,91.5,34.2
2023-07-28,105,118,540,99.33,18.9
2023-07-28,106,143,686,99.7,36.8
2023-07-28,107,60,257,88.17,15.8
2023-07-28,108,51,271,97.79,7.8
2023-07-29,101,40,200,93.47,10.0
2023-07-29,102,26,130,95.94,4.6
2023-07-29,103,51,255,97.11,12.6
2023-07-29,104,34,170,89.78,6.3
2023-07-29,105,18,90,90.54,4.9
2023-07-29,106,31,155,99.45,7.9
2023-07-29,107,16,80,94.96,3.3
2023-07-29,108,54,270,95.41,18.2
2023-07-30,101,35,175,93.41,10.5
2023-07-30,102,19,95,89.06,4.4
2023-07-30,103,47,235,88.01,16.1
2023-07-30,104,48,240,92.5,8.4
2023-07-30,105,53,265,95.33,18.1
2023-07-30,106,19,95,90.78,5.3
2023-07-30,107,36,180,98.4,6.3
2023-07-30,108,16,80,92.97,2.5
2023-07-31,101,104,504,89.91,30.2
2023-07-31,102,63,325,88.94,11.9
2023-07-31,103,72,361,99.31,18.5
2023-07-31,104,69,356,91.56,15.1
2023-07-31,105,82,464,92.8,17.8
2023-07-31,106,66,385,98.81,17.9
2023-07-31,107,83,387,89.27,16.4
2023-07-31,108,134,564,97.26,24.7
2023-08-01,101,176,778,96.21,57.3
2023-08-01,102,65,331,92.24,15.6
2023-08-01,103,66,288,93.92,13.5
2023-08-01,104,115,477,89.97,22.7
2023-08-01,105,152,710,94.71,29.0
2023-08-01,106,75,422,96.13,14.0
2023-08-01,107,171,830,90.25,35.3
2023-08-01,108,66,332,90.79,11.5
2023-08-02,101,73,429,99.62,16.4
2023-08-02,102,81,329,89.51,27.0
2023-08-02,103,186,989,99.77,37.8
2023-08-02,104,155,783,84.42,26.7
2023-08-02,105,60,336,97.36,15.1
2023-08-02,106,136,575,95.0,38.5
2023-08-02,107,78,396,88.92,12.0
2023-08-02,108,64,337,96.32,11.0
2023-08-03,101,108,605,93.55,24.0
2023-08-03,102,172,942,89.4,51.8
2023-08-03,103,99,401,92.8,34.5
2023-08-03,104,188,969,88.48,30.1
2023-08-03,105,127,636,96.09,24.2
2023-08-03,106,187,1018,89.62,59.3
2023-08-03,107,165,759,90.96,37.0
2023-08-03,108,53,218,93.36,10.1
2023-08-04,101,150,794,91.6,36.3
2023-08-04,102,130,737,94.09,33.2
2023-08-04,103,116,668,94.8,25.1
2023-08-04,104,192,995,84.52,33.3
2023-08-04,105,191,772,97.55,58.8
2023-08-04,106,164,685,91.06,27.6
2023-08-04,107,169,893,97.31,57.0
2023-08-04,108,73,327,98.02,14.0
2023-08-05,101,51,255,88.02,16.8
2023-08-05,102,56,280,95.74,9.4
2023-08-05,103,42,210,99.03,10.4
2023-08-05,104,21,105,90.18,6.9
2023-08-05,105,30,150,92.77,6.6
2023-08-05,106,16,80,89.25,3.3
2023-08-05,107,36,180,92.36,8.1
2023-08-05,108,25,125,97.5,7.3
2023-08-06,101,42,210,97.63,9.5
2023-08-06,102,30,150,89.44,10.4
2023-08-06,103,47,235,92.64,12.5
2023-08-06,104,34,170,88.01,7.7
2023-08-06,105,59,295,89.89,13.0
2023-08-06,106,45,225,98.32,14.8
2023-08-06,107,47,235,90.63,13.9
2023-08-06,108,17,85,97.01,4.6
2023-08-07,101,97,424,88.13,16.3
2023-08-07,102,74,364,90.07,16.1
2023-08-07,103,153,647,92.62,24.1
2023-08-07,104,77,410,92.04,14.9
2023-08-07,105,187,924,94.18,35.2
2023-08-07,106,51,209,98.28,11.1
2023-08-07,107,172,808,99.05,28.1
2023-08-07,108,150,786,95.22,48.0
2023-08-08,101,176,995,94.7,53.2
2023-08-08,102,82,400,89.69,14.0
2023-08-08,103,57,338,93.38,10.2
2023-08-08,104,103,590,92.58,22.7
2023-08-08,105,95,383,96.37,14.7
2023-08-08,106,98,424,94.73,24.6
2023-08-08,107,141,667,94.26,44.0
2023-08-08,108,66,381,93.76,19.5
2023-08-09,101,58,271,90.31,15.2
2023-08-09,102,134,558,96.15,39.1
2023-08-09,103,190,967,92.28,31.6
2023-08-09,104,59,314,85.78,16.9
2023-08-09,105,187,767,88.45,54.9
2023-08-09,106,167,757,93.02,28.2
2023-08-09,107,105,455,90.26,25.4
2023-08-09,108,79,421,89.25,22.5
2023-08-10,101,151,853,92.97,24.9
2023-08-10,102,71,342,96.3,14.5
2023-08-10,103,152,765,88.45,40.1
2023-08-10,104,155,758,87.37,52.9
2023-08-10,105,147,865,96.02,24.0
2023-08-10,106,194,986,95.49,39.1
2023-08-10,107,192,831,93.99,60.7
2023-08-10,108,189,988,90.29,51.3
2023-08-11,101,63,278,88.47,18.8
2023-08-11,102,80,471,88.64,13.7
2023-08-11,103,190,961,88.33,37.9
2023-08-11,104,120,630,88.69,35.8
2023-08-11,105,86,487,93.08,24.1
2023-08-11,106,101,555,96.25,35.2
2023-08-11,107,161,824,98.1,38.4
2023-08-11,108,155,756,94.53,47.9
2023-08-12,101,48,240,98.39,7.8
2023-08-12,102,20,100,94.22,3.1
2023-08-12,103,26,130,94.09,8.8
2023-08-12,104,41,205,84.5,7.8
2023-08-12,105,58,290,89.49,12.3
2023-08-12,106,56,280,97.22,16.6
2023-08-12,107,16,80,99.76,3.9
2023-08-12,108,33,165,96.69,7.5
2023-08-13,101,41,205,91.19,11.0
2023-08-13,102,40,200,96.74,8.0
2023-08-13,103,51,255,94.13,15.6
2023-08-13,104,59,295,88.63,10.2
2023-08-13,105,28,140,96.49,5.6
2023-08-13,106,20,100,88.39,5.4
2023-08-13,107,37,185,95.41,8.7
2023-08-13,108,51,255,94.57,16.2
2023-08-14,101,171,831,91.81,56.7
2023-08-14,102,184,758,96.58,36.1
2023-08-14,103,162,733,96.16,55.0
2023-08-14,104,187,930,90.43,59.9
2023-08-14,105,111,651,97.12,31.3
2023-08-14,106,187,915,97.48,48.5
2023-08-14,107,83,457,95.4,21.4
2023-08-14,108,89,461,93.74,24.4
2023-08-15,101,132,784,89.34,26.9
2023-08-15,102,88,380,91.3,14.4
2023-08-15,103,120,578,90.59,41.2
2023-08-15,104,86,497,86.94,15.4
2023-08-15,105,142,625,88.95,34.8
2023-08-15,106,60,244,95.83,12.4
2023-08-15,107,190,1084,96.13,30.5
2023-08-15,108,129,741,88.36,21.7
2023-08-16,101,177,931,96.89,34.0
2023-08-16,102,106,457,90.69,20.4
2023-08-16,103,65,347,98.8,19.2
2023-08-16,104,173,980,86.38,55.1
2023-08-16,105,90,522,99.02,13.7
2023-08-16,106,120,702,98.33,30.0
2023-08-16,107,156,767,95.22,29.3
2023-08-16,108,162,829,92.0,41.1
2023-08-17,101,176,940,90.86,52.6
2023-08-17,102,188,877,94.21,50.2
2023-08-17,103,101,456,88.31,20.9
2023-08-17,104,194,796,91.06,66.2
2023-08-17,105,102,529,95.23,23.5
2023-08-17,106,135,581,92.24,39.1
2023-08-17,107,167,797,93.0,43.8
2023-08-17,108,63,273,95.58,21.7
2023-08-18,101,65,267,92.48,21.8
2023-08-18,102,180,1037,99.21,53.6
2023-08-18,103,173,865,93.21,37.7
2023-08-18,104,190,778,84.29,58.5
2023-08-18,105,177,770,96.27,48.4
2023-08-18,106,162,890,91.24,28.1
2023-08-18,107,194,949,94.55,65.7
2023-08-18,108,170,841,91.07,53.3
2023-08-19,101,44,220,99.15,9.3
2023-08-19,102,21,105,89.03,5.7
2023-08-19,103,25,125,88.43,4.3
2023-08-19,104,21,105,89.95,5.6
2023-08-19,105,38,190,93.97,11.2
2023-08-19,106,45,225,92.84,11.1
2023-08-19,107,46,230,97.13,15.8
2023-08-19,108,18,90,92.11,5.4
2023-08-20,101,56,280,97.73,14.6
2023-08-20,102,57,285,94.24,15.8
2023-08-20,103,53,265,95.26,10.7
2023-08-20,104,17,85,87.4,5.1
2023-08-20,105,15,75,95.16,4.3
2023-08-20,106,31,155,91.19,7.2
2023-08-20,107,49,245,96.62,9.2
2023-08-20,108,31,155,98.22,5.2
2023-08-21,101,195,950,92.86,46.0
2023-08-21,102,133,643,90.99,28.5
2023-08-21,103,91,496,94.66,20.2
2023-08-21,104,179,854,91.55,37.8
2023-08-21,105,117,545,96.86,21.1
2023-08-21,106,79,360,95.69,25.6
2023-08-21,107,73,413,94.8,19.8
2023-08-21,108,75,306,91.11,24.4
2023-08-22,101,124,710,91.68,35.8
2023-08-22,102,103,488,92.19,26.6
2023-08-22,103,187,1043,90.59,53.4
2023-08-22,104,143,653,87.79,42.0
2023-08-22,105,178,838,97.63,37.2
2023-08-22,106,169,927,92.51,35.6
2023-08-22,107,83,473,97.5,16.9
2023-08-22,108,149,663,92.04,37.2
2023-08-23,101,199,882,89.55,30.4
2023-08-23,102,183,764,93.21,35.9
2023-08-23,103,65,360,88.9,20.5
2023-08-23,104,174,903,83.08,37.8
2023-08-23,105,174,1030,97.61,42.1
2023-08-23,106,131,526,92.96,23.7
2023-08-23,107,86,440,99.23,13.0
2023-08-23,108,137,805,90.04,23.7
2023-08-24,101,77,406,98.16,22.9
2023-08-24,102,91,487,88.88,31.7
2023-08-24,103,118,539,94.64,24.9
2023-08-24,104,120,521,93.55,22.2
2023-08-24,105,183,941,99.89,37.9
2023-08-24,106,98,509,95.16,16.0
2023-08-24,107,111,645,99.6,21.8
2023-08-24,108,128,579,91.42,32.3
2023-08-25,101,100,457,96.77,24.1
2023-08-25,102,131,678,89.65,30.8
2023-08-25,103,70,350,91.76,20.7
2023-08-25,104,187,1039,93.29,60.3
2023-08-25,105,82,418,97.83,17.3
2023-08-25,106,114,480,96.19,23.0
2023-08-25,107,77,456,91.72,13.1
2023-08-25,108,162,679,94.9,44.6
2023-08-26,101,44,220,94.37,13.5
2023-08-26,102,39,195,96.8,9.2
2023-08-26,103,59,295,94.72,11.0
2023-08-26,104,23,115,82.65,6.5
2023-08-26,105,29,145,93.68,5.1
2023-08-26,106,54,270,94.37,18.2
2023-08-26,107,54,270,96.45,13.3
2023-08-26,108,24,120,99.61,8.2
2023-08-27,101,35,175,90.79,5.7
2023-08-27,102,24,120,90.54,6.8
2023-08-27,103,36,180,99.09,6.0
2023-08-27,104,30,150,85.88,10.1
2023-08-27,105,35,175,89.86,7.8
2023-08-27,106,51,255,95.98,10.6
2023-08-27,107,59,295,98.89,10.8
2023-08-27,108,36,180,96.87,9.1
2023-08-28,101,159,697,92.95,38.1
2023-08-28,102,119,493,90.7,40.0
2023-08-28,103,194,1043,95.17,33.3
2023-08-28,104,124,678,93.9,34.2
2023-08-28,105,105,610,99.4,17.4
2023-08-28,106,72,390,91.75,15.2
2023-08-28,107,122,721,93.99,20.3
2023-08-28,108,134,626,91.91,27.7
2023-08-29,101,161,706,90.27,48.9
2023-08-29,102,154,619,88.89,39.6
2023-08-29,103,175,1030,99.09,33.5
2023-08-29,104,94,534,87.79,26.5
2023-08-29,105,78,457,92.56,19.4
2023-08-29,106,103,434,89.37,32.0
2023-08-29,107,74,329,90.37,11.7
2023-08-29,108,52,235,88.62,10.2
2023-08-30,101,194,1086,92.49,64.1
2023-08-30,102,188,1100,95.72,42.5
2023-08-30,103,185,988,94.32,31.4
2023-08-30,104,143,839,82.58,27.5
2023-08-30,105,133,765,94.54,37.4
2023-08-30,106,53,280,96.31,14.7
2023-08-30,107,151,801,94.09,27.4
2023-08-30,108,137,807,93.65,29.2
2023-08-31,101,115,574,91.69,35.9
2023-08-31,102,191,1021,88.56,50.3
2023-08-31,103,194,1118,89.75,56.7
2023-08-31,104,96,387,91.03,23.5
2023-08-31,105,57,238,93.57,18.7
2023-08-31,106,127,645,96.06,36.9
2023-08-31,107,98,496,92.76,33.4
2023-08-31,108,64,367,93.02,18.4
2023-09-01,101,143,675,95.86,34.9
2023-09-01,102,95,489,95.65,30.4
2023-09-01,103,124,537,92.51,27.4
2023-09-01,104,137,558,84.33,35.3
2023-09-01,105,121,569,91.88,29.6
2023-09-01,106,182,884,93.6,33.0
2023-09-01,107,165,924,92.15,47.6
2023-09-01,108,103,603,94.9,29.2
2023-09-02,101,34,170,96.4,10.7
2023-09-02,102,34,170,88.46,6.4
2023-09-02,103,48,240,92.39,13.8
2023-09-02,104,50,250,86.52,12.8
2023-09-02,105,45,225,89.21,12.8
2023-09-02,106,54,270,88.18,9.9
2023-09-02,107,53,265,96.44,8.2
2023-09-02,108,57,285,90.87,9.4
2023-09-03,101,30,150,98.64,5.9
2023-09-03,102,44,220,97.72,15.0
2023-09-03,103,55,275,96.34,12.7
2023-09-03,104,27,135,93.81,6.1
2023-09-03,105,53,265,97.62,10.7
2023-09-03,106,47,235,93.3,14.9
2023-09-03,107,58,290,99.86,10.5
2023-09-03,108,33,165,95.9,10.1
2023-09-04,101,74,370,88.21,24.9
2023-09-04,102,138,741,97.34,42.6
2023-09-04,103,74,362,97.87,15.6
2023-09-04,104,196,973,87.89,34.1
2023-09-04,105,82,402,94.62,18.9
2023-09-04,106,138,812,94.19,39.4
2023-09-04,107,63,331,93.36,13.7
2023-09-04,108,121,604,89.84,22.6
2023-09-05,101,121,588,95.42,20.0
2023-09-05,102,155,869,88.69,51.8
2023-09-05,103,162,833,88.11,32.7
2023-09-05,104,165,802,87.81,46.1
2023-09-05,105,137,691,91.37,21.6
2023-09-05,106,122,713,96.2,21.4
2023-09-05,107,187,969,97.94,29.7
2023-09-05,108,87,395,99.52,18.6
2023-09-06,101,168,878,91.11,27.5
2023-09-06,102,107,570,94.28,36.8
2023-09-06,103,86,501,92.86,16.2
2023-09-06,104,101,563,85.73,21.8
2023-09-06,105,155,837,89.35,47.2
2023-09-06,106,93,517,94.95,15.5
2023-09-06,107,65,269,93.7,12.0
2023-09-06,108,120,698,94.59,30.7
2023-09-07,101,81,324,98.92,15.3
2023-09-07,102,80,427,89.5,27.1
2023-09-07,103,70,388,91.15,23.6
2023-09-07,104,64,352,84.63,15.3
2023-09-07,105,146,673,95.8,28.9
2023-09-07,106,167,942,94.95,42.0
2023-09-07,107,175,861,91.74,46.6
2023-09-07,108,147,608,98.29,36.7
2023-09-08,101,122,637,95.43,21.5
2023-09-08,102,127,574,90.88,31.3
2023-09-08,103,125,586,97.61,27.7
2023-09-08,104,73,361,93.9,22.2
2023-09-08,105,149,745,90.78,34.6
2023-09-08,106,110,509,93.78,27.0
2023-09-08,107,116,601,92.52,29.0
2023-09-08,108,75,437,89.35,22.6
2023-09-09,101,15,75,90.1,4.7
2023-09-09,102,27,135,90.67,6.6
2023-09-09,103,26,130,99.27,5.8
2023-09-09,104,45,225,88.22,7.8
2023-09-09,105,39,195,90.18,7.8
2023-09-09,106,24,120,93.0,8.1
2023-09-09,107,21,105,91.18,5.3
2023-09-09,108,26,130,97.3,4.4
2023-09-10,101,35,175,96.5,11.8
2023-09-10,102,28,140,99.26,5.6
2023-09-10,103,56,280,94.44,19.2
2023-09-10,104,42,210,93.66,13.5
2023-09-10,105,15,75,94.78,3.3
2023-09-10,106,27,135,88.11,6.4
2023-09-10,107,51,255,91.39,16.7
2023-09-10,108,32,160,89.7,9.3
2023-09-11,101,63,335,93.17,19.8
2023-09-11,102,113,457,95.14,32.7
2023-09-11,103,140,694,94.37,25.7
2023-09-11,104,53,302,92.97,10.8
2023-09-11,105,188,872,94.57,30.1
2023-09-11,106,160,954,99.01,49.1
2023-09-11,107,119,670,92.86,25.6
2023-09-11,108,80,332,90.28,18.2
2023-09-12,101,177,833,91.82,60.7
2023-09-12,102,113,457,93.12,36.7
2023-09-12,103,198,829,97.02,53.7
2023-09-12,104,87,356,83.25,28.4
2023-09-12,105,150,662,94.0,38.8
2023-09-12,106,121,713,94.6,26.4
2023-09-12,107,183,770,93.86,33.3
2023-09-12,108,180,777,93.8,40.1
2023-09-13,101,51,285,95.5,10.6
2023-09-13,102,110,635,88.48,36.6
2023-09-13,103,180,977,93.71,41.5
2023-09-13,104,86,510,88.32,18.1
2023-09-13,105,197,814,99.77,31.1
2023-09-13,106,143,606,91.82,46.3
2023-09-13,107,194,1011,92.79,37.2
2023-09-13,108,100,438,90.55,29.8
2023-09-14,101,61,313,90.56,19.7
2023-09-14,102,110,517,90.79,17.6
2023-09-14,103,101,536,94.35,34.2
2023-09-14,104,85,481,86.2,20.0
2023-09-14,105,124,562,93.41,30.3
2023-09-14,106,92,511,94.62,25.7
2023-09-14,107,84,419,94.48,15.4
2023-09-14,108,196,1170,99.25,37.1
2023-09-15,101,107,478,91.21,30.1
2023-09-15,102,115,570,92.44,28.6
2023-09-15,103,193,1039,94.18,40.5
2023-09-15,104,175,911,83.45,29.0
2023-09-15,105,190,983,89.06,44.9
2023-09-15,106,153,850,98.01,40.7
2023-09-15,107,80,335,99.61,16.6
2023-09-15,108,177,963,88.95,33.0
2023-09-16,101,28,140,94.66,8.3
2023-09-16,102,20,100,89.53,3.1
2023-09-16,103,46,230,90.97,7.5
2023-09-16,104,43,215,83.81,10.5
2023-09-16,105,32,160,95.97,11.0
2023-09-16,106,31,155,95.11,7.3
2023-09-16,107,31,155,92.23,7.9
2023-09-16,108,21,105,96.19,6.8
2023-09-17,101,34,170,90.16,5.7
2023-09-17,102,17,85,95.33,4.1
2023-09-17,103,35,175,92.65,8.2
2023-09-17,104,30,150,88.65,7.7
2023-09-17,105,47,235,91.68,13.3
2023-09-17,106,21,105,91.41,5.1
2023-09-17,107,32,160,88.27,10.5
2023-09-17,108,25,125,98.24,3.8
2023-09-18,101,149,633,95.61,24.6
2023-09-18,102,63,346,99.37,19.2
2023-09-18,103,134,739,90.0,42.4
2023-09-18,104,75,365,85.21,20.3
2023-09-18,105,78,467,95.23,18.0
2023-09-18,106,110,510,99.86,35.1
2023-09-18,107,162,944,92.38,36.4
2023-09-18,108,126,722,97.93,39.9
2023-09-19,101,78,364,91.67,12.0
2023-09-19,102,161,772,93.92,45.6
2023-09-19,103,123,625,88.1,20.8
2023-09-19,104,101,431,87.27,25.2
2023-09-19,105,190,1017,93.01,65.0
2023-09-19,106,116,669,99.11,37.3
2023-09-19,107,79,358,90.53,21.4
2023-09-19,108,146,832,90.53,41.4
2023-09-20,101,181,1025,89.49,31.8
2023-09-20,102,171,1007,92.94,36.8
2023-09-20,103,82,358,90.67,20.4
2023-09-20,104,176,974,87.86,38.3
2023-09-20,105,91,407,97.37,14.7
2023-09-20,106,164,892,95.83,56.1
2023-09-20,107,127,708,96.61,26.0
2023-09-20,108,190,922,91.24,43.1
2023-09-21,101,138,613,93.95,43.9
2023-09-21,102,134,747,92.18,30.9
2023-09-21,103,58,265,98.41,17.7
2023-09-21,104,69,412,84.0,11.0
2023-09-21,105,173,774,99.21,46.8
2023-09-21,106,136,801,92.87,38.4
2023-09-21,107,57,288,91.04,16.3
2023-09-21,108,53,268,97.65,15.7
2023-09-22,101,148,778,92.16,30.9
2023-09-22,102,174,1007,98.95,28.0
2023-09-22,103,135,565,99.32,37.1
2023-09-22,104,82,450,82.1,15.1
2023-09-22,105,141,765,98.91,41.0
2023-09-22,106,68,325,88.02,11.8
2023-09-22,107,66,328,92.56,12.8
2023-09-22,108,174,877,88.88,32.8
2023-09-23,101,16,80,96.63,5.3
2023-09-23,102,39,195,98.55,12.2
2023-09-23,103,55,275,88.14,19.2
2023-09-23,104,35,175,85.65,6.5
2023-09-23,105,49,245,91.72,16.3
2023-09-23,106,52,260,95.98,9.8
2023-09-23,107,38,190,98.48,11.8
2023-09-23,108,38,190,91.73,7.1
2023-09-24,101,41,205,98.0,10.0
2023-09-24,102,57,285,93.34,12.2
2023-09-24,103,58,290,99.02,19.9
2023-09-24,104,18,90,92.33,4.7
2023-09-24,105,15,75,96.22,3.8
2023-09-24,106,29,145,92.44,5.2
2023-09-24,107,23,115,96.93,5.7
2023-09-24,108,19,95,94.28,6.2
2023-09-25,101,191,1101,98.97,32.6
2023-09-25,102,103,596,99.59,16.4
2023-09-25,103,177,783,97.0,49.2
2023-09-25,104,167,734,85.84,44.8
2023-09-25,105,169,682,98.6,44.6
2023-09-25,106,185,1018,96.96,54.3
2023-09-25,107,144,713,95.64,22.7
2023-09-25,108,118,542,91.77,33.5
2023-09-26,101,196,1035,96.24,63.5
2023-09-26,102,126,697,94.68,41.1
2023-09-26,103,169,849,99.12,43.0
2023-09-26,104,54,223,82.64,18.2
2023-09-26,105,64,317,89.11,19.4
2023-09-26,106,124,538,95.39,36.4
2023-09-26,107,123,673,89.68,40.2
2023-09-26,108,92,540,96.07,21.4
2023-09-27,101,139,805,91.15,40.6
2023-09-27,102,54,297,95.67,11.9
2023-09-27,103,132,674,97.07,34.0
2023-09-27,104,58,235,86.4,11.5
2023-09-27,105,103,531,88.66,18.4
2023-09-27,106,119,695,93.07,41.3
2023-09-27,107,99,476,90.11,17.0
2023-09-27,108,161,934,89.66,27.2
2023-09-28,101,124,671,93.51,38.6
2023-09-28,102,135,578,88.01,42.1
2023-09-28,103,129,741,94.71,32.7
2023-09-28,104,196,1044,82.94,53.1
2023-09-28,105,105,574,91.58,25.5
2023-09-28,106,74,302,88.16,24.7
2023-09-28,107,125,672,89.53,29.4
2023-09-28,108,110,587,99.44,29.8
2023-09-29,101,131,575,95.3,21.9
2023-09-29,102,168,986,98.31,58.2
2023-09-29,103,81,451,98.0,22.6
2023-09-29,104,136,681,90.51,27.2
2023-09-29,105,97,567,90.73,29.1
2023-09-29,106,150,840,98.68,38.0
2023-09-29,107,115,605,91.43,31.9
2023-09-29,108,89,408,92.76,28.5
2023-09-30,101,57,285,88.29,15.2
2023-09-30,102,58,290,91.14,19.8
2023-09-30,103,15,75,99.11,2.9
2023-09-30,104,23,115,93.24,4.2
2023-09-30,105,47,235,90.22,9.6
2023-09-30,106,21,105,93.4,6.0
2023-09-30,107,37,185,92.54,12.9
2023-09-30,108,42,210,98.17,8.5
2023-10-01,101,44,220,90.85,10.3
2023-10-01,102,49,245,89.23,11.6
2023-10-01,103,31,155,92.31,8.3
2023-10-01,104,53,265,93.29,17.6
2023-10-01,105,46,230,95.51,15.7
2023-10-01,106,36,180,96.66,8.7
2023-10-01,107,42,210,99.06,7.8
2023-10-01,108,27,135,94.67,4.6
2023-10-02,101,133,641,90.45,43.3
2023-10-02,102,50,220,98.78,15.9
2023-10-02,103,175,1004,94.76,41.6
2023-10-02,104,92,453,91.85,25.1
2023-10-02,105,100,573,88.4,33.3
2023-10-02,106,91,491,97.4,19.0
2023-10-02,107,161,775,95.87,52.5
2023-10-02,108,171,783,88.17,45.3
2023-10-03,101,183,869,90.18,43.2
2023-10-03,102,117,551,88.1,37.2
2023-10-03,103,184,1081,98.62,47.3
2023-10-03,104,159,640,87.23,31.0
2023-10-03,105,183,751,93.44,47.6
2023-10-03,106,141,723,93.88,41.8
2023-10-03,107,156,918,93.73,41.2
2023-10-03,108,165,893,93.75,54.3
2023-10-04,101,151,752,91.07,49.4
2023-10-04,102,146,648,91.2,45.4
2023-10-04,103,142,605,97.47,32.5
2023-10-04,104,96,538,90.03,28.5
2023-10-04,105,64,262,88.03,12.7
2023-10-04,106,75,318,89.35,17.4
2023-10-04,107,120,650,90.12,19.9
2023-10-04,108,100,462,95.54,17.1
2023-10-05,101,160,670,89.13,47.3
2023-10-05,102,158,940,88.44,37.8
2023-10-05,103,68,341,94.96,15.1
2023-10-05,104,73,345,89.69,24.1
2023-10-05,105,194,923,89.68,53.3
2023-10-05,106,104,554,92.11,19.2
2023-10-05,107,160,658,98.64,41.0
2023-10-05,108,144,815,89.79,22.7
2023-10-06,101,73,310,93.57,19.7
2023-10-06,102,182,737,96.19,49.3
2023-10-06,103,86,513,95.58,15.7
2023-10-06,104,171,860,83.84,57.2
2023-10-06,105,90,491,96.44,17.1
2023-10-06,106,140,685,91.69,34.5
2023-10-06,107,62,345,93.39,19.1
2023-10-06,108,78,333,96.17,25.9
2023-10-07,101,18,90,91.75,3.1
2023-10-07,102,54,270,90.49,13.0
2023-10-07,103,46,230,92.11,16.0
2023-10-07,104,21,105,86.36,6.3
2023-10-07,105,15,75,96.25,2.4
2023-10-07,106,38,190,93.33,10.5
2023-10-07,107,53,265,97.19,13.0
2023-10-07,108,24,120,91.24,7.1
2023-10-08,101,21,105,98.02,6.5
2023-10-08,102,23,115,93.41,6.9
2023-10-08,103,45,225,88.13,13.7
2023-10-08,104,36,180,91.67,7.9
2023-10-08,105,21,105,89.18,4.3
2023-10-08,106,48,240,97.66,12.3
2023-10-08,107,16,80,99.66,3.3
2023-10-08,108,48,240,98.57,8.2
2023-10-09,101,82,344,96.42,12.8
2023-10-09,102,125,534,89.52,23.1
2023-10-09,103,81,471,95.76,24.7
2023-10-09,104,119,519,89.71,25.7
2023-10-09,105,88,463,91.06,29.9
2023-10-09,106,70,415,88.18,17.2
2023-10-09,107,98,552,90.49,19.4
2023-10-09,108,124,598,96.72,35.6
2023-10-10,101,136,620,94.61,40.3
2023-10-10,102,59,279,93.78,12.6
2023-10-10,103,66,366,96.79,21.7
2023-10-10,104,85,452,93.41,25.2
2023-10-10,105,123,548,90.85,27.6
2023-10-10,106,165,853,99.62,42.3
2023-10-10,107,52,216,90.27,12.4
2023-10-10,108,114,512,97.61,34.5
2023-10-11,101,138,565,97.53,37.4
2023-10-11,102,164,796,90.35,45.2
2023-10-11,103,99,494,91.63,34.1
2023-10-11,104,159,765,85.37,47.1
2023-10-11,105,196,851,94.31,40.8
2023-10-11,106,166,889,99.72,25.9
2023-10-11,107,172,1009,98.32,33.8
2023-10-11,108,186,954,94.68,45.6
2023-10-12,101,135,557,92.72,46.3
2023-10-12,102,199,956,98.42,46.4
2023-10-12,103,110,581,92.45,37.4
2023-10-12,104,171,723,85.67,52.4
2023-10-12,105,160,720,94.36,50.4
2023-10-12,106,153,886,89.26,44.6
2023-10-12,107,148,802,92.58,34.1
2023-10-12,108,65,334,93.71,16.1
2023-10-13,101,162,803,92.48,36.1
2023-10-13,102,144,773,93.19,27.2
2023-10-13,103,117,620,90.37,23.2
2023-10-13,104,168,886,85.46,33.1
2023-10-13,105,100,426,88.67,32.4
2023-10-13,106,132,587,92.05,46.0
2023-10-13,107,169,757,99.14,42.9
2023-10-13,108,59,238,89.61,17.1
2023-10-14,101,50,250,91.77,14.3
2023-10-14,102,38,190,88.78,7.2
2023-10-14,103,25,125,99.08,4.3
2023-10-14,104,41,205,85.06,7.2
2023-10-14,105,33,165,93.56,10.7
2023-10-14,106,53,265,90.07,16.0
2023-10-14,107,18,90,92.52,4.5
2023-10-14,108,48,240,96.19,16.6
2023-10-15,101,59,295,96.73,19.1
2023-10-15,102,24,120,89.16,7.9
2023-10-15,103,22,110,92.28,3.9
2023-10-15,104,40,200,87.08,6.0
2023-10-15,105,41,205,93.38,12.7
2023-10-15,106,42,210,89.32,10.0
2023-10-15,107,30,150,96.36,9.3
2023-10-15,108,54,270,88.58,8.2
2023-10-16,101,163,867,96.69,39.2
2023-10-16,102,192,1025,90.57,51.5
2023-10-16,103,84,470,98.97,29.0
2023-10-16,104,67,295,84.97,23.4
2023-10-16,105,97,436,99.67,26.5
2023-10-16,106,177,782,93.92,43.4
2023-10-16,107,189,764,97.72,28.9
2023-10-16,108,197,977,97.71,32.0
2023-10-17,101,171,720,88.83,45.8
2023-10-17,102,122,646,89.95,19.1
2023-10-17,103,66,316,88.31,14.3
2023-10-17,104,58,234,90.68,18.1
2023-10-17,105,188,799,98.75,53.5
2023-10-17,106,189,948,99.54,54.6
2023-10-17,107,141,590,94.2,44.7
2023-10-17,108,148,875,96.31,28.4
2023-10-18,101,94,524,91.08,27.4
2023-10-18,102,96,407,94.98,29.1
2023-10-18,103,68,375,97.44,18.6
2023-10-18,104,172,781,82.35,46.6
2023-10-18,105,171,1002,92.54,28.3
2023-10-18,106,107,611,93.89,18.9
2023-10-18,107,175,819,94.47,51.2
2023-10-18,108,166,938,89.5,54.9
2023-10-19,101,149,865,89.32,27.6
2023-10-19,102,118,661,93.14,36.2
2023-10-19,103,53,311,93.79,12.9
2023-10-19,104,106,546,83.96,18.5
2023-10-19,105,166,956,88.54,49.2
2023-10-19,106,121,597,95.69,38.2
2023-10-19,107,165,941,94.53,31.3
2023-10-19,108,119,558,98.62,29.0
2023-10-20,101,108,466,97.67,19.1
2023-10-20,102,129,632,94.15,39.1
2023-10-20,103,141,807,93.34,22.9
2023-10-20,104,101,543,89.29,26.0
2023-10-20,105,147,638,90.7,39.0
2023-10-20,106,121,566,91.86,32.4
2023-10-20,107,136,775,91.07,33.8
2023-10-20,108,141,657,95.08,23.7
2023-10-21,101,55,275,97.12,18.9
2023-10-21,102,39,195,96.52,12.0
2023-10-21,103,45,225,92.26,9.2
2023-10-21,104,29,145,93.48,7.2
2023-10-21,105,50,250,94.94,12.9
2023-10-21,106,54,270,88.04,10.7
2023-10-21,107,26,130,94.23,5.7
2023-10-21,108,27,135,92.17,6.5
2023-10-22,101,32,160,99.37,10.5
2023-10-22,102,17,85,94.79,5.1
2023-10-22,103,54,270,92.5,13.2
2023-10-22,104,43,215,92.89,10.1
2023-10-22,105,30,150,96.31,4.5
2023-10-22,106,15,75,88.36,4.4
2023-10-22,107,17,85,91.17,4.2
2023-10-22,108,23,115,90.94,5.5
2023-10-23,101,177,965,95.96,29.1
2023-10-23,102,76,335,95.78,17.7
2023-10-23,103,93,500,94.72,29.9
2023-10-23,104,191,856,85.34,62.9
2023-10-23,105,176,961,98.92,58.5
2023-10-23,106,64,338,92.55,21.8
2023-10-23,107,57,312,96.16,17.2
2023-10-23,108,63,377,91.01,15.0
2023-10-24,101,129,764,89.14,19.9
2023-10-24,102,65,317,90.04,21.1
2023-10-24,103,142,760,94.22,43.5
2023-10-24,104,96,459,87.88,16.5
2023-10-24,105,73,428,96.57,22.1
2023-10-24,106,120,663,88.21,40.4
2023-10-24,107,165,923,98.69,55.8
2023-10-24,108,175,765,99.64,61.1
2023-10-25,101,70,299,88.27,22.7
2023-10-25,102,100,461,91.34,34.4
2023-10-25,103,172,940,88.0,46.3
2023-10-25,104,199,1181,93.08,65.0
2023-10-25,105,188,1019,96.19,40.2
2023-10-25,106,97,468,93.75,19.7
2023-10-25,107,64,364,93.38,15.0
2023-10-25,108,86,417,94.4,13.3
2023-10-26,101,53,253,95.4,18.2
2023-10-26,102,192,774,94.63,59.0
2023-10-26,103,91,422,89.62,29.8
2023-10-26,104,133,727,89.94,41.7
2023-10-26,105,79,451,95.08,17.1
2023-10-26,106,101,566,98.06,17.5
2023-10-26,107,192,1136,92.25,31.3
2023-10-26,108,64,307,96.09,10.5
2023-10-27,101,112,512,91.06,31.7
2023-10-27,102,101,585,95.81,33.0
2023-10-27,103,156,715,88.94,38.6
2023-10-27,104,182,891,85.29,41.6
2023-10-27,105,181,795,91.34,63.3
2023-10-27,106,92,428,95.85,19.2
2023-10-27,107,75,323,91.72,12.8
2023-10-27,108,98,549,89.64,29.9
2023-10-28,101,46,230,94.11,13.1
2023-10-28,102,15,75,96.77,4.1
2023-10-28,103,28,140,96.81,7.2
2023-10-28,104,17,85,86.4,3.9
2023-10-28,105,22,110,93.92,6.6
2023-10-28,106,23,115,89.84,5.5
2023-10-28,107,33,165,95.5,5.5
2023-10-28,108,36,180,98.44,8.4
2023-10-29,101,30,150,93.04,7.9
2023-10-29,102,58,290,90.77,19.7
2023-10-29,103,56,280,97.03,14.1
2023-10-29,104,53,265,92.13,14.1
2023-10-29,105,15,75,98.1,2.3
2023-10-29,106,24,120,97.52,5.3
2023-10-29,107,20,100,93.56,4.0
2023-10-29,108,53,265,99.64,16.5
2023-10-30,101,177,991,93.44,48.0
2023-10-30,102,160,754,92.51,37.4
2023-10-30,103,181,819,94.38,43.4
2023-10-30,104,86,503,89.06,19.9
2023-10-30,105,198,869,92.91,38.7
2023-10-30,106,127,536,93.25,31.2
2023-10-30,107,165,727,89.85,53.8
2023-10-30,108,84,499,88.1,27.7
2023-10-31,101,57,337,88.16,10.5
2023-10-31,102,136,612,97.65,46.2
2023-10-31,103,59,296,94.5,9.3
2023-10-31,104,104,483,83.72,30.4
2023-10-31,105,196,840,88.11,61.1
2023-10-31,106,188,1083,92.7,54.0
2023-10-31,107,53,280,91.68,14.4
2023-10-31,108,146,708,95.83,29.6
2023-11-01,101,123,493,92.48,20.0
2023-11-01,102,125,643,99.04,39.5
2023-11-01,103,151,675,91.13,37.9
2023-11-01,104,140,801,90.09,27.0
2023-11-01,105,150,841,91.45,42.4
2023-11-01,106,166,910,98.07,27.0
2023-11-01,107,93,500,98.51,23.2
2023-11-01,108,130,697,96.34,38.4
2023-11-02,101,79,452,96.62,18.2
2023-11-02,102,188,818,96.85,37.7
2023-11-02,103,69,329,99.69,15.7
2023-11-02,104,170,721,87.11,35.3
2023-11-02,105,84,406,93.14,13.5
2023-11-02,106,164,666,95.35,49.5
2023-11-02,107,118,501,89.2,32.1
2023-11-02,108,127,719,92.3,24.5
2023-11-03,101,151,702,90.5,37.5
2023-11-03,102,96,405,97.59,19.3
2023-11-03,103,165,714,97.57,50.9
2023-11-03,104,126,569,88.46,41.8
2023-11-03,105,108,552,92.9,36.7
2023-11-03,106,102,477,89.32,21.0
2023-11-03,107,63,294,89.7,20.3
2023-11-03,108,75,324,93.19,18.0
2023-11-04,101,21,105,93.9,6.2
2023-11-04,102,30,150,89.35,6.5
2023-11-04,103,19,95,88.69,3.4
2023-11-04,104,20,100,86.84,3.5
2023-11-04,105,48,240,93.75,8.7
2023-11-04,106,16,80,93.72,5.6
2023-11-04,107,47,235,96.96,9.7
2023-11-04,108,18,90,97.14,2.8
2023-11-05,101,51,255,95.93,13.8
2023-11-05,102,36,180,98.06,7.9
2023-11-05,103,24,120,91.5,4.0
2023-11-05,104,48,240,86.29,12.7
2023-11-05,105,21,105,99.81,3.7
2023-11-05,106,45,225,96.37,8.0
2023-11-05,107,38,190,95.74,8.2
2023-11-05,108,30,150,92.08,7.0
2023-11-06,101,76,305,97.28,21.5
2023-11-06,102,126,651,98.95,20.1
2023-11-06,103,165,758,94.66,25.0
2023-11-06,104,177,752,84.22,44.7
2023-11-06,105,170,901,88.73,43.4
2023-11-06,106,62,251,96.21,15.3
2023-11-06,107,95,568,93.0,25.8
2023-11-06,108,143,716,97.72,46.1
2023-11-07,101,167,943,96.61,52.9
2023-11-07,102,121,620,95.72,26.6
2023-11-07,103,126,560,89.17,42.0
2023-11-07,104,108,465,91.52,36.0
2023-11-07,105,190,1070,99.11,64.2
2023-11-07,106,146,677,97.64,42.0
2023-11-07,107,183,987,91.7,31.1
2023-11-07,108,144,820,91.55,38.8
2023-11-08,101,154,631,99.21,39.3
2023-11-08,102,125,591,98.86,38.3
2023-11-08,103,133,628,94.32,43.1
2023-11-08,104,78,410,88.64,27.1
2023-11-08,105,51,223,88.33,15.9
2023-11-08,106,177,737,93.75,44.7
2023-11-08,107,61,298,94.79,15.6
2023-11-08,108,144,817,95.77,36.1
2023-11-09,101,136,705,98.08,30.1
2023-11-09,102,189,915,96.65,32.4
2023-11-09,103,87,454,95.66,14.6
2023-11-09,104,57,272,85.76,13.8
2023-11-09,105,106,607,99.06,22.3
2023-11-09,106,135,762,99.75,35.3
2023-11-09,107,111,626,88.06,29.2
2023-11-09,108,86,494,88.32,22.6
2023-11-10,101,136,757,90.29,37.8
2023-11-10,102,156,627,94.63,44.0
2023-11-10,103,186,1017,94.8,30.4
2023-11-10,104,117,607,85.3,19.4
2023-11-10,105,69,299,96.26,19.3
2023-11-10,106,126,666,91.96,37.9
2023-11-10,107,169,891,94.59,25.7
2023-11-10,108,173,934,97.95,49.8
2023-11-11,101,49,245,94.99,9.8
2023-11-11,102,33,165,92.05,8.1
2023-11-11,103,19,95,89.15,6.5
2023-11-11,104,47,235,93.73,8.1
2023-11-11,105,32,160,88.56,5.1
2023-11-11,106,33,165,96.21,10.6
2023-11-11,107,35,175,92.05,7.4
2023-11-11,108,20,100,89.92,3.5
2023-11-12,101,45,225,99.04,10.9
2023-11-12,102,39,195,88.62,7.8
2023-11-12,103,16,80,97.67,2.5
2023-11-12,104,56,280,85.27,18.2
2023-11-12,105,40,200,94.35,6.8
2023-11-12,106,31,155,94.04,9.7
2023-11-12,107,33,165,99.86,7.8
2023-11-12,108,22,110,90.91,5.8
2023-11-13,101,110,539,96.56,18.9
2023-11-13,102,130,702,95.55,45.1
2023-11-13,103,57,276,93.06,13.3
2023-11-13,104,58,235,86.77,15.3
2023-11-13,105,149,891,99.04,31.5
2023-11-13,106,156,636,91.75,41.4
2023-11-13,107,130,613,99.21,38.0
2023-11-13,108,95,418,98.98,30.5
2023-11-14,101,129,646,93.53,25.9
2023-11-14,102,190,1113,92.34,61.1
2023-11-14,103,135,718,97.95,39.6
2023-11-14,104,61,337,90.67,11.6
2023-11-14,105,136,746,97.46,40.7
2023-11-14,106,96,447,89.64,22.1
2023-11-14,107,54,302,88.49,12.2
2023-11-14,108,173,716,93.81,50.2
2023-11-15,101,160,678,93.37,53.1
2023-11-15,102,177,1039,92.5,47.0
2023-11-15,103,144,669,96.52,25.5
2023-11-15,104,51,298,91.6,12.1
2023-11-15,105,170,923,99.23,43.4
2023-11-15,106,152,680,88.5,41.8
2023-11-15,107,137,713,99.73,46.2
2023-11-15,108,157,706,92.73,37.0
2023-11-16,101,60,289,95.15,17.5
2023-11-16,102,197,886,94.37,56.7
2023-11-16,103,101,454,94.98,31.2
2023-11-16,104,97,481,89.41,22.4
2023-11-16,105,155,918,94.09,46.0
2023-11-16,106,180,871,94.05,29.3
2023-11-16,107,51,259,94.47,12.7
2023-11-16,108,91,512,95.63,19.3
2023-11-17,101,174,1020,95.2,49.1
2023-11-17,102,86,439,89.29,29.0
2023-11-17,103,89,394,93.91,18.3
2023-11-17,104,172,747,85.25,35.6
2023-11-17,105,184,897,88.36,56.0
2023-11-17,106,66,300,90.38,13.0
2023-11-17,107,100,586,88.1,16.0
2023-11-17,108,122,587,89.36,34.8
2023-11-18,101,24,120,93.47,8.4
2023-11-18,102,18,90,88.0,6.1
2023-11-18,103,41,205,97.9,10.0
2023-11-18,104,17,85,91.72,5.4
2023-11-18,105,56,280,94.4,10.1
2023-11-18,106,36,180,99.25,8.6
2023-11-18,107,57,285,98.41,14.4
2023-11-18,108,48,240,88.91,12.0
2023-11-19,101,52,260,99.03,11.7
2023-11-19,102,35,175,94.6,10.8
2023-11-19,103,53,265,92.79,8.2
2023-11-19,104,48,240,85.82,11.5
2023-11-19,105,35,175,98.07,6.1
2023-11-19,106,44,220,92.67,9.2
2023-11-19,107,58,290,93.97,14.7
2023-11-19,108,56,280,91.05,9.7
2023-11-20,101,52,220,99.04,12.5
2023-11-20,102,156,672,95.44,34.0
2023-11-20,103,70,338,88.18,22.3
2023-11-20,104,96,519,87.91,32.0
2023-11-20,105,174,852,90.37,36.8
2023-11-20,106,109,574,90.96,23.0
2023-11-20,107,79,367,90.88,14.5
2023-11-20,108,153,651,93.4,38.5
2023-11-21,101,52,242,90.13,15.8
2023-11-21,102,60,307,99.39,12.8
2023-11-21,103,99,457,94.21,28.0
2023-11-21,104,127,690,86.03,26.4
2023-11-21,105,66,267,88.95,15.4
2023-11-21,106,87,491,97.71,29.3
2023-11-21,107,85,449,95.25,20.7
2023-11-21,108,163,818,94.53,42.0
2023-11-22,101,70,342,95.96,19.3
2023-11-22,102,119,666,99.23,20.2
2023-11-22,103,85,474,91.08,18.5
2023-11-22,104,150,653,91.19,37.3
2023-11-22,105,71,307,92.18,14.4
2023-11-22,106,87,472,94.6,28.8
2023-11-22,107,112,530,95.72,33.0
2023-11-22,108,195,1020,93.94,67.8
2023-11-23,101,180,785,99.21,54.2
2023-11-23,102,56,243,98.76,12.2
2023-11-23,103,96,531,93.25,28.2
2023-11-23,104,182,990,84.09,48.8
2023-11-23,105,119,585,96.02,30.7
2023-11-23,106,138,682,92.56,27.6
2023-11-23,107,149,858,91.86,34.2
2023-11-23,108,100,422,92.14,32.5
2023-11-24,101,50,229,96.39,12.6
2023-11-24,102,157,684,96.75,29.5
2023-11-24,103,74,358,90.31,15.3
2023-11-24,104,160,898,84.94,43.7
2023-11-24,105,88,385,88.6,28.6
2023-11-24,106,57,284,94.71,16.0
2023-11-24,107,149,604,90.12,51.7
2023-11-24,108,114,596,88.56,37.1
2023-11-25,101,38,190,91.17,9.2
2023-11-25,102,45,225,96.56,7.6
2023-11-25,103,45,225,88.1,6.8
2023-11-25,104,48,240,83.55,12.3
2023-11-25,105,15,75,91.5,3.9
2023-11-25,106,39,195,91.71,5.9
2023-11-25,107,42,210,90.76,10.8
2023-11-25,108,30,150,95.1,5.0
2023-11-26,101,30,150,95.98,9.0
2023-11-26,102,55,275,93.57,9.0
2023-11-26,103,15,75,97.16,2.7
2023-11-26,104,54,270,88.21,18.1
2023-11-26,105,52,260,92.47,18.0
2023-11-26,106,22,110,97.25,4.6
2023-11-26,107,32,160,88.71,6.5
2023-11-26,108,31,155,95.87,10.8
2023-11-27,101,161,739,96.63,31.6
2023-11-27,102,167,717,93.43,37.9
2023-11-27,103,127,525,99.57,19.4
2023-11-27,104,93,552,90.59,20.0
2023-11-27,105,170,832,95.45,30.5
2023-11-27,106,140,659,88.86,39.8
2023-11-27,107,80,459,95.89,17.5
2023-11-27,108,198,969,93.31,47.8
2023-11-28,101,58,315,96.59,12.0
2023-11-28,102,72,333,96.63,12.5
2023-11-28,103,156,878,99.65,50.9
2023-11-28,104,58,275,90.27,16.5
2023-11-28,105,59,236,96.96,10.1
2023-11-28,106,160,641,90.22,27.2
2023-11-28,107,89,469,91.52,26.0
2023-11-28,108,94,409,95.7,22.8
2023-11-29,101,88,388,88.88,21.4
2023-11-29,102,131,773,99.67,33.9
2023-11-29,103,159,783,89.05,43.2
2023-11-29,104,151,781,82.74,51.6
2023-11-29,105,97,402,96.31,26.7
2023-11-29,106,133,656,96.57,34.0
2023-11-29,107,165,766,95.26,55.7
2023-11-29,108,140,639,92.32,34.0
2023-11-30,101,93,389,99.77,31.6
2023-11-30,102,107,627,92.32,34.1
2023-11-30,103,82,400,95.55,25.0
2023-11-30,104,97,503,84.24,21.3
2023-11-30,105,168,936,89.9,26.7
2023-11-30,106,182,781,88.4,44.4
2023-11-30,107,89,373,96.38,19.4
2023-11-30,108,79,463,90.96,22.0
2023-12-01,101,143,717,97.36,46.7
2023-12-01,102,57,294,90.96,16.1
2023-12-01,103,140,655,95.39,45.9
2023-12-01,104,64,307,83.23,10.4
2023-12-01,105,65,305,96.48,11.8
2023-12-01,106,79,324,90.63,16.2
2023-12-01,107,183,855,88.17,33.1
2023-12-01,108,107,600,90.15,24.8
2023-12-02,101,21,105,97.13,5.9
2023-12-02,102,34,170,89.52,10.1
2023-12-02,103,39,195,96.42,7.0
2023-12-02,104,23,115,87.97,5.0
2023-12-02,105,50,250,90.23,16.6
2023-12-02,106,26,130,97.38,5.1
2023-12-02,107,33,165,92.26,10.4
2023-12-02,108,54,270,93.87,10.3
2023-12-03,101,17,85,96.33,3.4
2023-12-03,102,23,115,93.35,7.9
2023-12-03,103,39,195,96.41,8.1
2023-12-03,104,22,110,90.67,4.1
2023-12-03,105,21,105,91.32,5.1
2023-12-03,106,51,255,96.83,11.6
2023-12-03,107,20,100,95.08,6.5
2023-12-03,108,51,255,99.83,17.4
2023-12-04,101,113,609,89.26,32.0
2023-12-04,102,136,618,97.53,45.4
2023-12-04,103,73,320,95.95,12.3
2023-12-04,104,55,237,87.0,17.4
2023-12-04,105,78,404,90.39,16.2
2023-12-04,106,185,1093,93.7,53.6
2023-12-04,107,73,374,99.24,13.8
2023-12-04,108,115,522,92.76,37.3
2023-12-05,101,180,734,91.63,53.8
2023-12-05,102,93,412,96.4,28.5
2023-12-05,103,132,663,96.16,36.9
2023-12-05,104,70,339,83.69,17.7
2023-12-05,105,76,381,91.91,19.1
2023-12-05,106,130,539,98.88,20.0
2023-12-05,107,52,254,91.4,10.9
2023-12-05,108,180,723,91.27,30.9
2023-12-06,101,190,881,97.13,36.4
2023-12-06,102,89,449,89.36,20.5
2023-12-06,103,184,815,96.52,57.0
2023-12-06,104,191,829,82.03,45.9
2023-12-06,105,59,294,89.68,11.4
2023-12-06,106,194,876,90.69,47.8
2023-12-06,107,150,605,96.73,24.7
2023-12-06,108,74,402,97.16,17.9
2023-12-07,101,99,550,91.1,18.1
2023-12-07,102,137,699,94.85,24.1
2023-12-07,103,149,637,96.9,36.3
2023-12-07,104,183,888,90.72,46.1
2023-12-07,105,122,564,95.59,18.5
2023-12-07,106,117,575,94.16,37.0
2023-12-07,107,91,427,95.98,25.3
2023-12-07,108,154,903,92.11,26.4
2023-12-08,101,171,946,90.64,34.9
2023-12-08,102,111,664,90.35,29.4
2023-12-08,103,108,463,99.55,36.7
2023-12-08,104,115,541,91.85,18.3
2023-12-08,105,197,893,93.67,62.0
2023-12-08,106,83,361,93.01,25.6
2023-12-08,107,89,401,88.42,20.7
2023-12-08,108,149,704,92.67,43.1
2023-12-09,101,47,235,88.62,7.9
2023-12-09,102,46,230,89.06,8.8
2023-12-09,103,24,120,88.01,4.0
2023-12-09,104,39,195,88.21,6.0
2023-12-09,105,28,140,93.81,8.2
2023-12-09,106,32,160,99.02,8.9
2023-12-09,107,33,165,89.62,6.5
2023-12-09,108,54,270,93.55,11.4
2023-12-10,101,22,110,97.4,6.6
2023-12-10,102,57,285,99.74,14.6
2023-12-10,103,57,285,88.38,9.5
2023-12-10,104,53,265,93.49,15.3
2023-12-10,105,34,170,93.97,7.0
2023-12-10,106,38,190,95.57,11.4
2023-12-10,107,52,260,93.66,18.1
2023-12-10,108,49,245,98.5,13.0
2023-12-11,101,65,307,88.14,13.0
2023-12-11,102,77,333,99.85,13.4
2023-12-11,103,62,358,90.91,18.3
2023-12-11,104,81,485,91.45,18.8
2023-12-11,105,155,840,89.37,35.9
2023-12-11,106,130,542,95.41,19.7
2023-12-11,107,120,696,94.28,35.7
2023-12-11,108,95,543,93.73,15.7
2023-12-12,101,176,820,89.84,56.3
2023-12-12,102,55,308,96.25,8.3
2023-12-12,103,191,892,88.41,39.7
2023-12-12,104,156,713,88.2,31.6
2023-12-12,105,81,351,91.11,20.2
2023-12-12,106,82,448,94.84,25.8
2023-12-12,107,151,714,99.14,24.3
2023-12-12,108,129,611,91.32,24.0
2023-12-13,101,97,445,96.53,16.2
2023-12-13,102,67,375,96.9,20.7
2023-12-13,103,126,684,96.09,39.8
2023-12-13,104,126,691,86.97,30.8
2023-12-13,105,125,639,98.92,28.5
2023-12-13,106,106,424,90.01,16.5
2023-12-13,107,105,423,89.52,31.6
2023-12-13,108,127,539,90.52,19.8
2023-12-14,101,163,751,94.46,25.1
2023-12-14,102,146,763,94.33,24.6
2023-12-14,103,147,881,97.94,48.3
2023-12-14,104,157,806,93.78,51.8
2023-12-14,105,79,413,88.98,24.9
2023-12-14,106,127,746,88.64,19.4
2023-12-14,107,165,686,89.09,38.9
2023-12-14,108,117,531,94.09,27.8
2023-12-15,101,160,936,94.31,35.3
2023-12-15,102,155,671,92.16,46.2
2023-12-15,103,90,402,95.0,23.8
2023-12-15,104,183,1045,82.0,40.7
2023-12-15,105,166,901,89.3,49.8
2023-12-15,106,118,551,94.76,37.3
2023-12-15,107,64,263,93.27,12.0
2023-12-15,108,84,401,92.67,22.9
2023-12-16,101,20,100,92.21,5.4
2023-12-16,102,42,210,93.22,14.3
2023-12-16,103,50,250,94.64,10.7
2023-12-16,104,28,140,82.4,8.8
2023-12-16,105,51,255,94.94,17.3
2023-12-16,106,48,240,97.74,8.4
2023-12-16,107,18,90,98.68,6.1
2023-12-16,108,45,225,96.17,13.4
2023-12-17,101,48,240,90.1,13.0
2023-12-17,102,51,255,99.11,10.9
2023-12-17,103,45,225,95.66,13.6
2023-12-17,104,29,145,91.16,8.4
2023-12-17,105,28,140,91.96,7.0
2023-12-17,106,56,280,92.96,14.7
2023-12-17,107,21,105,99.5,5.7
2023-12-17,108,55,275,99.14,14.8
2023-12-18,101,168,919,89.81,55.9
2023-12-18,102,136,701,90.41,27.8
2023-12-18,103,113,591,99.14,38.6
2023-12-18,104,132,763,85.5,34.7
2023-12-18,105,57,287,99.82,8.7
2023-12-18,106,139,729,93.58,24.1
2023-12-18,107,174,696,97.01,60.4
2023-12-18,108,129,744,96.32,31.4
2023-12-19,101,69,348,93.68,16.5
2023-12-19,102,103,520,91.77,20.8
2023-12-19,103,102,532,96.36,24.5
2023-12-19,104,65,348,91.03,16.3
2023-12-19,105,96,541,99.79,18.1
2023-12-19,106,55,253,99.7,11.3
2023-12-19,107,76,391,91.08,25.2
2023-12-19,108,129,659,95.8,32.2
2023-12-20,101,191,922,88.2,52.3
2023-12-20,102,69,380,90.7,13.4
2023-12-20,103,81,384,98.08,25.6
2023-12-20,104,146,705,85.19,30.7
2023-12-20,105,130,658,95.22,32.2
2023-12-20,106,106,468,93.74,23.1
2023-12-20,107,72,361,91.8,13.2
2023-12-20,108,130,664,91.39,20.1
2023-12-21,101,170,712,90.04,29.0
2023-12-21,102,70,385,88.24,14.0
2023-12-21,103,88,465,88.18,28.4
2023-12-21,104,175,872,92.16,47.3
2023-12-21,105,77,374,90.39,13.2
2023-12-21,106,168,826,88.47,25.7
2023-12-21,107,137,725,94.75,35.7
2023-12-21,108,126,622,99.0,28.9
2023-12-22,101,142,588,98.64,46.5
2023-12-22,102,169,965,92.66,55.4
2023-12-22,103,64,317,93.89,15.9
2023-12-22,104,77,372,84.75,15.1
2023-12-22,105,194,826,93.42,60.5
2023-12-22,106,189,911,94.17,29.6
2023-12-22,107,101,485,93.3,32.8
2023-12-22,108,74,372,89.67,18.7
2023-12-23,101,42,210,90.19,6.8
2023-12-23,102,51,255,93.58,12.1
2023-12-23,103,49,245,92.89,12.6
2023-12-23,104,19,95,86.51,5.3
2023-12-23,105,25,125,98.1,8.1
2023-12-23,106,43,215,93.03,8.1
2023-12-23,107,59,295,91.58,9.1
2023-12-23,108,17,85,89.02,4.1
2023-12-24,101,40,200,95.94,8.0
2023-12-24,102,29,145,94.2,5.3
2023-12-24,103,49,245,98.13,11.5
2023-12-24,104,36,180,91.46,6.6
2023-12-24,105,29,145,91.94,5.0
2023-12-24,106,34,170,98.6,11.7
2023-12-24,107,26,130,93.98,4.8
2023-12-24,108,23,115,89.09,6.6
2023-12-25,101,180,805,98.41,58.2
2023-12-25,102,166,845,96.41,51.1
2023-12-25,103,114,515,94.1,24.6
2023-12-25,104,76,402,87.42,26.1
2023-12-25,105,132,619,92.99,20.2
2023-12-25,106,184,936,90.55,45.1
2023-12-25,107,85,463,94.07,15.0
2023-12-25,108,62,352,99.08,13.3
2023-12-26,101,73,297,92.79,24.6
2023-12-26,102,179,800,98.64,33.4
2023-12-26,103,130,697,96.09,36.9
2023-12-26,104,114,667,83.06,38.9
2023-12-26,105,150,719,91.69,36.0
2023-12-26,106,91,505,96.56,22.7
2023-12-26,107,77,381,95.42,24.3
2023-12-26,108,50,280,94.96,17.5
2023-12-27,101,130,714,95.94,45.3
2023-12-27,102,121,587,89.17,33.1
2023-12-27,103,103,424,95.83,33.6
2023-12-27,104,61,287,91.85,18.7
2023-12-27,105,194,915,88.54,61.9
2023-12-27,106,188,1060,89.52,65.7
2023-12-27,107,115,624,88.04,18.3
2023-12-27,108,144,837,91.68,49.7
2023-12-28,101,58,337,90.29,13.2
2023-12-28,102,89,450,93.69,17.3
2023-12-28,103,82,359,94.58,16.5
2023-12-28,104,127,615,91.44,43.8
2023-12-28,105,139,671,90.77,34.5
2023-12-28,106,198,906,95.3,43.7
2023-12-28,107,79,425,89.98,24.3
2023-12-28,108,99,593,97.29,20.5
2023-12-29,101,79,335,94.73,14.1
2023-12-29,102,113,672,98.39,22.1
2023-12-29,103,121,610,93.8,32.1
2023-12-29,104,104,475,91.18,25.4
2023-12-29,105,74,306,97.36,16.7
2023-12-29,106,87,375,96.82,23.5
2023-12-29,107,196,1159,98.33,29.5
2023-12-29,108,87,425,92.12,18.9
2023-12-30,101,57,285,95.22,12.7
2023-12-30,102,43,215,94.6,8.0
2023-12-30,103,47,235,99.87,11.7
2023-12-30,104,18,90,82.64,3.6
2023-12-30,105,49,245,97.24,15.1
2023-12-30,106,17,85,91.03,5.5
2023-12-30,107,21,105,88.23,6.6
2023-12-30,108,40,200,99.61,12.9
2023-12-31,101,16,80,93.92,5.0
2023-12-31,102,59,295,94.49,9.5
2023-12-31,103,36,180,91.96,8.3
2023-12-31,104,26,130,85.34,4.7
2023-12-31,105,37,185,89.82,7.5
2023-12-31,106,40,200,88.5,7.4
2023-12-31,107,20,100,99.31,3.3
2023-12-31,108,35,175,99.16,11.0
2024-01-01,101,209,996,89.87,58.2
2024-01-01,102,213,931,93.33,57.6
2024-01-01,103,173,763,91.49,37.9
2024-01-01,104,122,694,86.52,25.5
2024-01-01,105,202,841,95.64,49.4
2024-01-01,106,221,1208,92.63,52.3
2024-01-01,107,115,539,96.26,34.7
2024-01-01,108,175,820,89.83,35.5
2024-01-02,101,199,1172,88.57,29.9
2024-01-02,102,91,537,97.94,30.1
2024-01-02,103,153,752,91.0,34.3
2024-01-02,104,216,1047,87.53,33.3
2024-01-02,105,151,879,89.92,33.8
2024-01-02,106,190,828,89.23,30.5
2024-01-02,107,129,676,98.0,37.0
2024-01-02,108,130,640,98.83,28.0
2024-01-03,101,98,487,92.23,19.6
2024-01-03,102,86,476,90.91,13.8
2024-01-03,103,186,782,97.95,58.2
2024-01-03,104,92,427,84.96,14.0
2024-01-03,105,223,953,95.28,40.9
2024-01-03,106,177,916,91.55,27.8
2024-01-03,107,192,850,88.78,49.2
2024-01-03,108,190,1062,93.14,45.7
2024-01-04,101,134,707,88.8,26.9
2024-01-04,102,104,531,91.89,24.8
2024-01-04,103,144,668,94.64,46.4
2024-01-04,104,105,617,89.19,36.6
2024-01-04,105,164,791,97.09,43.7
2024-01-04,106,91,493,98.32,14.4
2024-01-04,107,139,766,99.34,22.4
2024-01-04,108,191,1067,92.0,28.8
2024-01-05,101,225,1153,93.7,38.5
2024-01-05,102,192,1062,98.77,44.5
2024-01-05,103,228,1306,91.53,41.5
2024-01-05,104,189,907,88.91,50.4
2024-01-05,105,179,898,89.25,57.6
2024-01-05,106,171,878,91.98,26.0
2024-01-05,107,174,727,90.75,27.7
2024-01-05,108,216,1090,94.47,49.3
2024-01-06,101,30,150,95.02,8.3
2024-01-06,102,66,330,93.47,12.4
2024-01-06,103,30,150,91.23,7.2
2024-01-06,104,37,185,92.27,7.7
2024-01-06,105,33,165,92.88,11.5
2024-01-06,106,62,310,94.59,15.9
2024-01-06,107,36,180,88.89,11.8
2024-01-06,108,60,300,98.45,14.8
2024-01-07,101,44,220,95.45,10.2
2024-01-07,102,63,315,88.21,13.7
2024-01-07,103,32,160,95.25,5.4
2024-01-07,104,34,170,88.77,6.5
2024-01-07,105,64,320,95.87,21.3
2024-01-07,106,33,165,90.47,9.2
2024-01-07,107,47,235,88.29,9.9
2024-01-07,108,40,200,94.39,12.0
2024-01-08,101,170,996,95.07,52.7
2024-01-08,102,107,615,89.6,19.7
2024-01-08,103,157,719,95.32,51.9
2024-01-08,104,94,450,85.64,27.5
2024-01-08,105,197,870,94.24,51.4
2024-01-08,106,180,829,96.12,57.5
2024-01-08,107,184,1079,96.54,55.7
2024-01-08,108,122,627,98.64,29.9
2024-01-09,101,223,1127,91.46,64.1
2024-01-09,102,155,882,99.81,44.3
2024-01-09,103,202,936,98.65,50.4
2024-01-09,104,190,1115,87.19,49.0
2024-01-09,105,105,573,97.91,30.8
2024-01-09,106,96,553,93.29,25.7
2024-01-09,107,150,601,90.92,43.6
2024-01-09,108,102,502,91.05,30.1
2024-01-10,101,160,698,88.17,48.7
2024-01-10,102,162,876,94.75,55.1
2024-01-10,103,104,419,92.2,18.6
2024-01-10,104,191,877,87.47,31.4
2024-01-10,105,225,1038,99.8,35.5
2024-01-10,106,81,478,90.3,26.5
2024-01-10,107,135,801,93.69,39.9
2024-01-10,108,83,362,93.27,15.2
2024-01-11,101,141,591,95.01,38.8
2024-01-11,102,170,934,89.62,56.0
2024-01-11,103,135,550,91.39,25.5
2024-01-11,104,111,654,85.95,18.8
2024-01-11,105,99,571,96.26,22.7
2024-01-11,106,119,600,99.67,31.0
2024-01-11,107,223,1272,97.0,60.7
2024-01-11,108,168,959,93.74,51.5
2024-01-12,101,131,582,90.32,24.0
2024-01-12,102,163,666,96.95,27.0
2024-01-12,103,183,944,98.44,59.2
2024-01-12,104,228,919,87.12,61.8
2024-01-12,105,224,1185,90.17,67.2
2024-01-12,106,132,539,90.21,44.5
2024-01-12,107,184,995,90.7,56.9
2024-01-12,108,160,828,92.21,39.4
2024-01-13,101,41,205,99.9,10.2
2024-01-13,102,63,315,93.16,12.0
2024-01-13,103,51,255,91.21,14.5
2024-01-13,104,28,140,83.97,6.7
2024-01-13,105,37,185,99.41,9.3
2024-01-13,106,63,315,91.78,14.0
2024-01-13,107,36,180,95.53,7.1
2024-01-13,108,41,205,96.52,9.0
2024-01-14,101,42,210,93.16,9.5
2024-01-14,102,62,310,90.06,13.5
2024-01-14,103,42,210,91.0,6.5
2024-01-14,104,25,125,83.16,5.5
2024-01-14,105,44,220,94.26,14.9
2024-01-14,106,53,265,88.76,9.7
2024-01-14,107,47,235,97.24,12.7
2024-01-14,108,63,315,91.82,13.9
2024-01-15,101,101,455,99.29,28.0
2024-01-15,102,196,863,93.11,48.8
2024-01-15,103,97,467,89.27,30.4
2024-01-15,104,181,907,86.12,33.8
2024-01-15,105,117,590,90.72,20.4
2024-01-15,106,82,485,94.53,25.4
2024-01-15,107,88,453,98.59,24.7
2024-01-15,108,151,862,93.61,48.9
2024-01-16,101,194,989,89.16,34.2
2024-01-16,102,214,1236,99.16,34.4
2024-01-16,103,129,643,98.2,22.0
2024-01-16,104,84,383,88.68,24.5
2024-01-16,105,175,878,94.63,40.6
2024-01-16,106,135,631,89.29,33.9
2024-01-16,107,225,1239,94.25,50.3
2024-01-16,108,137,747,99.89,47.7
2024-01-17,101,89,487,90.95,28.2
2024-01-17,102,221,1296,92.46,36.7
2024-01-17,103,117,608,94.11,33.8
2024-01-17,104,98,518,84.81,29.0
2024-01-17,105,177,1003,92.29,48.2
2024-01-17,106,112,515,93.89,19.8
2024-01-17,107,150,693,94.12,40.2
2024-01-17,108,195,972,91.57,35.5
2024-01-18,101,166,801,98.02,32.5
2024-01-18,102,154,749,97.6,32.2
2024-01-18,103,194,805,89.27,48.3
2024-01-18,104,129,681,87.58,44.4
2024-01-18,105,109,506,88.3,32.7
2024-01-18,106,193,1094,93.0,51.2
2024-01-18,107,194,875,88.38,40.6
2024-01-18,108,138,668,99.53,22.2
2024-01-19,101,213,936,88.31,32.8
2024-01-19,102,121,542,91.85,41.5
2024-01-19,103,154,720,96.09,24.9
2024-01-19,104,201,893,94.0,37.0
2024-01-19,105,171,695,99.26,57.3
2024-01-19,106,121,618,98.15,25.8
2024-01-19,107,212,1053,92.21,69.6
2024-01-19,108,111,477,94.87,31.2
2024-01-20,101,45,225,89.67,10.3
2024-01-20,102,52,260,88.03,17.1
2024-01-20,103,60,300,96.77,14.5
2024-01-20,104,44,220,91.11,11.5
2024-01-20,105,46,230,92.25,9.7
2024-01-20,106,35,175,98.78,6.2
2024-01-20,107,44,220,97.54,7.2
2024-01-20,108,26,130,98.11,6.4
2024-01-21,101,55,275,97.94,16.6
2024-01-21,102,58,290,96.31,11.7
2024-01-21,103,63,315,95.0,21.0
2024-01-21,104,48,240,89.09,10.2
2024-01-21,105,46,230,99.29,12.8
2024-01-21,106,43,215,96.04,15.0
2024-01-21,107,55,275,94.1,15.7
2024-01-21,108,60,300,91.02,19.5
2024-01-22,101,108,633,92.73,36.8
2024-01-22,102,129,529,95.92,21.2
2024-01-22,103,164,667,98.03,39.9
2024-01-22,104,176,996,82.19,36.0
2024-01-22,105,118,475,92.97,19.7
2024-01-22,106,156,918,95.24,31.3
2024-01-22,107,131,591,89.46,44.3
2024-01-22,108,118,640,88.48,26.8
2024-01-23,101,158,685,97.13,47.4
2024-01-23,102,175,929,97.55,60.8
2024-01-23,103,153,749,93.03,30.7
2024-01-23,104,113,614,91.06,19.0
2024-01-23,105,204,1147,88.4,34.3
2024-01-23,106,132,616,94.06,33.9
2024-01-23,107,111,523,99.5,38.0
2024-01-23,108,93,519,88.16,24.1
2024-01-24,101,156,879,99.85,33.7
2024-01-24,102,88,419,93.24,21.5
2024-01-24,103,82,419,93.36,22.9
2024-01-24,104,214,1196,82.48,46.3
2024-01-24,105,94,435,96.33,29.6
2024-01-24,106,142,849,88.86,22.6
2024-01-24,107,198,935,96.74,33.8
2024-01-24,108,146,769,88.29,48.1
2024-01-25,101,159,784,98.24,54.2
2024-01-25,102,219,1125,98.43,73.5
2024-01-25,103,175,1027,99.3,30.3
2024-01-25,104,228,1005,86.45,63.1
2024-01-25,105,100,577,95.64,27.9
2024-01-25,106,155,758,98.13,47.3
2024-01-25,107,135,740,99.29,45.6
2024-01-25,108,227,1110,91.05,64.0
2024-01-26,101,175,1045,97.13,59.2
2024-01-26,102,192,846,89.0,52.6
2024-01-26,103,128,632,92.13,41.3
2024-01-26,104,214,1203,83.94,63.8
2024-01-26,105,126,608,97.9,26.7
2024-01-26,106,218,1202,88.57,74.5
2024-01-26,107,166,771,97.93,50.2
2024-01-26,108,181,917,88.73,34.7
2024-01-27,101,57,285,95.45,13.3
2024-01-27,102,43,215,96.54,14.6
2024-01-27,103,26,130,94.68,7.0
2024-01-27,104,52,260,85.36,10.6
2024-01-27,105,47,235,96.61,15.6
2024-01-27,106,50,250,95.99,17.4
2024-01-27,107,57,285,94.37,19.0
2024-01-27,108,40,200,95.62,10.9
2024-01-28,101,56,280,92.18,9.1
2024-01-28,102,64,320,89.53,13.0
2024-01-28,103,25,125,93.81,8.5
2024-01-28,104,48,240,89.45,15.1
2024-01-28,105,24,120,96.99,7.9
2024-01-28,106,33,165,93.21,6.6
2024-01-28,107,51,255,88.3,11.6
2024-01-28,108,65,325,96.45,18.3
2024-01-29,101,188,845,93.14,53.3
2024-01-29,102,205,1000,88.78,47.2
2024-01-29,103,169,842,96.29,34.5
2024-01-29,104,226,908,89.64,51.7
2024-01-29,105,170,887,89.32,46.8
2024-01-29,106,130,652,94.3,42.3
2024-01-29,107,161,860,88.23,40.3
2024-01-29,108,216,937,93.07,40.5
2024-01-30,101,117,579,92.18,26.0
2024-01-30,102,128,760,99.7,34.0
2024-01-30,103,118,549,99.33,18.3
2024-01-30,104,215,978,85.28,45.3
2024-01-30,105,138,672,96.65,45.4
2024-01-30,106,156,687,99.1,31.7
2024-01-30,107,92,384,94.7,15.9
2024-01-30,108,124,604,88.53,24.7
2024-01-31,101,86,474,91.12,17.1
2024-01-31,102,99,572,95.54,19.3
2024-01-31,103,137,807,92.07,32.6
2024-01-31,104,165,734,92.86,40.4
2024-01-31,105,196,1070,88.5,29.8
2024-01-31,106,216,920,95.91,41.6
2024-01-31,107,211,893,88.46,62.2
2024-01-31,108,221,906,99.36,39.4
2024-02-01,101,228,1277,96.77,47.8
2024-02-01,102,119,702,99.24,36.4
2024-02-01,103,192,1023,89.55,53.4
2024-02-01,104,183,952,88.95,35.9
2024-02-01,105,180,726,96.41,49.9
2024-02-01,106,138,583,97.96,21.5
2024-02-01,107,114,515,96.2,38.2
2024-02-01,108,176,761,94.73,37.4
2024-02-02,101,138,714,96.84,46.0
2024-02-02,102,89,386,92.56,28.9
2024-02-02,103,208,880,93.21,66.2
2024-02-02,104,133,724,84.22,45.6
2024-02-02,105,158,820,97.51,27.9
2024-02-02,106,158,879,99.52,33.8
2024-02-02,107,137,758,93.1,41.3
2024-02-02,108,101,555,99.15,16.9
2024-02-03,101,58,290,89.65,11.2
2024-02-03,102,35,175,88.78,8.3
2024-02-03,103,65,325,91.24,12.2
2024-02-03,104,32,160,90.5,10.4
2024-02-03,105,24,120,91.73,5.4
2024-02-03,106,30,150,96.19,6.2
2024-02-03,107,42,210,88.53,13.2
2024-02-03,108,33,165,92.84,5.0
2024-02-04,101,52,260,99.79,12.4
2024-02-04,102,30,150,91.02,9.1
2024-02-04,103,63,315,91.2,15.1
2024-02-04,104,35,175,83.77,8.4
2024-02-04,105,29,145,97.93,4.7
2024-02-04,106,66,330,95.02,12.4
2024-02-04,107,45,225,94.02,10.3
2024-02-04,108,44,220,89.18,13.8
2024-02-05,101,224,935,96.13,59.6
2024-02-05,102,178,981,94.31,51.8
2024-02-05,103,89,401,93.31,25.7
2024-02-05,104,108,510,83.2,30.8
2024-02-05,105,147,696,93.34,31.8
2024-02-05,106,120,715,93.53,37.6
2024-02-05,107,158,766,91.95,52.2
2024-02-05,108,143,656,94.49,27.9
2024-02-06,101,146,768,94.59,42.5
2024-02-06,102,168,926,92.68,53.0
2024-02-06,103,153,802,88.3,35.2
2024-02-06,104,221,928,87.08,46.7
2024-02-06,105,156,895,90.83,25.9
2024-02-06,106,168,803,91.32,56.5
2024-02-06,107,196,836,96.17,37.7
2024-02-06,108,195,864,99.88,46.1
2024-02-07,101,121,528,95.26,35.7
2024-02-07,102,181,932,89.37,42.3
2024-02-07,103,94,480,94.86,17.2
2024-02-07,104,131,589,88.88,44.4
2024-02-07,105,132,710,99.52,40.9
2024-02-07,106,217,1018,99.49,53.8
2024-02-07,107,225,1021,99.89,47.6
2024-02-07,108,186,864,94.12,60.6
2024-02-08,101,111,468,99.29,27.5
2024-02-08,102,102,416,95.12,32.7
2024-02-08,103,189,993,92.47,33.7
2024-02-08,104,198,1162,86.84,57.8
2024-02-08,105,95,421,88.83,25.1
2024-02-08,106,201,939,91.0,53.3
2024-02-08,107,128,563,89.13,22.3
2024-02-08,108,113,531,90.67,24.9
2024-02-09,101,187,937,95.07,54.5
2024-02-09,102,105,514,89.21,17.3
2024-02-09,103,91,446,93.04,22.9
2024-02-09,104,162,687,92.38,42.6
2024-02-09,105,88,494,96.08,23.9
2024-02-09,106,94,417,92.02,23.3
2024-02-09,107,175,997,92.93,35.1
2024-02-09,108,137,571,88.55,23.6
2024-02-10,101,36,180,88.05,9.0
2024-02-10,102,28,140,98.57,8.7
2024-02-10,103,35,175,88.44,11.6
2024-02-10,104,39,195,85.67,9.7
2024-02-10,105,32,160,88.28,7.1
2024-02-10,106,44,220,95.61,12.4
2024-02-10,107,39,195,91.99,12.6
2024-02-10,108,51,255,96.08,12.5
2024-02-11,101,56,280,91.82,13.8
2024-02-11,102,44,220,98.39,13.6
2024-02-11,103,67,335,89.8,19.4
2024-02-11,104,44,220,89.87,10.0
2024-02-11,105,54,270,91.79,8.7
2024-02-11,106,31,155,92.49,9.5
2024-02-11,107,49,245,89.53,8.2
2024-02-11,108,53,265,98.75,10.5
2024-02-12,101,178,789,99.05,37.6
2024-02-12,102,193,1042,91.49,60.6
2024-02-12,103,104,429,88.59,18.0
2024-02-12,104,217,1198,87.83,47.4
2024-02-12,105,223,1152,91.35,36.9
2024-02-12,106,154,831,88.27,49.5
2024-02-12,107,117,647,97.95,20.4
2024-02-12,108,215,1213,93.18,63.5
2024-02-13,101,153,642,92.19,35.3
2024-02-13,102,193,1086,92.27,51.4
2024-02-13,103,158,932,97.07,37.3
2024-02-13,104,108,637,93.99,24.2
2024-02-13,105,222,1057,94.41,72.9
2024-02-13,106,137,765,97.3,30.3
2024-02-13,107,130,700,99.32,21.5
2024-02-13,108,93,434,89.72,18.3
2024-02-14,101,224,1073,92.95,41.3
2024-02-14,102,160,825,92.33,26.6
2024-02-14,103,174,870,91.23,59.1
2024-02-14,104,104,440,91.07,17.6
2024-02-14,105,136,591,91.4,43.9
2024-02-14,106,99,447,91.98,24.0
2024-02-14,107,227,989,99.55,59.1
2024-02-14,108,192,1146,94.63,54.2
2024-02-15,101,173,912,99.3,60.4
2024-02-15,102,176,914,98.19,30.5
2024-02-15,103,93,476,92.57,18.9
2024-02-15,104,200,830,90.34,40.1
2024-02-15,105,105,578,97.05,17.0
2024-02-15,106,97,576,90.3,30.5
2024-02-15,107,185,837,89.55,46.1
2024-02-15,108,97,475,96.43,26.6
2024-02-16,101,104,564,91.48,22.3
2024-02-16,102,128,590,99.72,40.0
2024-02-16,103,160,691,98.62,25.9
2024-02-16,104,128,648,92.3,38.1
2024-02-16,105,176,844,94.04,54.9
2024-02-16,106,206,858,99.24,52.2
2024-02-16,107,102,430,94.73,20.4
2024-02-16,108,182,890,95.88,53.0
2024-02-17,101,66,330,99.37,16.7
2024-02-17,102,47,235,89.31,9.3
2024-02-17,103,38,190,88.22,12.3
2024-02-17,104,25,125,82.51,4.6
2024-02-17,105,56,280,90.61,11.8
2024-02-17,106,29,145,96.38,8.5
2024-02-17,107,56,280,98.35,14.9
2024-02-17,108,42,210,90.72,9.9
2024-02-18,101,67,335,95.98,19.9
2024-02-18,102,41,205,93.6,13.3
2024-02-18,103,57,285,88.81,16.2
2024-02-18,104,61,305,86.74,11.3
2024-02-18,105,51,255,91.31,14.5
2024-02-18,106,51,255,99.84,8.8
2024-02-18,107,29,145,89.91,8.5
2024-02-18,108,58,290,99.51,12.2
2024-02-19,101,125,548,89.92,24.8
2024-02-19,102,145,644,92.08,44.2
2024-02-19,103,179,749,93.12,47.9
2024-02-19,104,191,1065,91.81,39.7
2024-02-19,105,169,757,90.9,55.0
2024-02-19,106,137,763,93.5,47.9
2024-02-19,107,153,775,89.19,41.0
2024-02-19,108,144,818,91.11,24.4
2024-02-20,101,153,793,98.55,43.5
2024-02-20,102,142,585,98.75,44.4
2024-02-20,103,200,1189,91.43,65.6
2024-02-20,104,111,655,92.83,34.2
2024-02-20,105,103,521,92.25,31.8
2024-02-20,106,199,1045,97.85,58.0
2024-02-20,107,111,652,97.39,19.5
2024-02-20,108,83,462,96.65,24.1
2024-02-21,101,169,1009,92.74,36.6
2024-02-21,102,104,466,89.84,34.0
2024-02-21,103,207,1090,98.19,51.4
2024-02-21,104,83,360,82.0,24.4
2024-02-21,105,112,662,93.26,31.2
2024-02-21,106,164,770,93.28,26.7
2024-02-21,107,216,1009,91.52,35.3
2024-02-21,108,83,425,97.73,23.9
2024-02-22,101,89,449,89.14,20.5
2024-02-22,102,226,1245,97.28,55.5
2024-02-22,103,199,800,99.03,53.9
2024-02-22,104,203,1170,89.39,35.7
2024-02-22,105,127,652,90.89,37.7
2024-02-22,106,181,807,89.17,62.6
2024-02-22,107,220,1263,88.05,33.9
2024-02-22,108,215,1115,94.16,64.2
2024-02-23,101,86,419,92.51,26.2
2024-02-23,102,169,816,89.11,41.7
2024-02-23,103,155,659,90.85,49.9
2024-02-23,104,131,620,84.08,22.2
2024-02-23,105,93,474,96.59,32.4
2024-02-23,106,172,694,89.4,54.8
2024-02-23,107,82,466,96.07,27.9
2024-02-23,108,175,826,88.54,31.8
2024-02-24,101,49,245,95.01,16.2
2024-02-24,102,50,250,94.5,11.7
2024-02-24,103,39,195,96.95,6.6
2024-02-24,104,52,260,86.65,14.3
2024-02-24,105,65,325,93.13,15.0
2024-02-24,106,44,220,96.27,13.7
2024-02-24,107,59,295,88.04,15.1
2024-02-24,108,26,130,92.78,6.1
2024-02-25,101,24,120,90.09,7.3
2024-02-25,102,24,120,88.41,6.9
2024-02-25,103,28,140,99.42,4.4
2024-02-25,104,25,125,82.06,8.1
2024-02-25,105,32,160,88.84,8.3
2024-02-25,106,48,240,88.95,9.5
2024-02-25,107,66,330,89.01,11.3
2024-02-25,108,55,275,98.35,13.2
2024-02-26,101,156,923,91.92,51.0
2024-02-26,102,97,557,91.13,18.5
2024-02-26,103,186,1082,98.9,40.1
2024-02-26,104,161,861,91.68,33.7
2024-02-26,105,213,877,96.91,56.0
2024-02-26,106,165,762,93.98,35.9
2024-02-26,107,208,1230,90.58,33.2
2024-02-26,108,106,474,98.13,27.7
2024-02-27,101,214,1122,92.26,68.2
2024-02-27,102,210,1096,96.69,73.2
2024-02-27,103,82,460,89.9,16.9
2024-02-27,104,97,489,92.79,28.6
2024-02-27,105,125,627,97.65,29.7
2024-02-27,106,105,423,94.84,20.2
2024-02-27,107,152,665,88.38,43.3
2024-02-27,108,82,488,98.27,17.6
2024-02-28,101,161,665,92.97,32.1
2024-02-28,102,88,423,98.42,16.5
2024-02-28,103,183,740,97.09,48.7
2024-02-28,104,214,1093,86.16,40.7
2024-02-28,105,171,898,94.74,46.6
2024-02-28,106,125,686,95.55,38.1
2024-02-28,107,198,1085,98.26,43.4
2024-02-28,108,218,1252,96.84,61.4
2024-02-29,101,100,423,88.34,17.3
2024-02-29,102,130,698,91.44,41.6
2024-02-29,103,164,973,99.35,50.0
2024-02-29,104,179,811,91.84,62.5
2024-02-29,105,124,581,96.96,29.1
2024-02-29,106,125,689,92.15,30.1
2024-02-29,107,226,1055,94.16,44.1
2024-02-29,108,186,1111,95.98,45.1
2024-03-01,101,101,459,91.26,17.4
2024-03-01,102,202,1145,90.73,31.7
2024-03-01,103,124,521,98.14,33.5
2024-03-01,104,217,1064,91.29,41.6
2024-03-01,105,210,1112,88.34,32.1
2024-03-01,106,96,525,96.21,22.5
2024-03-01,107,214,915,96.01,57.6
2024-03-01,108,107,430,88.92,24.4
2024-03-02,101,26,130,92.48,7.2
2024-03-02,102,63,315,90.93,19.6
2024-03-02,103,27,135,92.49,4.1
2024-03-02,104,35,175,86.35,7.8
2024-03-02,105,40,200,92.14,10.9
2024-03-02,106,55,275,95.91,15.7
2024-03-02,107,61,305,94.11,19.0
2024-03-02,108,61,305,91.31,20.0
2024-03-03,101,58,290,95.19,13.8
2024-03-03,102,43,215,96.5,12.5
2024-03-03,103,33,165,97.77,5.3
2024-03-03,104,63,315,89.12,12.4
2024-03-03,105,30,150,95.01,6.4
2024-03-03,106,45,225,97.59,8.2
2024-03-03,107,62,310,99.0,21.3
2024-03-03,108,51,255,95.84,17.6
2024-03-04,101,160,644,98.69,42.6
2024-03-04,102,130,580,95.34,32.7
2024-03-04,103,82,413,98.26,20.4
2024-03-04,104,129,517,90.13,33.5
2024-03-04,105,117,485,88.87,22.1
2024-03-04,106,146,694,93.54,35.5
2024-03-04,107,119,606,91.23,32.5
2024-03-04,108,194,819,90.52,47.5
2024-03-05,101,139,724,95.37,35.6
2024-03-05,102,145,867,89.22,23.3
2024-03-05,103,93,497,89.59,30.3
2024-03-05,104,135,548,83.25,25.9
2024-03-05,105,136,720,90.53,30.6
2024-03-05,106,112,581,91.74,29.4
2024-03-05,107,219,1153,90.88,52.0
2024-03-05,108,172,815,88.47,38.3
2024-03-06,101,145,768,94.78,26.6
2024-03-06,102,216,1265,96.41,46.6
2024-03-06,103,93,509,95.16,26.4
2024-03-06,104,191,950,93.88,36.8
2024-03-06,105,197,1176,90.55,53.1
2024-03-06,106,85,389,88.97,12.9
2024-03-06,107,201,1055,98.58,38.6
2024-03-06,108,199,1150,93.84,53.7
2024-03-07,101,226,1335,90.45,48.0
2024-03-07,102,94,430,93.58,32.7
2024-03-07,103,163,758,93.03,46.3
2024-03-07,104,201,1051,90.16,44.3
2024-03-07,105,109,517,93.5,16.6
2024-03-07,106,102,446,88.1,35.1
2024-03-07,107,104,616,98.53,15.8
2024-03-07,108,166,730,97.4,50.9
2024-03-08,101,207,1118,95.79,33.1
2024-03-08,102,176,1050,98.5,60.1
2024-03-08,103,214,1150,97.89,49.6
2024-03-08,104,98,421,89.92,21.0
2024-03-08,105,138,570,95.74,24.0
2024-03-08,106,180,743,90.31,50.6
2024-03-08,107,176,783,94.51,60.0
2024-03-08,108,110,486,97.65,33.5
2024-03-09,101,55,275,93.68,16.9
2024-03-09,102,46,230,92.01,12.7
2024-03-09,103,61,305,88.93,15.2
2024-03-09,104,52,260,86.27,10.7
2024-03-09,105,30,150,98.11,10.2
2024-03-09,106,57,285,89.97,19.2
2024-03-09,107,58,290,96.5,14.8
2024-03-09,108,47,235,88.18,14.1
2024-03-10,101,60,300,93.96,14.9
2024-03-10,102,40,200,90.45,12.0
2024-03-10,103,32,160,98.46,9.2
2024-03-10,104,43,215,90.19,14.5
2024-03-10,105,45,225,98.37,14.2
2024-03-10,106,27,135,95.14,4.9
2024-03-10,107,61,305,91.1,15.7
2024-03-10,108,34,170,95.59,7.2
2024-03-11,101,115,503,90.22,30.5
2024-03-11,102,226,1342,99.65,63.5
2024-03-11,103,115,550,92.77,21.4
2024-03-11,104,122,696,90.58,35.1
2024-03-11,105,136,734,99.13,38.5
2024-03-11,106,138,709,93.26,36.1
2024-03-11,107,205,1084,99.73,32.8
2024-03-11,108,227,1100,88.19,48.5
2024-03-12,101,222,1054,99.65,46.8
2024-03-12,102,145,617,94.08,26.2
2024-03-12,103,95,409,94.86,29.9
2024-03-12,104,198,958,87.53,61.0
2024-03-12,105,229,1175,97.42,60.0
2024-03-12,106,205,855,96.69,66.5
2024-03-12,107,172,747,97.07,59.9
2024-03-12,108,165,917,93.14,44.4
2024-03-13,101,80,341,94.56,21.7
2024-03-13,102,173,927,91.48,37.4
2024-03-13,103,226,1150,92.77,53.4
2024-03-13,104,222,1241,86.66,50.3
2024-03-13,105,209,863,96.79,40.2
2024-03-13,106,134,671,98.0,35.7
2024-03-13,107,209,1172,90.46,45.4
2024-03-13,108,135,560,99.81,38.0
2024-03-14,101,132,744,94.09,38.8
2024-03-14,102,191,1019,96.39,64.4
2024-03-14,103,173,922,99.38,32.9
2024-03-14,104,103,489,85.25,21.6
2024-03-14,105,218,1060,93.57,75.7
2024-03-14,106,83,479,92.07,20.2
2024-03-14,107,212,963,98.89,66.9
2024-03-14,108,198,792,95.33,37.2
2024-03-15,101,120,559,94.73,27.7
2024-03-15,102,164,719,94.39,52.5
2024-03-15,103,163,941,95.92,44.6
2024-03-15,104,203,900,85.08,34.5
2024-03-15,105,172,793,93.59,26.5
2024-03-15,106,151,730,94.25,26.1
2024-03-15,107,105,531,96.13,29.1
2024-03-15,108,90,412,97.0,20.4
2024-03-16,101,49,245,96.07,16.2
2024-03-16,102,66,330,97.27,19.5
2024-03-16,103,57,285,94.92,10.0
2024-03-16,104,26,130,83.32,4.5
2024-03-16,105,52,260,89.93,11.6
2024-03-16,106,27,135,94.45,6.1
2024-03-16,107,39,195,89.91,6.5
2024-03-16,108,24,120,88.86,6.6
2024-03-17,101,27,135,97.1,9.2
2024-03-17,102,45,225,93.83,10.3
2024-03-17,103,67,335,88.9,10.5
2024-03-17,104,57,285,87.68,17.4
2024-03-17,105,59,295,94.64,12.1
2024-03-17,106,62,310,94.85,14.1
2024-03-17,107,24,120,97.77,5.8
2024-03-17,108,67,335,95.13,22.6
2024-03-18,101,101,583,91.21,15.9
2024-03-18,102,87,476,96.4,30.2
2024-03-18,103,100,431,95.5,29.7
2024-03-18,104,88,517,84.42,18.7
2024-03-18,105,152,753,95.13,25.2
2024-03-18,106,151,701,94.7,31.1
2024-03-18,107,122,663,90.56,35.9
2024-03-18,108,228,1252,92.81,65.1
2024-03-19,101,215,928,88.62,42.6
2024-03-19,102,100,433,90.43,28.9
2024-03-19,103,136,556,88.73,46.0
2024-03-19,104,225,1005,90.83,34.1
2024-03-19,105,89,400,92.78,26.1
2024-03-19,106,215,1047,94.37,72.3
2024-03-19,107,122,673,91.82,20.8
2024-03-19,108,207,1059,92.52,66.8
2024-03-20,101,209,1150,91.5,63.3
2024-03-20,102,228,988,90.65,40.0
2024-03-20,103,222,1064,90.5,56.4
2024-03-20,104,147,836,89.41,44.1
2024-03-20,105,94,456,95.04,27.9
2024-03-20,106,88,479,95.32,15.9
2024-03-20,107,151,886,89.63,37.4
2024-03-20,108,154,847,88.54,29.3
2024-03-21,101,122,532,97.49,29.5
2024-03-21,102,125,601,91.77,34.8
2024-03-21,103,185,1078,97.26,29.8
2024-03-21,104,222,925,92.05,60.5
2024-03-21,105,148,859,98.79,42.9
2024-03-21,106,210,1148,89.44,40.8
2024-03-21,107,145,643,92.66,38.0
2024-03-21,108,184,831,93.57,36.2
2024-03-22,101,164,958,96.9,46.5
2024-03-22,102,85,435,97.08,19.0
2024-03-22,103,189,849,89.09,56.7
2024-03-22,104,208,878,91.74,65.7
2024-03-22,105,198,1079,97.44,56.3
2024-03-22,106,221,1270,90.54,47.5
2024-03-22,107,108,589,91.55,27.9
2024-03-22,108,203,924,99.6,41.0
2024-03-23,101,64,320,91.56,14.2
2024-03-23,102,45,225,94.98,12.3
2024-03-23,103,30,150,92.48,7.3
2024-03-23,104,44,220,89.37,8.4
2024-03-23,105,59,295,96.09,19.4
2024-03-23,106,29,145,88.0,4.5
2024-03-23,107,24,120,97.51,3.8
2024-03-23,108,27,135,93.12,7.8
2024-03-24,101,33,165,91.48,6.1
2024-03-24,102,58,290,95.15,14.4
2024-03-24,103,59,295,97.8,14.5
2024-03-24,104,58,290,87.22,15.2
2024-03-24,105,28,140,96.29,4.5
2024-03-24,106,32,160,91.85,7.9
2024-03-24,107,54,270,96.93,14.7
2024-03-24,108,49,245,91.54,7.9
2024-03-25,101,116,695,90.13,40.2
2024-03-25,102,131,635,94.1,23.5
2024-03-25,103,102,451,91.47,32.7
2024-03-25,104,222,974,91.17,34.3
2024-03-25,105,149,774,89.19,50.6
2024-03-25,106,197,1034,93.04,51.5
2024-03-25,107,146,784,99.42,35.3
2024-03-25,108,153,685,98.61,52.7
2024-03-26,101,127,645,99.39,23.0
2024-03-26,102,97,492,93.85,30.1
2024-03-26,103,86,494,94.28,18.6
2024-03-26,104,181,1013,89.49,44.1
2024-03-26,105,225,1050,99.42,57.2
2024-03-26,106,194,830,98.15,44.6
2024-03-26,107,122,617,97.86,28.7
2024-03-26,108,106,610,92.42,17.5
2024-03-27,101,123,621,94.59,40.8
2024-03-27,102,224,1140,90.44,67.4
2024-03-27,103,177,1014,97.46,60.6
2024-03-27,104,96,400,86.07,20.4
2024-03-27,105,167,715,89.19,43.8
2024-03-27,106,134,727,93.8,31.5
2024-03-27,107,144,827,98.56,21.9
2024-03-27,108,116,509,98.24,20.8
2024-03-28,101,216,1237,95.1,57.2
2024-03-28,102,200,1032,95.97,43.0
2024-03-28,103,191,1133,99.85,33.1
2024-03-28,104,141,632,92.07,31.7
2024-03-28,105,186,764,94.03,60.3
2024-03-28,106,212,1028,99.18,50.0
2024-03-28,107,131,628,88.14,22.9
2024-03-28,108,131,733,93.38,41.1
2024-03-29,101,143,653,92.36,39.2
2024-03-29,102,204,1183,96.39,63.1
2024-03-29,103,181,798,89.31,57.2
2024-03-29,104,113,500,92.61,18.9
2024-03-29,105,149,849,95.33,31.1
2024-03-29,106,214,1158,99.58,70.3
2024-03-29,107,131,663,93.38,45.2
2024-03-29,108,95,536,90.37,15.4
2024-03-30,101,59,295,95.01,15.5
2024-03-30,102,57,285,99.25,9.8
2024-03-30,103,66,330,89.54,18.3
2024-03-30,104,63,315,83.93,17.4
2024-03-30,105,24,120,90.0,7.1
2024-03-30,106,29,145,88.78,6.9
2024-03-30,107,61,305,92.09,20.2
2024-03-30,108,40,200,93.52,6.2
2024-03-31,101,27,135,94.17,4.5
2024-03-31,102,53,265,98.95,17.9
2024-03-31,103,29,145,96.25,9.4
2024-03-31,104,46,230,87.79,12.2
2024-03-31,105,43,215,99.28,9.6
2024-03-31,106,30,150,99.67,10.3
2024-03-31,107,64,320,96.75,12.4
2024-03-31,108,43,215,96.8,8.0
2024-04-01,101,100,464,97.09,34.2
2024-04-01,102,165,796,99.63,44.0
2024-04-01,103,153,840,94.66,42.3
2024-04-01,104,218,873,82.48,41.5
2024-04-01,105,166,748,91.63,36.9
2024-04-01,106,216,882,96.02,55.6
2024-04-01,107,131,714,93.43,34.0
2024-04-01,108,154,813,99.35,49.0
2024-04-02,101,212,1234,90.08,67.2
2024-04-02,102,207,1042,99.04,47.9
2024-04-02,103,202,941,89.67,45.3
2024-04-02,104,187,850,82.39,58.7
2024-04-02,105,197,1101,91.43,37.2
2024-04-02,106,207,1231,90.77,63.1
2024-04-02,107,213,1090,98.88,60.7
2024-04-02,108,199,1139,90.15,51.5
2024-04-03,101,110,655,91.22,31.7
2024-04-03,102,151,889,91.25,27.8
2024-04-03,103,171,985,91.53,53.8
2024-04-03,104,221,1035,93.63,63.9
2024-04-03,105,157,739,90.02,26.9
2024-04-03,106,135,743,90.55,46.6
2024-04-03,107,188,829,91.59,35.8
2024-04-03,108,128,694,95.56,29.1
2024-04-04,101,114,638,99.27,17.8
2024-04-04,102,93,469,89.09,22.1
2024-04-04,103,217,1094,91.94,56.1
2024-04-04,104,178,1043,83.76,51.3
2024-04-04,105,158,806,89.25,24.4
2024-04-04,106,225,1290,92.69,75.4
2024-04-04,107,100,533,90.17,27.3
2024-04-04,108,209,946,96.45,59.7
2024-04-05,101,226,1304,88.79,77.0
2024-04-05,102,144,674,99.36,41.7
2024-04-05,103,205,1029,89.9,46.0
2024-04-05,104,127,701,85.15,20.2
2024-04-05,105,180,876,88.99,30.7
2024-04-05,106,213,905,98.89,37.9
2024-04-05,107,191,878,97.03,36.5
2024-04-05,108,188,953,98.8,30.4
2024-04-06,101,55,275,96.24,14.1
2024-04-06,102,66,330,92.61,21.0
2024-04-06,103,61,305,91.44,13.9
2024-04-06,104,29,145,88.64,9.9
2024-04-06,105,35,175,92.18,9.3
2024-04-06,106,61,305,92.0,10.0
2024-04-06,107,24,120,92.69,8.3
2024-04-06,108,66,330,97.97,14.7
2024-04-07,101,61,305,94.65,19.5
2024-04-07,102,28,140,94.05,6.1
2024-04-07,103,34,170,92.24,9.1
2024-04-07,104,24,120,88.01,4.7
2024-04-07,105,29,145,95.47,9.2
2024-04-07,106,40,200,98.76,6.7
2024-04-07,107,31,155,90.03,5.8
2024-04-07,108,27,135,88.94,6.7
2024-04-08,101,120,639,97.99,26.6
2024-04-08,102,164,978,97.33,54.0
2024-04-08,103,98,446,94.79,19.6
2024-04-08,104,225,1021,82.56,53.2
2024-04-08,105,109,441,96.04,36.7
2024-04-08,106,224,1206,99.6,76.7
2024-04-08,107,125,537,96.35,36.9
2024-04-08,108,202,984,95.53,35.2
2024-04-09,101,170,852,91.76,59.2
2024-04-09,102,190,1090,98.67,60.3
2024-04-09,103,195,793,92.93,36.8
2024-04-09,104,110,494,90.22,20.6
2024-04-09,105,89,526,98.26,16.3
2024-04-09,106,111,482,95.16,32.5
2024-04-09,107,102,598,95.15,18.2
2024-04-09,108,205,1170,97.18,33.4
2024-04-10,101,169,827,97.4,52.5
2024-04-10,102,215,1237,92.81,44.8
2024-04-10,103,130,549,94.54,19.5
2024-04-10,104,137,726,92.94,30.9
2024-04-10,105,199,935,89.1,50.4
2024-04-10,106,135,723,98.5,26.6
2024-04-10,107,133,700,94.44,44.6
2024-04-10,108,141,708,91.64,34.1
2024-04-11,101,191,808,90.71,32.4
2024-04-11,102,209,888,93.2,62.0
2024-04-11,103,121,566,94.8,29.0
2024-04-11,104,121,496,87.92,25.3
2024-04-11,105,129,730,93.47,36.9
2024-04-11,106,226,1134,98.27,52.7
2024-04-11,107,201,1181,97.29,67.2
2024-04-11,108,85,400,97.91,13.5
2024-04-12,101,120,674,99.71,37.8
2024-04-12,102,92,467,90.35,21.7
2024-04-12,103,161,858,93.32,54.2
2024-04-12,104,132,698,82.24,38.9
2024-04-12,105,227,1012,97.41,60.9
2024-04-12,106,193,871,92.54,42.7
2024-04-12,107,81,329,98.66,22.7
2024-04-12,108,191,1087,97.67,46.9
2024-04-13,101,34,170,97.35,8.9
2024-04-13,102,26,130,90.77,8.1
2024-04-13,103,30,150,99.54,8.3
2024-04-13,104,38,190,83.01,6.9
2024-04-13,105,55,275,88.95,13.7
2024-04-13,106,28,140,91.67,7.6
2024-04-13,107,42,210,90.07,6.8
2024-04-13,108,49,245,92.81,12.8
2024-04-14,101,65,325,88.65,12.0
2024-04-14,102,45,225,97.17,10.1
2024-04-14,103,65,325,92.89,13.4
2024-04-14,104,32,160,86.38,7.8
2024-04-14,105,53,265,95.72,17.3
2024-04-14,106,36,180,92.22,12.3
2024-04-14,107,31,155,90.56,4.9
2024-04-14,108,24,120,90.45,3.9
2024-04-15,101,202,1091,93.67,42.9
2024-04-15,102,92,408,97.95,26.5
2024-04-15,103,196,1086,89.7,37.4
2024-04-15,104,125,582,83.29,42.1
2024-04-15,105,156,710,93.01,29.7
2024-04-15,106,124,579,97.26,39.8
2024-04-15,107,152,727,96.68,29.1
2024-04-15,108,111,612,95.45,34.8
2024-04-16,101,222,1257,90.24,68.1
2024-04-16,102,107,482,93.88,29.3
2024-04-16,103,97,549,88.23,16.7
2024-04-16,104,227,1040,89.14,35.3
2024-04-16,105,205,968,96.96,57.7
2024-04-16,106,96,424,93.3,15.4
2024-04-16,107,171,864,93.54,59.8
2024-04-16,108,182,868,93.99,34.2
2024-04-17,101,161,782,98.29,46.5
2024-04-17,102,127,757,98.3,33.8
2024-04-17,103,144,861,94.32,41.3
2024-04-17,104,152,868,84.01,30.9
2024-04-17,105,86,466,92.47,28.9
2024-04-17,106,161,906,99.04,46.8
2024-04-17,107,184,796,88.67,32.1
2024-04-17,108,145,740,97.48,31.4
2024-04-18,101,123,540,98.17,23.2
2024-04-18,102,228,1006,94.06,39.9
2024-04-18,103,98,581,99.59,15.5
2024-04-18,104,159,713,83.55,51.1
2024-04-18,105,179,759,98.4,29.0
2024-04-18,106,98,408,98.89,22.6
2024-04-18,107,171,1015,99.71,32.0
2024-04-18,108,160,759,97.52,50.7
2024-04-19,101,129,527,91.19,20.7
2024-04-19,102,194,1120,90.61,55.4
2024-04-19,103,127,648,98.23,21.6
2024-04-19,104,135,570,90.45,39.9
2024-04-19,105,229,1283,92.76,43.0
2024-04-19,106,188,984,88.4,43.1
2024-04-19,107,164,898,91.76,40.5
2024-04-19,108,198,961,90.7,47.8
2024-04-20,101,68,340,99.18,15.6
2024-04-20,102,28,140,88.35,9.4
2024-04-20,103,46,230,95.78,12.9
2024-04-20,104,46,230,85.78,11.3
2024-04-20,105,54,270,96.0,9.8
2024-04-20,106,56,280,90.43,17.0
2024-04-20,107,24,120,88.25,8.1
2024-04-20,108,30,150,98.82,9.4
2024-04-21,101,65,325,98.95,21.2
2024-04-21,102,68,340,92.89,17.7
2024-04-21,103,63,315,92.28,10.2
2024-04-21,104,51,255,84.24,9.7
2024-04-21,105,54,270,93.85,8.3
2024-04-21,106,66,330,98.53,17.5
2024-04-21,107,61,305,90.72,14.3
2024-04-21,108,66,330,91.55,19.7
2024-04-22,101,91,453,96.89,15.6
2024-04-22,102,100,403,88.4,24.7
2024-04-22,103,202,1152,95.01,65.6
2024-04-22,104,214,1030,87.97,33.8
2024-04-22,105,155,929,90.16,27.0
2024-04-22,106,100,587,98.74,25.9
2024-04-22,107,95,465,95.29,27.3
2024-04-22,108,158,775,93.86,35.8
2024-04-23,101,139,726,96.56,38.7
2024-04-23,102,128,686,93.35,25.4
2024-04-23,103,188,974,94.51,49.1
2024-04-23,104,137,603,82.85,41.7
2024-04-23,105,128,558,88.19,24.6
2024-04-23,106,152,880,98.25,27.8
2024-04-23,107,214,1241,99.02,66.3
2024-04-23,108,165,844,92.44,54.1
2024-04-24,101,88,507,93.73,25.5
2024-04-24,102,113,642,94.1,34.8
2024-04-24,103,102,487,88.01,24.8
2024-04-24,104,151,843,87.89,23.9
2024-04-24,105,141,844,94.8,34.5
2024-04-24,106,205,939,90.69,36.0
2024-04-24,107,131,543,98.3,30.9
2024-04-24,108,119,502,94.66,23.7
2024-04-25,101,152,758,99.15,22.8
2024-04-25,102,126,701,89.45,23.7
2024-04-25,103,181,838,90.54,59.9
2024-04-25,104,170,708,87.57,50.9
2024-04-25,105,127,609,90.01,32.0
2024-04-25,106,223,1213,95.51,37.9
2024-04-25,107,140,716,90.98,26.8
2024-04-25,108,124,601,89.61,28.9
2024-04-26,101,102,424,95.82,28.6
2024-04-26,102,86,398,99.81,24.6
2024-04-26,103,107,473,88.94,22.0
2024-04-26,104,80,370,83.75,27.3
2024-04-26,105,208,871,93.89,65.3
2024-04-26,106,166,975,89.69,37.4
2024-04-26,107,185,921,89.03,49.7
2024-04-26,108,148,801,92.63,37.9
2024-04-27,101,24,120,97.56,7.8
2024-04-27,102,38,190,92.02,6.5
2024-04-27,103,28,140,96.3,9.8
2024-04-27,104,67,335,85.37,13.6
2024-04-27,105,33,165,97.75,10.1
2024-04-27,106,62,310,97.0,9.9
2024-04-27,107,40,200,97.07,13.0
2024-04-27,108,27,135,99.48,7.2
2024-04-28,101,66,330,99.63,17.8
2024-04-28,102,54,270,88.14,18.5
2024-04-28,103,27,135,97.5,4.7
2024-04-28,104,47,235,85.62,11.1
2024-04-28,105,36,180,91.25,11.9
2024-04-28,106,43,215,91.72,7.9
2024-04-28,107,66,330,91.71,20.7
2024-04-28,108,24,120,93.81,6.7
2024-04-29,101,126,716,92.62,35.0
2024-04-29,102,223,1069,95.13,44.2
2024-04-29,103,203,869,90.23,66.6
2024-04-29,104,179,858,83.64,51.5
2024-04-29,105,160,854,93.13,27.7
2024-04-29,106,106,600,93.52,31.5
2024-04-29,107,139,828,99.67,31.4
2024-04-29,108,86,417,89.56,24.9
2024-04-30,101,191,966,89.74,34.0
2024-04-30,102,154,919,89.15,31.9
2024-04-30,103,176,778,91.37,44.3
2024-04-30,104,98,452,85.57,20.7
2024-04-30,105,199,897,91.94,49.8
2024-04-30,106,137,795,88.53,29.4
2024-04-30,107,183,845,95.65,59.7
2024-04-30,108,186,829,90.39,61.6
2024-05-01,101,207,944,92.91,36.8
2024-05-01,102,85,451,89.23,17.1
2024-05-01,103,191,1019,88.16,36.5
2024-05-01,104,157,766,85.04,45.0
2024-05-01,105,104,609,94.58,30.1
2024-05-01,106,218,925,99.46,38.1
2024-05-01,107,129,675,97.97,32.7
2024-05-01,108,146,853,88.43,46.9
2024-05-02,101,144,820,89.66,38.3
2024-05-02,102,195,822,94.24,58.8
2024-05-02,103,224,1225,99.01,53.6
2024-05-02,104,229,937,84.96,40.9
2024-05-02,105,217,1048,99.48,64.4
2024-05-02,106,187,1059,95.04,41.4
2024-05-02,107,95,419,96.29,20.1
2024-05-02,108,177,772,96.08,53.6
2024-05-03,101,223,1301,97.29,44.3
2024-05-03,102,177,741,90.51,35.0
2024-05-03,103,157,635,99.41,34.4
2024-05-03,104,195,1130,93.97,58.6
2024-05-03,105,139,588,96.51,22.9
2024-05-03,106,205,852,92.78,57.3
2024-05-03,107,121,606,92.3,37.1
2024-05-03,108,169,687,97.15,49.8
2024-05-04,101,66,330,99.08,20.0
2024-05-04,102,44,220,88.32,14.5
2024-05-04,103,67,335,97.4,12.7
2024-05-04,104,57,285,85.99,8.7
2024-05-04,105,52,260,89.35,16.6
2024-05-04,106,38,190,97.96,9.9
2024-05-04,107,49,245,92.51,7.4
2024-05-04,108,37,185,89.58,10.4
2024-05-05,101,46,230,88.92,12.4
2024-05-05,102,66,330,92.3,21.3
2024-05-05,103,44,220,98.9,11.0
2024-05-05,104,26,130,85.44,8.6
2024-05-05,105,41,205,91.2,11.1
2024-05-05,106,35,175,97.41,11.7
2024-05-05,107,49,245,95.1,12.3
2024-05-05,108,67,335,97.89,22.3
2024-05-06,101,208,1120,92.01,35.5
2024-05-06,102,102,600,88.23,35.0
2024-05-06,103,109,586,94.84,20.2
2024-05-06,104,140,703,83.97,34.0
2024-05-06,105,210,1045,88.92,39.5
2024-05-06,106,136,700,97.14,28.3
2024-05-06,107,138,595,88.18,33.1
2024-05-06,108,108,551,97.92,33.5
2024-05-07,101,222,1302,89.31,61.5
2024-05-07,102,190,1008,92.57,54.1
2024-05-07,103,112,492,88.24,29.4
2024-05-07,104,100,564,86.87,34.7
2024-05-07,105,197,845,98.61,47.3
2024-05-07,106,214,1179,98.48,73.4
2024-05-07,107,184,900,90.91,47.0
2024-05-07,108,123,704,95.23,18.5
2024-05-08,101,190,885,91.81,43.1
2024-05-08,102,225,1153,90.23,69.8
2024-05-08,103,169,739,93.41,50.6
2024-05-08,104,147,620,84.14,23.3
2024-05-08,105,167,852,91.77,29.3
2024-05-08,106,125,679,94.7,43.1
2024-05-08,107,88,509,96.32,26.1
2024-05-08,108,153,851,91.53,40.2
2024-05-09,101,210,1109,90.21,44.2
2024-05-09,102,122,635,90.22,31.5
2024-05-09,103,96,392,96.92,15.8
2024-05-09,104,218,1301,82.38,61.6
2024-05-09,105,191,936,94.13,33.7
2024-05-09,106,168,710,95.82,34.6
2024-05-09,107,101,487,93.16,24.6
2024-05-09,108,169,715,92.4,30.5
2024-05-10,101,117,628,94.76,25.7
2024-05-10,102,213,1080,93.58,53.7
2024-05-10,103,162,667,99.58,39.4
2024-05-10,104,110,442,84.97,18.8
2024-05-10,105,211,979,98.0,66.8
2024-05-10,106,177,1012,88.18,30.3
2024-05-10,107,100,542,88.83,24.9
2024-05-10,108,144,665,98.36,26.5
2024-05-11,101,44,220,89.51,13.8
2024-05-11,102,40,200,97.26,13.8
2024-05-11,103,28,140,89.68,7.1
2024-05-11,104,39,195,82.93,7.9
2024-05-11,105,39,195,95.17,13.5
2024-05-11,106,60,300,92.13,15.7
2024-05-11,107,25,125,97.43,4.9
2024-05-11,108,56,280,98.32,8.6
2024-05-12,101,50,250,93.82,15.6
2024-05-12,102,36,180,88.83,6.5
2024-05-12,103,52,260,96.62,13.7
2024-05-12,104,66,330,83.76,17.5
2024-05-12,105,30,150,97.66,9.4
2024-05-12,106,65,325,91.05,13.2
2024-05-12,107,61,305,96.35,9.6
2024-05-12,108,48,240,99.41,9.9
2024-05-13,101,226,1079,89.42,37.5
2024-05-13,102,227,1021,93.81,65.9
2024-05-13,103,202,986,94.17,51.4
2024-05-13,104,162,815,82.11,24.4
2024-05-13,105,106,546,95.07,22.6
2024-05-13,106,216,1285,99.18,44.1
2024-05-13,107,119,686,93.55,22.8
2024-05-13,108,85,413,97.03,14.4
2024-05-14,101,137,733,90.09,34.6
2024-05-14,102,206,1000,94.35,70.3
2024-05-14,103,190,1108,91.54,64.6
2024-05-14,104,145,821,83.15,25.0
2024-05-14,105,218,1107,96.55,42.5
2024-05-14,106,86,354,98.69,18.1
2024-05-14,107,200,954,97.17,62.9
2024-05-14,108,80,350,90.43,15.0
2024-05-15,101,143,784,90.94,28.1
2024-05-15,102,194,786,89.66,51.2
2024-05-15,103,177,952,88.83,57.0
2024-05-15,104,150,811,91.98,23.7
2024-05-15,105,166,685,97.28,50.0
2024-05-15,106,153,775,96.28,46.6
2024-05-15,107,132,569,95.73,22.0
2024-05-15,108,95,462,93.93,31.2
2024-05-16,101,122,533,90.43,24.1
2024-05-16,102,216,1034,95.78,51.3
2024-05-16,103,90,484,99.12,26.4
2024-05-16,104,153,636,83.78,23.6
2024-05-16,105,150,896,98.55,34.8
2024-05-16,106,198,852,89.64,34.9
2024-05-16,107,206,923,91.65,70.5
2024-05-16,108,117,699,92.43,28.3
2024-05-17,101,157,687,99.69,48.9
2024-05-17,102,167,864,96.58,39.1
2024-05-17,103,140,661,89.54,33.8
2024-05-17,104,165,690,82.67,51.2
2024-05-17,105,148,764,93.28,22.9
2024-05-17,106,162,956,97.4,45.7
2024-05-17,107,115,677,90.06,23.2
2024-05-17,108,203,976,99.32,68.5
2024-05-18,101,55,275,97.05,14.0
2024-05-18,102,33,165,89.14,10.1
2024-05-18,103,68,340,93.86,12.7
2024-05-18,104,29,145,89.03,6.1
2024-05-18,105,36,180,97.87,11.4
2024-05-18,106,27,135,98.95,5.6
2024-05-18,107,24,120,91.62,3.6
2024-05-18,108,33,165,94.79,5.0
2024-05-19,101,68,340,94.0,17.4
2024-05-19,102,35,175,88.38,10.7
2024-05-19,103,44,220,95.69,9.3
2024-05-19,104,42,210,82.76,12.9
2024-05-19,105,60,300,91.12,14.2
2024-05-19,106,35,175,95.29,10.9
2024-05-19,107,47,235,92.85,13.9
2024-05-19,108,36,180,95.27,7.0
2024-05-20,101,159,654,94.48,26.5
2024-05-20,102,229,1205,94.63,40.5
2024-05-20,103,94,502,89.18,21.3
2024-05-20,104,140,562,86.14,34.5
2024-05-20,105,156,777,92.03,37.6
2024-05-20,106,194,1019,88.51,35.7
2024-05-20,107,110,518,92.66,34.2
2024-05-20,108,92,413,97.95,22.2
2024-05-21,101,180,1074,97.82,62.8
2024-05-21,102,98,579,98.55,18.0
2024-05-21,103,106,629,92.43,23.8
2024-05-21,104,145,754,89.62,23.0
2024-05-21,105,142,843,97.2,28.2
2024-05-21,106,204,1221,97.71,65.4
2024-05-21,107,126,736,88.43,38.2
2024-05-21,108,162,969,89.03,52.2
2024-05-22,101,137,737,88.92,42.6
2024-05-22,102,222,1073,98.49,58.2
2024-05-22,103,190,916,88.87,43.9
2024-05-22,104,136,771,84.52,29.3
2024-05-22,105,125,588,90.8,24.9
2024-05-22,106,170,923,92.65,51.5
2024-05-22,107,127,698,96.94,27.4
2024-05-22,108,228,934,94.24,35.7
2024-05-23,101,87,505,99.41,13.5
2024-05-23,102,224,1178,99.12,67.5
2024-05-23,103,120,495,92.5,38.6
2024-05-23,104,171,853,87.66,58.4
2024-05-23,105,195,784,96.66,41.3
2024-05-23,106,123,543,93.9,27.0
2024-05-23,107,146,689,97.83,35.1
2024-05-23,108,164,978,88.71,40.6
2024-05-24,101,176,928,95.0,34.5
2024-05-24,102,207,1187,91.89,44.7
2024-05-24,103,214,934,91.39,49.9
2024-05-24,104,180,964,91.05,33.3
2024-05-24,105,146,673,89.5,44.1
2024-05-24,106,142,847,94.79,33.9
2024-05-24,107,85,408,93.46,27.2
2024-05-24,108,174,858,97.85,41.8
2024-05-25,101,65,325,96.09,13.2
2024-05-25,102,50,250,92.9,9.3
2024-05-25,103,57,285,94.33,18.3
2024-05-25,104,68,340,83.72,12.5
2024-05-25,105,66,330,89.55,12.3
2024-05-25,106,66,330,93.5,15.4
2024-05-25,107,28,140,88.54,6.6
2024-05-25,108,40,200,95.03,6.7
2024-05-26,101,63,315,95.05,21.2
2024-05-26,102,59,295,94.61,14.6
2024-05-26,103,26,130,90.54,4.5
2024-05-26,104,43,215,86.76,15.0
2024-05-26,105,53,265,91.6,17.1
2024-05-26,106,45,225,91.23,13.7
2024-05-26,107,42,210,94.08,7.8
2024-05-26,108,40,200,94.89,10.2
2024-05-27,101,185,1051,96.06,53.6
2024-05-27,102,131,755,91.0,29.6
2024-05-27,103,151,875,91.72,40.4
2024-05-27,104,110,470,87.33,23.7
2024-05-27,105,200,818,95.77,42.6
2024-05-27,106,117,650,90.27,33.8
2024-05-27,107,155,677,91.25,35.9
2024-05-27,108,186,835,96.95,28.6
2024-05-28,101,113,536,98.5,38.4
2024-05-28,102,228,1313,95.32,71.7
2024-05-28,103,212,940,94.45,47.5
2024-05-28,104,119,648,82.35,18.4
2024-05-28,105,142,629,99.71,45.2
2024-05-28,106,144,860,91.24,35.7
2024-05-28,107,191,819,94.58,53.4
2024-05-28,108,110,483,98.42,21.1
2024-05-29,101,193,786,90.21,58.5
2024-05-29,102,208,1194,94.24,32.1
2024-05-29,103,80,369,94.66,26.9
2024-05-29,104,229,1264,93.45,51.4
2024-05-29,105,189,828,97.61,53.2
2024-05-29,106,190,997,91.21,39.3
2024-05-29,107,86,379,95.66,30.0
2024-05-29,108,153,790,92.4,33.7
2024-05-30,101,144,721,94.47,35.2
2024-05-30,102,123,505,92.86,19.7
2024-05-30,103,90,455,95.44,31.3
2024-05-30,104,191,789,93.48,58.9
2024-05-30,105,84,439,89.14,18.6
2024-05-30,106,95,495,91.26,27.5
2024-05-30,107,102,597,99.1,35.1
2024-05-30,108,196,846,96.05,50.6
2024-05-31,101,189,1058,94.23,35.5
2024-05-31,102,181,853,98.6,48.6
2024-05-31,103,100,585,90.95,32.1
2024-05-31,104,190,933,88.61,32.5
2024-05-31,105,119,617,92.88,29.6
2024-05-31,106,222,958,89.68,70.0
2024-05-31,107,200,999,91.27,57.1
2024-05-31,108,205,827,92.82,68.7
2024-06-01,101,66,330,94.57,19.3
2024-06-01,102,56,280,90.67,14.4
2024-06-01,103,42,210,94.12,13.3
2024-06-01,104,37,185,91.96,10.4
2024-06-01,105,28,140,93.71,9.0
2024-06-01,106,63,315,99.38,20.5
2024-06-01,107,30,150,89.58,6.8
2024-06-01,108,46,230,96.8,11.9
2024-06-02,101,42,210,94.39,8.9
2024-06-02,102,26,130,92.32,7.2
2024-06-02,103,30,150,90.24,7.7
2024-06-02,104,30,150,85.48,5.6
2024-06-02,105,30,150,98.83,5.9
2024-06-02,106,44,220,97.63,14.9
2024-06-02,107,67,335,90.73,10.6
2024-06-02,108,25,125,97.85,7.1
2024-06-03,101,95,508,89.17,16.7
2024-06-03,102,166,743,95.02,39.6
2024-06-03,103,107,490,96.96,20.7
2024-06-03,104,147,686,82.02,31.1
2024-06-03,105,128,612,89.57,32.2
2024-06-03,106,169,976,91.53,56.8
2024-06-03,107,177,891,97.64,41.7
2024-06-03,108,227,1105,92.97,68.6
2024-06-04,101,82,364,92.27,16.1
2024-06-04,102,191,914,96.13,62.7
2024-06-04,103,95,567,95.07,21.8
2024-06-04,104,200,1091,90.99,37.8
2024-06-04,105,101,505,95.68,19.4
2024-06-04,106,120,686,90.53,27.4
2024-06-04,107,132,710,96.71,20.9
2024-06-04,108,128,618,89.48,29.9
2024-06-05,101,100,450,89.36,32.7
2024-06-05,102,119,620,88.27,40.0
2024-06-05,103,219,890,97.74,41.6
2024-06-05,104,83,344,93.3,20.7
2024-06-05,105,169,823,88.9,57.3
2024-06-05,106,206,939,94.72,34.0
2024-06-05,107,175,726,88.82,45.1
2024-06-05,108,97,501,98.94,22.2
2024-06-06,101,139,600,88.92,26.6
2024-06-06,102,113,517,94.49,23.2
2024-06-06,103,189,853,94.47,56.3
2024-06-06,104,108,502,91.38,21.5
2024-06-06,105,224,1058,96.76,56.6
2024-06-06,106,116,479,90.96,30.7
2024-06-06,107,173,736,93.15,30.3
2024-06-06,108,221,1054,99.03,62.0
2024-06-07,101,225,1248,97.98,50.3
2024-06-07,102,83,412,90.39,14.5
2024-06-07,103,223,953,99.88,35.6
2024-06-07,104,205,1077,87.03,47.9
2024-06-07,105,173,743,97.33,37.5
2024-06-07,106,164,942,91.96,29.0
2024-06-07,107,181,944,92.62,45.4
2024-06-07,108,199,1145,89.24,45.2
2024-06-08,101,25,125,93.14,5.4
2024-06-08,102,60,300,95.17,21.0
2024-06-08,103,57,285,96.99,16.9
2024-06-08,104,61,305,82.51,16.0
2024-06-08,105,66,330,98.14,14.7
2024-06-08,106,49,245,92.09,17.1
2024-06-08,107,57,285,93.39,17.6
2024-06-08,108,25,125,94.67,6.7
2024-06-09,101,63,315,94.9,12.4
2024-06-09,102,37,185,94.51,12.9
2024-06-09,103,54,270,90.12,8.7
2024-06-09,104,39,195,86.76,7.0
2024-06-09,105,30,150,96.89,7.9
2024-06-09,106,53,265,93.26,15.8
2024-06-09,107,43,215,91.05,12.2
2024-06-09,108,33,165,95.19,11.5
2024-06-10,101,203,837,88.38,59.3
2024-06-10,102,154,811,98.77,44.6
2024-06-10,103,135,764,89.0,41.1
2024-06-10,104,85,432,85.77,17.4
2024-06-10,105,111,495,98.9,25.7
2024-06-10,106,218,889,98.93,59.3
2024-06-10,107,202,901,89.02,32.5
2024-06-10,108,98,496,88.24,17.8
2024-06-11,101,140,612,96.2,22.8
2024-06-11,102,145,709,92.23,36.1
2024-06-11,103,134,704,94.42,21.5
2024-06-11,104,179,777,82.38,43.0
2024-06-11,105,81,395,88.2,14.6
2024-06-11,106,167,861,90.3,51.8
2024-06-11,107,112,586,89.67,38.0
2024-06-11,108,107,476,95.31,16.6
2024-06-12,101,217,1094,88.51,47.4
2024-06-12,102,95,412,98.51,25.1
2024-06-12,103,87,414,89.42,17.3
2024-06-12,104,225,1149,83.51,53.9
2024-06-12,105,190,890,90.69,52.8
2024-06-12,106,197,1046,93.81,34.9
2024-06-12,107,170,783,94.65,48.3
2024-06-12,108,165,813,88.69,30.9
2024-06-13,101,105,590,90.69,26.8
2024-06-13,102,143,691,94.94,25.7
2024-06-13,103,197,1081,98.75,29.9
2024-06-13,104,165,964,87.01,53.3
2024-06-13,105,196,908,90.1,45.4
2024-06-13,106,137,715,90.28,28.0
2024-06-13,107,185,913,98.21,40.4
2024-06-13,108,176,1050,98.84,27.4
2024-06-14,101,185,980,95.88,42.7
2024-06-14,102,154,698,97.75,45.0
2024-06-14,103,187,792,98.98,31.1
2024-06-14,104,215,1289,90.52,65.0
2024-06-14,105,225,1068,88.92,60.6
2024-06-14,106,169,927,93.83,39.9
2024-06-14,107,96,499,91.07,20.8
2024-06-14,108,215,1175,91.93,37.7
2024-06-15,101,53,265,89.89,8.5
2024-06-15,102,44,220,98.34,10.0
2024-06-15,103,60,300,99.88,14.8
2024-06-15,104,35,175,85.66,11.9
2024-06-15,105,41,205,91.45,10.4
2024-06-15,106,34,170,94.66,6.2
2024-06-15,107,29,145,94.2,6.0
2024-06-15,108,43,215,89.04,7.8
2024-06-16,101,67,335,90.55,17.4
2024-06-16,102,61,305,90.42,16.0
2024-06-16,103,27,135,90.89,5.4
2024-06-16,104,50,250,92.7,13.1
2024-06-16,105,37,185,90.41,9.6
2024-06-16,106,44,220,88.2,10.2
2024-06-16,107,32,160,93.81,7.4
2024-06-16,108,45,225,99.84,8.3
2024-06-17,101,168,701,98.81,43.2
2024-06-17,102,218,1254,91.37,67.8
2024-06-17,103,217,910,90.86,50.2
2024-06-17,104,204,1076,86.87,70.2
2024-06-17,105,169,678,88.57,30.3
2024-06-17,106,95,537,98.62,17.8
2024-06-17,107,175,893,92.63,61.2
2024-06-17,108,87,427,92.47,23.1
2024-06-18,101,190,1135,98.62,44.3
2024-06-18,102,85,420,99.36,15.4
2024-06-18,103,142,586,97.64,48.4
2024-06-18,104,186,845,82.4,47.1
2024-06-18,105,156,860,95.63,52.2
2024-06-18,106,222,968,97.52,61.8
2024-06-18,107,126,629,95.78,40.0
2024-06-18,108,159,838,91.55,29.7
2024-06-19,101,165,903,97.46,38.3
2024-06-19,102,99,516,92.31,29.7
2024-06-19,103,200,1112,95.41,36.2
2024-06-19,104,89,408,89.38,20.0
2024-06-19,105,218,1107,89.04,64.9
2024-06-19,106,228,1318,96.52,79.7
2024-06-19,107,80,423,92.67,26.3
2024-06-19,108,142,636,96.23,23.2
2024-06-20,101,148,777,92.67,51.5
2024-06-20,102,223,1174,99.7,72.6
2024-06-20,103,227,942,95.18,76.3
2024-06-20,104,127,593,86.03,32.8
2024-06-20,105,190,964,91.32,39.5
2024-06-20,106,147,594,90.77,44.3
2024-06-20,107,104,516,95.96,23.3
2024-06-20,108,115,665,90.7,30.0
2024-06-21,101,214,1089,92.07,44.0
2024-06-21,102,104,610,94.98,30.1
2024-06-21,103,216,878,91.19,52.7
2024-06-21,104,187,874,86.04,29.2
2024-06-21,105,221,1320,88.26,40.5
2024-06-21,106,121,539,95.4,18.4
2024-06-21,107,117,624,89.64,33.3
2024-06-21,108,149,754,90.55,41.0
2024-06-22,101,40,200,91.8,13.1
2024-06-22,102,34,170,89.62,5.7
2024-06-22,103,24,120,88.13,7.7
2024-06-22,104,44,220,84.57,13.5
2024-06-22,105,54,270,90.22,14.8
2024-06-22,106,38,190,91.33,12.1
2024-06-22,107,66,330,95.81,21.0
2024-06-22,108,43,215,90.59,12.4
2024-06-23,101,32,160,98.98,9.4
2024-06-23,102,26,130,99.21,7.3
2024-06-23,103,51,255,96.53,8.0
2024-06-23,104,68,340,83.8,21.4
2024-06-23,105,39,195,89.72,10.2
2024-06-23,106,27,135,90.77,6.2
2024-06-23,107,55,275,94.3,15.8
2024-06-23,108,43,215,89.82,13.7
2024-06-24,101,153,811,90.76,36.3
2024-06-24,102,222,1014,91.78,47.1
2024-06-24,103,214,1094,98.51,45.3
2024-06-24,104,87,365,86.17,13.8
2024-06-24,105,85,422,92.23,18.2
2024-06-24,106,129,630,89.09,35.3
2024-06-24,107,138,720,88.82,44.6
2024-06-24,108,127,624,88.49,41.4
2024-06-25,101,156,850,93.3,25.3
2024-06-25,102,223,1134,99.39,73.5
2024-06-25,103,189,1081,89.88,47.8
2024-06-25,104,163,922,82.41,35.1
2024-06-25,105,172,1014,88.13,32.7
2024-06-25,106,89,443,94.82,16.3
2024-06-25,107,97,556,88.26,27.7
2024-06-25,108,83,448,97.15,18.7
2024-06-26,101,123,564,97.85,34.2
2024-06-26,102,174,915,96.82,55.2
2024-06-26,103,196,1088,95.3,32.1
2024-06-26,104,192,799,90.83,49.8
2024-06-26,105,138,737,93.82,23.2
2024-06-26,106,198,1078,96.6,62.0
2024-06-26,107,216,1006,94.4,72.1
2024-06-26,108,210,1049,90.27,54.7
2024-06-27,101,141,673,97.64,32.6
2024-06-27,102,132,640,98.58,26.0
2024-06-27,103,226,1170,98.54,50.4
2024-06-27,104,225,1004,88.7,69.2
2024-06-27,105,197,903,97.26,64.8
2024-06-27,106,88,358,96.22,22.5
2024-06-27,107,115,526,99.8,36.0
2024-06-27,108,146,601,98.76,45.0
2024-06-28,101,132,738,96.45,33.7
2024-06-28,102,165,941,99.07,50.8
2024-06-28,103,99,414,91.14,32.7
2024-06-28,104,115,585,93.04,40.1
2024-06-28,105,125,674,95.11,31.0
2024-06-28,106,166,911,95.98,46.3
2024-06-28,107,149,713,97.12,50.3
2024-06-28,108,144,798,93.6,30.1
2024-06-29,101,32,160,98.95,10.6
2024-06-29,102,63,315,91.63,15.7
2024-06-29,103,25,125,90.54,5.1
2024-06-29,104,37,185,83.45,6.9
2024-06-29,105,51,255,96.78,15.1
2024-06-29,106,57,285,98.65,13.6
2024-06-29,107,27,135,89.99,7.2
2024-06-29,108,26,130,93.74,4.2
2024-06-30,101,60,300,96.94,20.3
2024-06-30,102,50,250,98.24,17.3
2024-06-30,103,52,260,90.47,11.9
2024-06-30,104,67,335,82.15,18.2
2024-06-30,105,62,310,95.26,18.1
2024-06-30,106,62,310,93.06,10.9
2024-06-30,107,50,250,98.03,15.0
2024-06-30,108,24,120,93.5,7.5
2024-07-01,101,98,508,97.53,19.9
2024-07-01,102,135,730,89.55,37.5
2024-07-01,103,228,1239,95.82,60.2
2024-07-01,104,149,888,88.46,35.9
2024-07-01,105,136,660,98.03,42.3
2024-07-01,106,191,887,95.24,62.1
2024-07-01,107,171,854,92.37,55.8
2024-07-01,108,133,792,96.07,30.8
2024-07-02,101,181,783,92.82,59.7
2024-07-02,102,107,519,98.68,22.2
2024-07-02,103,128,752,97.63,40.2
2024-07-02,104,132,565,82.31,26.1
2024-07-02,105,87,493,90.37,16.6
2024-07-02,106,212,1259,97.61,47.1
2024-07-02,107,135,621,89.3,33.5
2024-07-02,108,97,474,98.4,24.6
2024-07-03,101,159,646,95.37,25.6
2024-07-03,102,130,621,92.79,36.4
2024-07-03,103,216,1257,97.68,45.6
2024-07-03,104,189,1101,85.85,59.3
2024-07-03,105,162,839,89.93,56.2
2024-07-03,106,118,658,99.07,20.5
2024-07-03,107,120,627,94.54,36.8
2024-07-03,108,113,571,88.99,23.4
2024-07-04,101,106,552,89.45,27.5
2024-07-04,102,199,993,91.55,34.6
2024-07-04,103,137,555,90.51,32.4
2024-07-04,104,208,1227,83.31,50.4
2024-07-04,105,215,893,99.22,36.5
2024-07-04,106,125,648,94.12,19.6
2024-07-04,107,96,529,92.3,28.6
2024-07-04,108,89,481,90.77,29.0
2024-07-05,101,189,1104,88.61,46.5
2024-07-05,102,82,392,90.59,24.7
2024-07-05,103,87,414,93.65,23.5
2024-07-05,104,180,812,91.01,39.2
2024-07-05,105,174,836,96.48,58.0
2024-07-05,106,183,980,95.28,32.8
2024-07-05,107,88,362,89.14,13.9
2024-07-05,108,136,657,95.35,38.5
2024-07-06,101,29,145,98.82,9.2
2024-07-06,102,27,135,89.39,4.1
2024-07-06,103,39,195,92.15,12.7
2024-07-06,104,67,335,82.77,11.9
2024-07-06,105,25,125,93.34,7.0
2024-07-06,106,63,315,94.55,12.6
2024-07-06,107,40,200,97.18,6.4
2024-07-06,108,61,305,98.84,13.4
2024-07-07,101,63,315,98.91,17.5
2024-07-07,102,68,340,99.22,17.2
2024-07-07,103,65,325,96.72,14.9
2024-07-07,104,52,260,87.24,10.4
2024-07-07,105,47,235,92.06,16.1
2024-07-07,106,26,130,94.53,5.4
2024-07-07,107,60,300,96.22,11.6
2024-07-07,108,64,320,92.36,20.9
2024-07-08,101,194,870,95.72,53.1
2024-07-08,102,184,945,93.37,43.6
2024-07-08,103,198,847,97.77,64.8
2024-07-08,104,170,878,90.79,37.2
2024-07-08,105,159,863,92.44,45.5
2024-07-08,106,97,462,98.85,19.9
2024-07-08,107,157,742,95.74,50.6
2024-07-08,108,166,691,91.25,34.8
2024-07-09,101,118,514,90.02,38.1
2024-07-09,102,144,646,96.2,47.3
2024-07-09,103,204,1013,96.95,33.4
2024-07-09,104,92,427,86.39,14.6
2024-07-09,105,210,1143,97.2,37.8
2024-07-09,106,157,783,92.88,31.5
2024-07-09,107,110,490,91.47,35.2
2024-07-09,108,103,617,91.89,34.7
2024-07-10,101,121,590,97.49,20.4
2024-07-10,102,83,344,97.52,27.8
2024-07-10,103,185,757,98.8,60.1
2024-07-10,104,219,947,91.96,47.1
2024-07-10,105,153,663,88.12,25.2
2024-07-10,106,163,662,93.98,34.7
2024-07-10,107,202,923,92.15,50.2
2024-07-10,108,142,713,99.11,22.4
2024-07-11,101,103,588,95.0,21.2
2024-07-11,102,167,810,89.48,42.8
2024-07-11,103,152,649,99.68,34.0
2024-07-11,104,215,955,84.35,37.9
2024-07-11,105,128,672,90.94,25.4
2024-07-11,106,129,756,96.99,39.7
2024-07-11,107,181,842,88.32,43.2
2024-07-11,108,199,1123,97.27,65.3
2024-07-12,101,124,568,92.92,32.2
2024-07-12,102,108,621,89.84,34.8
2024-07-12,103,134,801,88.57,27.8
2024-07-12,104,83,479,82.31,19.2
2024-07-12,105,144,856,92.52,37.9
2024-07-12,106,194,1063,96.19,42.2
2024-07-12,107,121,552,90.5,21.4
2024-07-12,108,189,775,90.06,33.6
2024-07-13,101,60,300,99.26,10.0
2024-07-13,102,35,175,93.76,9.0
2024-07-13,103,62,310,94.83,12.6
2024-07-13,104,68,340,87.32,20.6
2024-07-13,105,60,300,91.7,16.2
2024-07-13,106,53,265,94.95,12.1
2024-07-13,107,56,280,96.34,18.0
2024-07-13,108,63,315,91.84,10.3
2024-07-14,101,33,165,98.11,7.3
2024-07-14,102,42,210,94.25,9.1
2024-07-14,103,25,125,91.8,7.5
2024-07-14,104,66,330,88.25,10.9
2024-07-14,105,49,245,99.48,13.0
2024-07-14,106,30,150,94.81,8.8
2024-07-14,107,45,225,98.77,6.8
2024-07-14,108,40,200,90.69,11.8
2024-07-15,101,180,1070,90.64,44.0
2024-07-15,102,126,704,91.86,40.5
2024-07-15,103,162,756,92.66,56.4
2024-07-15,104,125,603,84.83,39.6
2024-07-15,105,93,556,99.52,23.1
2024-07-15,106,111,533,94.8,16.8
2024-07-15,107,146,731,96.36,43.7
2024-07-15,108,210,947,90.94,71.8
2024-07-16,101,118,573,98.37,35.9
2024-07-16,102,113,538,97.64,30.2
2024-07-16,103,113,485,94.69,20.5
2024-07-16,104,148,698,89.67,49.5
2024-07-16,105,90,462,97.1,27.1
2024-07-16,106,117,547,98.72,18.7
2024-07-16,107,80,441,92.21,27.9
2024-07-16,108,217,1024,97.76,48.9
2024-07-17,101,105,479,88.64,30.2
2024-07-17,102,178,1044,91.06,48.5
2024-07-17,103,194,879,94.81,66.5
2024-07-17,104,81,466,86.22,21.1
2024-07-17,105,199,826,97.26,32.6
2024-07-17,106,216,918,89.71,70.9
2024-07-17,107,148,816,97.96,39.1
2024-07-17,108,213,1126,99.26,43.9
2024-07-18,101,90,418,96.35,21.4
2024-07-18,102,106,506,93.62,34.0
2024-07-18,103,123,631,89.39,32.5
2024-07-18,104,108,575,87.15,34.5
2024-07-18,105,217,888,89.89,49.8
2024-07-18,106,134,552,95.8,32.6
2024-07-18,107,141,828,92.06,29.5
2024-07-18,108,143,809,96.09,28.2
2024-07-19,101,99,502,96.54,19.0
2024-07-19,102,217,1150,91.46,74.8
2024-07-19,103,189,798,96.16,39.9
2024-07-19,104,153,901,83.35,36.8
2024-07-19,105,224,1051,93.29,34.1
2024-07-19,106,175,736,97.35,50.6
2024-07-19,107,111,562,99.5,20.1
2024-07-19,108,161,942,96.4,29.0
2024-07-20,101,39,195,88.67,9.2
2024-07-20,102,55,275,90.35,14.2
2024-07-20,103,52,260,89.92,7.9
2024-07-20,104,65,325,92.01,15.9
2024-07-20,105,41,205,97.54,10.6
2024-07-20,106,30,150,95.77,9.6
2024-07-20,107,27,135,99.87,5.6
2024-07-20,108,57,285,93.36,15.0
2024-07-21,101,45,225,90.15,10.9
2024-07-21,102,60,300,93.35,12.4
2024-07-21,103,39,195,96.14,8.3
2024-07-21,104,26,130,86.59,8.2
2024-07-21,105,36,180,94.66,5.7
2024-07-21,106,51,255,95.47,17.8
2024-07-21,107,58,290,97.22,15.0
2024-07-21,108,46,230,95.52,13.9
2024-07-22,101,204,1171,91.2,35.5
2024-07-22,102,195,1168,88.9,65.8
2024-07-22,103,114,613,92.02,39.2
2024-07-22,104,136,610,92.69,23.4
2024-07-22,105,142,739,89.47,35.6
2024-07-22,106,166,895,95.35,44.0
2024-07-22,107,103,421,99.25,18.4
2024-07-22,108,105,437,97.79,18.9
2024-07-23,101,150,782,91.97,47.3
2024-07-23,102,131,567,96.4,36.4
2024-07-23,103,212,1255,98.2,34.3
2024-07-23,104,176,774,88.51,41.9
2024-07-23,105,94,502,96.22,15.0
2024-07-23,106,228,956,90.81,36.6
2024-07-23,107,214,1171,89.04,33.0
2024-07-23,108,102,568,98.99,27.5
2024-07-24,101,182,878,92.44,47.9
2024-07-24,102,183,1052,97.82,40.1
2024-07-24,103,104,609,91.23,31.0
2024-07-24,104,201,889,88.38,37.2
2024-07-24,105,188,983,98.8,55.1
2024-07-24,106,148,765,95.53,46.0
2024-07-24,107,154,627,88.21,33.0
2024-07-24,108,137,749,97.17,26.9
2024-07-25,101,111,516,90.81,36.8
2024-07-25,102,186,994,91.73,54.0
2024-07-25,103,204,973,92.04,56.5
2024-07-25,104,114,506,83.35,32.7
2024-07-25,105,137,661,95.48,45.6
2024-07-25,106,141,652,94.02,39.5
2024-07-25,107,164,669,93.9,25.0
2024-07-25,108,115,643,90.28,23.9
2024-07-26,101,215,1249,90.79,40.7
2024-07-26,102,189,1022,88.27,39.5
2024-07-26,103,208,1217,89.21,56.2
2024-07-26,104,147,689,86.2,38.0
2024-07-26,105,144,754,92.83,30.7
2024-07-26,106,160,789,96.92,29.7
2024-07-26,107,206,996,95.92,51.8
2024-07-26,108,155,779,99.7,25.0
2024-07-27,101,45,225,91.21,7.6
2024-07-27,102,54,270,92.3,10.9
2024-07-27,103,27,135,92.27,8.1
2024-07-27,104,62,310,86.53,20.1
2024-07-27,105,47,235,93.14,7.6
2024-07-27,106,48,240,97.0,11.2
2024-07-27,107,42,210,89.05,8.0
2024-07-27,108,27,135,93.73,6.9
2024-07-28,101,66,330,93.11,11.5
2024-07-28,102,66,330,89.59,16.8
2024-07-28,103,43,215,94.58,8.6
2024-07-28,104,45,225,89.66,12.1
2024-07-28,105,36,180,91.68,9.8
2024-07-28,106,33,165,89.93,5.8
2024-07-28,107,51,255,99.59,8.1
2024-07-28,108,42,210,94.93,13.0
2024-07-29,101,139,640,98.33,35.6
2024-07-29,102,156,686,93.91,51.5
2024-07-29,103,111,498,91.49,30.1
2024-07-29,104,92,471,86.83,31.6
2024-07-29,105,106,586,92.82,31.8
2024-07-29,106,206,930,90.92,60.3
2024-07-29,107,110,636,90.93,17.9
2024-07-29,108,80,415,91.46,23.4
2024-07-30,101,88,431,95.03,22.6
2024-07-30,102,229,1238,96.12,52.3
2024-07-30,103,195,807,93.95,63.3
2024-07-30,104,199,847,82.82,47.7
2024-07-30,105,131,761,92.86,41.8
2024-07-30,106,209,1090,93.98,61.4
2024-07-30,107,122,729,96.03,36.7
2024-07-30,108,195,828,89.78,59.8
2024-07-31,101,183,794,96.3,35.7
2024-07-31,102,218,1253,94.92,55.6
2024-07-31,103,127,568,92.08,33.5
2024-07-31,104,173,957,84.02,26.5
2024-07-31,105,134,558,91.91,31.5
2024-07-31,106,213,1010,97.4,33.6
2024-07-31,107,172,688,92.52,51.2
2024-07-31,108,93,466,99.74,19.6
2024-08-01,101,164,858,99.33,34.8
2024-08-01,102,104,436,93.15,22.6
2024-08-01,103,136,592,93.86,30.4
2024-08-01,104,154,862,87.53,25.0
2024-08-01,105,83,393,95.05,18.3
2024-08-01,106,225,952,98.47,53.6
2024-08-01,107,97,479,93.47,26.6
2024-08-01,108,215,963,93.31,37.5
2024-08-02,101,167,930,97.95,43.3
2024-08-02,102,91,539,94.21,23.7
2024-08-02,103,93,392,99.44,27.9
2024-08-02,104,199,1117,92.03,52.9
2024-08-02,105,123,731,93.62,28.1
2024-08-02,106,165,799,90.88,35.6
2024-08-02,107,203,1076,94.15,70.7
2024-08-02,108,168,849,91.86,42.8
2024-08-03,101,40,200,89.55,11.6
2024-08-03,102,64,320,99.27,13.9
2024-08-03,103,64,320,92.79,9.6
2024-08-03,104,68,340,84.32,22.0
2024-08-03,105,52,260,88.02,12.5
2024-08-03,106,24,120,98.81,6.1
2024-08-03,107,30,150,99.86,6.3
2024-08-03,108,35,175,99.34,6.4
2024-08-04,101,36,180,89.26,12.5
2024-08-04,102,56,280,96.62,10.2
2024-08-04,103,60,300,91.2,19.0
2024-08-04,104,35,175,90.0,11.0
2024-08-04,105,31,155,91.22,4.9
2024-08-04,106,48,240,95.61,16.3
2024-08-04,107,34,170,95.77,8.1
2024-08-04,108,28,140,95.23,6.3
2024-08-05,101,226,1222,91.46,36.5
2024-08-05,102,198,1078,96.14,67.9
2024-08-05,103,159,704,95.51,30.6
2024-08-05,104,171,752,88.28,37.5
2024-08-05,105,123,503,94.81,26.7
2024-08-05,106,124,637,96.3,35.3
2024-08-05,107,110,611,91.05,19.8
2024-08-05,108,119,618,89.69,33.3
2024-08-06,101,117,600,91.23,21.0
2024-08-06,102,109,542,89.14,25.0
2024-08-06,103,115,641,89.7,35.9
2024-08-06,104,133,750,89.78,27.7
2024-08-06,105,229,1141,93.93,79.1
2024-08-06,106,123,545,90.09,24.7
2024-08-06,107,134,788,94.78,33.5
2024-08-06,108,100,574,94.09,26.3
2024-08-07,101,211,1034,94.16,32.9
2024-08-07,102,161,923,95.66,31.5
2024-08-07,103,113,593,98.72,33.2
2024-08-07,104,197,1056,89.46,57.2
2024-08-07,105,160,879,95.31,37.5
2024-08-07,106,181,1070,96.96,33.3
2024-08-07,107,147,772,89.0,48.1
2024-08-07,108,192,919,94.16,61.0
2024-08-08,101,218,1109,93.85,64.0
2024-08-08,102,185,826,92.06,35.0
2024-08-08,103,200,823,98.39,41.6
2024-08-08,104,204,1163,82.67,36.7
2024-08-08,105,212,936,95.24,62.5
2024-08-08,106,217,1130,93.73,64.7
2024-08-08,107,127,711,95.72,27.3
2024-08-08,108,98,443,90.77,20.5
2024-08-09,101,154,712,92.45,42.2
2024-08-09,102,172,968,88.38,27.4
2024-08-09,103,177,886,92.49,51.2
2024-08-09,104,188,992,92.31,62.7
2024-08-09,105,92,404,97.44,21.7
2024-08-09,106,166,964,97.4,55.1
2024-08-09,107,168,848,98.03,28.9
2024-08-09,108,216,1242,97.6,43.1
2024-08-10,101,36,180,93.63,10.3
2024-08-10,102,30,150,90.89,10.3
2024-08-10,103,56,280,96.64,13.8
2024-08-10,104,28,140,86.25,8.4
2024-08-10,105,46,230,90.86,13.9
2024-08-10,106,29,145,98.19,9.5
2024-08-10,107,65,325,99.55,22.5
2024-08-10,108,61,305,89.24,14.2
2024-08-11,101,56,280,91.74,12.8
2024-08-11,102,30,150,96.37,5.6
2024-08-11,103,67,335,93.88,17.9
2024-08-11,104,33,165,83.95,8.6
2024-08-11,105,48,240,99.37,12.8
2024-08-11,106,38,190,99.53,11.1
2024-08-11,107,32,160,89.75,5.7
2024-08-11,108,35,175,88.91,7.4
2024-08-12,101,197,1001,96.33,62.2
2024-08-12,102,179,891,94.39,56.7
2024-08-12,103,176,765,94.57,59.7
2024-08-12,104,195,1047,92.87,43.8
2024-08-12,105,216,1143,92.84,55.3
2024-08-12,106,128,564,94.28,24.4
2024-08-12,107,205,1209,93.1,34.0
2024-08-12,108,107,434,89.27,27.8
2024-08-13,101,141,782,98.37,27.2
2024-08-13,102,178,922,96.0,28.0
2024-08-13,103,209,1145,88.29,69.1
2024-08-13,104,107,508,82.97,32.5
2024-08-13,105,160,927,88.2,46.4
2024-08-13,106,128,724,93.01,42.0
2024-08-13,107,224,1266,91.39,53.6
2024-08-13,108,181,1042,99.67,41.4
2024-08-14,101,142,747,97.68,29.7
2024-08-14,102,164,874,95.98,54.2
2024-08-14,103,126,707,94.67,42.5
2024-08-14,104,207,892,86.67,58.7
2024-08-14,105,219,1308,97.08,58.0
2024-08-14,106,128,650,93.08,44.1
2024-08-14,107,205,1177,99.54,44.7
2024-08-14,108,126,635,88.09,39.8
2024-08-15,101,227,1208,88.82,50.5
2024-08-15,102,117,666,90.02,26.1
2024-08-15,103,218,1067,92.23,62.4
2024-08-15,104,229,1131,92.53,38.0
2024-08-15,105,155,629,98.74,24.5
2024-08-15,106,175,714,93.81,42.0
2024-08-15,107,182,1006,90.34,49.9
2024-08-15,108,166,907,96.65,39.0
2024-08-16,101,215,931,91.18,35.0
2024-08-16,102,210,983,89.96,43.4
2024-08-16,103,165,673,89.98,39.7
2024-08-16,104,189,829,87.37,52.0
2024-08-16,105,229,932,92.35,56.3
2024-08-16,106,194,1015,97.76,52.4
2024-08-16,107,140,657,99.4,23.3
2024-08-16,108,164,890,94.24,33.5
2024-08-17,101,33,165,89.94,6.3
2024-08-17,102,63,315,95.23,19.1
2024-08-17,103,54,270,93.34,10.5
2024-08-17,104,41,205,88.41,8.1
2024-08-17,105,33,165,95.02,11.4
2024-08-17,106,24,120,97.54,6.9
2024-08-17,107,50,250,94.27,7.9
2024-08-17,108,46,230,93.89,10.1
2024-08-18,101,65,325,95.81,20.0
2024-08-18,102,47,235,89.91,9.1
2024-08-18,103,47,235,91.51,7.1
2024-08-18,104,54,270,85.38,17.7
2024-08-18,105,37,185,88.84,9.0
2024-08-18,106,57,285,88.39,9.6
2024-08-18,107,52,260,91.77,13.4
2024-08-18,108,66,330,94.69,17.0
2024-08-19,101,85,491,93.35,27.9
2024-08-19,102,195,1038,94.23,61.3
2024-08-19,103,89,483,99.05,27.5
2024-08-19,104,214,905,85.5,73.6
2024-08-19,105,223,1053,96.9,72.3
2024-08-19,106,96,529,90.26,20.8
2024-08-19,107,176,815,98.16,54.7
2024-08-19,108,126,585,94.14,30.1
2024-08-20,101,107,609,93.75,33.9
2024-08-20,102,97,493,96.54,31.6
2024-08-20,103,184,923,94.23,35.5
2024-08-20,104,196,865,90.35,36.5
2024-08-20,105,80,466,94.26,14.2
2024-08-20,106,120,518,99.07,31.3
2024-08-20,107,175,852,94.74,27.0
2024-08-20,108,205,834,95.02,48.7
2024-08-21,101,127,742,88.13,33.7
2024-08-21,102,104,615,96.9,33.3
2024-08-21,103,113,466,88.53,35.5
2024-08-21,104,172,769,83.72,38.7
2024-08-21,105,116,676,93.45,32.3
2024-08-21,106,140,733,96.7,39.9
2024-08-21,107,147,663,94.3,50.3
2024-08-21,108,82,484,93.05,17.1
2024-08-22,101,200,1173,96.89,39.3
2024-08-22,102,121,636,89.64,19.1
2024-08-22,103,188,989,92.2,31.1
2024-08-22,104,139,682,82.47,21.8
2024-08-22,105,177,1001,96.88,48.9
2024-08-22,106,186,878,94.61,54.7
2024-08-22,107,140,583,91.46,36.2
2024-08-22,108,114,483,96.93,22.2
2024-08-23,101,208,901,97.39,60.5
2024-08-23,102,214,994,92.88,66.7
2024-08-23,103,167,688,92.46,32.0
2024-08-23,104,163,835,90.39,50.6
2024-08-23,105,116,656,98.78,20.0
2024-08-23,106,139,732,98.11,39.5
2024-08-23,107,210,938,92.42,37.7
2024-08-23,108,101,519,91.65,22.8
2024-08-24,101,35,175,97.36,7.6
2024-08-24,102,31,155,95.32,9.0
2024-08-24,103,28,140,94.53,7.8
2024-08-24,104,67,335,93.58,18.5
2024-08-24,105,50,250,99.55,14.2
2024-08-24,106,52,260,92.24,15.9
2024-08-24,107,45,225,93.09,8.9
2024-08-24,108,63,315,92.77,17.8
2024-08-25,101,24,120,93.06,5.1
2024-08-25,102,60,300,97.91,20.7
2024-08-25,103,44,220,93.49,9.3
2024-08-25,104,63,315,93.21,13.3
2024-08-25,105,40,200,99.8,6.0
2024-08-25,106,68,340,88.63,14.2
2024-08-25,107,44,220,89.77,10.2
2024-08-25,108,63,315,91.38,9.8
2024-08-26,101,193,990,96.62,45.1
2024-08-26,102,165,832,94.12,40.2
2024-08-26,103,211,1033,89.46,47.6
2024-08-26,104,86,473,84.86,12.9
2024-08-26,105,110,629,95.31,24.3
2024-08-26,106,123,624,98.99,33.1
2024-08-26,107,93,476,88.92,31.6
2024-08-26,108,158,917,92.73,49.3
2024-08-27,101,220,1200,97.06,66.9
2024-08-27,102,92,407,92.81,28.1
2024-08-27,103,193,975,91.01,34.9
2024-08-27,104,109,523,90.88,21.9
2024-08-27,105,118,656,97.76,40.5
2024-08-27,106,93,434,94.03,27.6
2024-08-27,107,210,931,95.52,47.6
2024-08-27,108,144,816,93.94,40.4
2024-08-28,101,140,609,91.48,36.4
2024-08-28,102,195,1165,90.34,52.1
2024-08-28,103,131,661,92.31,26.1
2024-08-28,104,125,590,84.18,42.8
2024-08-28,105,121,665,93.19,20.8
2024-08-28,106,109,608,91.86,27.3
2024-08-28,107,106,515,93.9,36.8
2024-08-28,108,151,738,97.64,30.0
2024-08-29,101,95,418,94.64,19.3
2024-08-29,102,175,985,89.53,39.1
2024-08-29,103,203,837,89.07,64.1
2024-08-29,104,173,709,91.21,38.1
2024-08-29,105,117,534,94.95,31.5
2024-08-29,106,123,652,92.92,32.4
2024-08-29,107,166,829,95.24,54.7
2024-08-29,108,146,626,88.17,40.1
2024-08-30,101,148,600,94.0,46.0
2024-08-30,102,213,1135,93.74,47.0
2024-08-30,103,167,912,95.26,30.7
2024-08-30,104,223,988,85.17,66.9
2024-08-30,105,208,934,88.21,61.2
2024-08-30,106,228,1228,97.43,45.9
2024-08-30,107,91,472,92.36,21.6
2024-08-30,108,197,833,97.29,57.9
2024-08-31,101,34,170,93.36,8.2
2024-08-31,102,27,135,92.68,5.6
2024-08-31,103,62,310,95.49,18.2
2024-08-31,104,25,125,88.79,4.9
2024-08-31,105,68,340,90.28,21.0
2024-08-31,106,41,205,88.53,7.5
2024-08-31,107,33,165,96.72,6.6
2024-08-31,108,24,120,97.79,4.2
2024-09-01,101,66,330,91.2,20.7
2024-09-01,102,39,195,89.4,6.6
2024-09-01,103,28,140,89.67,5.7
2024-09-01,104,36,180,83.74,10.8
2024-09-01,105,29,145,97.5,5.5
2024-09-01,106,26,130,94.94,4.1
2024-09-01,107,41,205,89.77,10.1
2024-09-01,108,62,310,93.2,10.7
2024-09-02,101,99,590,96.38,29.8
2024-09-02,102,177,978,97.22,50.3
2024-09-02,103,210,1210,92.88,57.3
2024-09-02,104,87,408,83.95,17.1
2024-09-02,105,187,1092,94.31,42.9
2024-09-02,106,125,661,89.64,20.4
2024-09-02,107,219,1303,92.42,33.8
2024-09-02,108,209,847,99.78,43.0
2024-09-03,101,150,764,91.32,48.4
2024-09-03,102,186,838,97.59,55.8
2024-09-03,103,111,541,99.12,28.5
2024-09-03,104,199,1152,83.76,39.0
2024-09-03,105,161,895,96.17,38.7
2024-09-03,106,112,464,88.08,28.6
2024-09-03,107,198,1006,99.15,37.5
2024-09-03,108,132,545,92.62,23.6
2024-09-04,101,200,943,89.66,35.4
2024-09-04,102,86,416,88.23,29.9
2024-09-04,103,222,979,89.22,47.2
2024-09-04,104,159,759,86.11,24.5
2024-09-04,105,82,379,95.02,17.8
2024-09-04,106,126,659,98.4,31.5
2024-09-04,107,129,739,91.59,31.1
2024-09-04,108,112,638,99.09,37.6
2024-09-05,101,95,406,88.06,14.4
2024-09-05,102,94,472,93.71,25.5
2024-09-05,103,210,1232,90.86,43.0
2024-09-05,104,137,770,84.19,36.8
2024-09-05,105,222,1196,90.06,71.2
2024-09-05,106,125,725,95.5,25.3
2024-09-05,107,109,569,92.84,26.0
2024-09-05,108,128,547,92.68,37.1
2024-09-06,101,161,776,97.98,30.1
2024-09-06,102,153,670,96.7,52.2
2024-09-06,103,174,873,95.65,39.8
2024-09-06,104,192,1011,89.72,44.4
2024-09-06,105,112,661,91.51,22.3
2024-09-06,106,139,772,94.69,48.5
2024-09-06,107,220,1095,95.38,36.1
2024-09-06,108,176,822,92.39,50.2
2024-09-07,101,52,260,92.68,15.4
2024-09-07,102,36,180,88.15,10.9
2024-09-07,103,68,340,89.83,19.6
2024-09-07,104,68,340,89.69,18.6
2024-09-07,105,25,125,99.22,6.5
2024-09-07,106,38,190,98.46,6.0
2024-09-07,107,24,120,97.33,7.3
2024-09-07,108,48,240,98.68,7.7
2024-09-08,101,24,120,89.3,5.8
2024-09-08,102,65,325,93.33,11.0
2024-09-08,103,67,335,88.8,19.8
2024-09-08,104,53,265,92.12,17.0
2024-09-08,105,66,330,91.82,13.4
2024-09-08,106,39,195,89.94,13.1
2024-09-08,107,57,285,91.23,17.6
2024-09-08,108,66,330,93.92,17.8
2024-09-09,101,112,606,90.17,19.4
2024-09-09,102,229,1288,98.1,42.1
2024-09-09,103,151,641,94.03,23.2
2024-09-09,104,155,848,87.46,53.8
2024-09-09,105,90,439,88.54,20.0
2024-09-09,106,168,795,96.51,37.6
2024-09-09,107,229,1024,90.63,62.2
2024-09-09,108,97,394,95.23,33.0
2024-09-10,101,85,422,93.57,23.7
2024-09-10,102,173,937,93.29,31.8
2024-09-10,103,149,776,91.94,37.6
2024-09-10,104,223,1096,82.2,41.2
2024-09-10,105,125,705,91.32,31.8
2024-09-10,106,191,864,92.3,34.1
2024-09-10,107,176,731,96.57,38.6
2024-09-10,108,86,482,91.36,25.3
2024-09-11,101,97,434,94.82,33.7
2024-09-11,102,83,345,98.88,20.6
2024-09-11,103,183,767,98.2,34.0
2024-09-11,104,96,485,88.17,25.3
2024-09-11,105,110,582,98.44,24.9
2024-09-11,106,228,1223,89.02,62.8
2024-09-11,107,108,639,93.64,21.7
2024-09-11,108,190,984,99.53,34.5
2024-09-12,101,182,913,90.17,31.8
2024-09-12,102,159,727,98.78,35.3
2024-09-12,103,181,1012,95.64,58.8
2024-09-12,104,91,457,83.89,20.9
2024-09-12,105,110,515,89.82,29.3
2024-09-12,106,80,351,90.34,27.8
2024-09-12,107,94,538,94.38,19.5
2024-09-12,108,115,538,91.89,22.8
2024-09-13,101,145,841,91.65,27.2
2024-09-13,102,142,664,94.12,45.5
2024-09-13,103,112,569,95.31,27.6
2024-09-13,104,146,804,86.82,31.9
2024-09-13,105,203,1087,93.37,44.0
2024-09-13,106,207,1088,97.38,59.9
2024-09-13,107,160,929,99.25,47.3
2024-09-13,108,224,952,92.4,66.7
2024-09-14,101,41,205,98.19,8.6
2024-09-14,102,64,320,89.4,13.8
2024-09-14,103,26,130,92.42,7.2
2024-09-14,104,47,235,91.16,14.0
2024-09-14,105,48,240,92.16,12.9
2024-09-14,106,51,255,97.28,12.7
2024-09-14,107,63,315,97.14,14.5
2024-09-14,108,31,155,91.08,5.3
2024-09-15,101,42,210,91.4,7.9
2024-09-15,102,68,340,94.61,21.2
2024-09-15,103,25,125,88.16,5.5
2024-09-15,104,27,135,88.36,7.7
2024-09-15,105,38,190,93.11,5.8
2024-09-15,106,39,195,97.81,11.5
2024-09-15,107,37,185,90.07,7.2
2024-09-15,108,66,330,98.69,16.1
2024-09-16,101,228,1354,89.52,42.2
2024-09-16,102,146,714,95.27,31.2
2024-09-16,103,127,648,90.09,35.1
2024-09-16,104,206,917,93.49,49.8
2024-09-16,105,157,849,91.38,31.9
2024-09-16,106,91,529,97.68,31.4
2024-09-16,107,148,690,88.34,35.5
2024-09-16,108,125,712,90.74,39.2
2024-09-17,101,92,489,94.56,18.8
2024-09-17,102,192,1042,90.59,35.6
2024-09-17,103,113,534,92.48,33.7
2024-09-17,104,203,816,87.66,47.9
2024-09-17,105,159,653,93.11,48.9
2024-09-17,106,155,886,88.11,53.2
2024-09-17,107,81,463,88.09,13.0
2024-09-17,108,83,435,98.45,22.9
2024-09-18,101,165,926,98.98,32.6
2024-09-18,102,135,688,96.34,31.2
2024-09-18,103,129,759,89.98,26.9
2024-09-18,104,162,872,92.64,43.0
2024-09-18,105,164,824,92.83,26.1
2024-09-18,106,209,1234,91.32,61.9
2024-09-18,107,141,630,91.12,35.0
2024-09-18,108,151,834,97.4,50.5
2024-09-19,101,186,804,91.97,61.9
2024-09-19,102,218,1212,97.15,48.1
2024-09-19,103,138,622,94.32,46.7
2024-09-19,104,126,675,83.26,40.9
2024-09-19,105,126,601,88.68,28.5
2024-09-19,106,173,997,89.05,37.6
2024-09-19,107,220,1053,93.1,58.5
2024-09-19,108,148,641,88.22,40.3
2024-09-20,101,102,415,91.28,29.4
2024-09-20,102,107,538,98.92,18.5
2024-09-20,103,184,1049,97.22,37.3
2024-09-20,104,110,508,89.77,17.8
2024-09-20,105,80,456,96.98,20.3
2024-09-20,106,98,397,88.69,27.9
2024-09-20,107,103,508,99.48,33.6
2024-09-20,108,224,1062,95.35,59.4
2024-09-21,101,67,335,91.65,15.5
2024-09-21,102,67,335,99.79,11.9
2024-09-21,103,56,280,94.32,9.2
2024-09-21,104,66,330,88.84,19.2
2024-09-21,105,30,150,99.0,5.2
2024-09-21,106,49,245,88.37,10.0
2024-09-21,107,36,180,88.59,8.9
2024-09-21,108,24,120,97.48,7.6
2024-09-22,101,50,250,99.34,8.6
2024-09-22,102,39,195,95.63,6.4
2024-09-22,103,54,270,92.36,13.0
2024-09-22,104,54,270,88.47,10.1
2024-09-22,105,38,190,88.54,6.3
2024-09-22,106,67,335,96.61,12.6
2024-09-22,107,33,165,98.13,9.6
2024-09-22,108,67,335,92.69,18.1
2024-09-23,101,90,486,96.82,26.0
2024-09-23,102,104,465,90.25,28.3
2024-09-23,103,91,481,92.79,22.2
2024-09-23,104,200,1173,86.01,68.7
2024-09-23,105,120,618,90.13,33.9
2024-09-23,106,146,740,88.29,29.3
2024-09-23,107,214,1236,91.92,34.8
2024-09-23,108,162,736,99.64,46.1
2024-09-24,101,171,838,97.18,54.5
2024-09-24,102,221,1108,95.45,64.1
2024-09-24,103,186,1045,99.31,45.2
2024-09-24,104,211,1051,88.63,40.2
2024-09-24,105,137,646,99.38,47.8
2024-09-24,106,183,763,91.96,62.0
2024-09-24,107,197,1147,94.81,48.5
2024-09-24,108,134,760,96.87,21.7
2024-09-25,101,172,879,96.14,30.5
2024-09-25,102,119,695,96.52,35.4
2024-09-25,103,127,598,97.13,43.9
2024-09-25,104,101,593,92.43,32.7
2024-09-25,105,98,417,91.16,32.7
2024-09-25,106,106,526,92.46,21.9
2024-09-25,107,174,933,98.85,54.8
2024-09-25,108,146,850,92.15,44.3
2024-09-26,101,228,962,99.56,60.4
2024-09-26,102,135,768,99.76,46.8
2024-09-26,103,112,455,99.32,23.0
2024-09-26,104,108,448,88.96,19.2
2024-09-26,105,188,894,95.41,32.4
2024-09-26,106,80,386,89.9,20.1
2024-09-26,107,142,607,98.58,47.2
2024-09-26,108,106,513,98.89,31.3
2024-09-27,101,184,764,94.93,51.2
2024-09-27,102,97,578,92.84,24.6
2024-09-27,103,86,515,93.56,25.3
2024-09-27,104,112,544,86.92,28.1
2024-09-27,105,151,830,98.4,49.3
2024-09-27,106,183,1092,89.13,39.7
2024-09-27,107,181,987,91.63,29.1
2024-09-27,108,108,548,96.45,23.1
2024-09-28,101,67,335,88.21,16.0
2024-09-28,102,44,220,93.15,8.1
2024-09-28,103,39,195,93.14,11.4
2024-09-28,104,27,135,91.36,7.7
2024-09-28,105,37,185,97.66,11.3
2024-09-28,106,48,240,95.63,16.5
2024-09-28,107,46,230,94.77,8.8
2024-09-28,108,64,320,89.68,10.5
2024-09-29,101,57,285,90.13,9.5
2024-09-29,102,44,220,97.74,13.6
2024-09-29,103,35,175,97.48,11.7
2024-09-29,104,24,120,93.86,6.5
2024-09-29,105,30,150,88.78,9.0
2024-09-29,106,60,300,93.22,10.5
2024-09-29,107,41,205,95.98,8.0
2024-09-29,108,54,270,93.59,14.9
2024-09-30,101,198,1092,95.98,47.5
2024-09-30,102,115,485,93.46,32.4
2024-09-30,103,186,760,91.82,49.2
2024-09-30,104,155,680,86.38,29.9
2024-09-30,105,129,688,97.51,25.2
2024-09-30,106,194,902,95.3,31.1
2024-09-30,107,164,886,92.38,46.6
2024-09-30,108,187,1066,90.05,46.2
2024-10-01,101,129,610,89.75,28.4
2024-10-01,102,143,799,99.7,22.2
2024-10-01,103,83,375,88.79,12.7
2024-10-01,104,219,940,85.78,58.8
2024-10-01,105,110,444,89.15,22.9
2024-10-01,106,214,1174,91.98,34.9
2024-10-01,107,109,533,99.38,32.1
2024-10-01,108,218,1074,97.89,37.0
2024-10-02,101,219,1064,96.56,57.4
2024-10-02,102,112,543,90.09,27.4
2024-10-02,103,218,1116,89.5,74.1
2024-10-02,104,121,639,83.86,28.2
2024-10-02,105,84,465,90.61,13.6
2024-10-02,106,178,765,92.12,28.2
2024-10-02,107,118,696,89.63,29.8
2024-10-02,108,145,828,94.57,23.1
2024-10-03,101,124,701,89.57,41.5
2024-10-03,102,136,645,93.49,43.1
2024-10-03,103,109,453,95.96,16.7
2024-10-03,104,226,1153,91.74,57.9
2024-10-03,105,85,381,89.01,21.8
2024-10-03,106,105,528,96.8,22.0
2024-10-03,107,129,737,93.57,24.9
2024-10-03,108,203,1122,92.7,56.8
2024-10-04,101,155,720,97.49,33.8
2024-10-04,102,189,1050,90.84,38.1
2024-10-04,103,138,796,90.74,23.1
2024-10-04,104,163,873,91.35,40.8
2024-10-04,105,117,569,92.62,40.0
2024-10-04,106,143,851,90.42,24.6
2024-10-04,107,124,670,97.65,27.1
2024-10-04,108,88,440,98.17,26.4
2024-10-05,101,56,280,96.01,13.3
2024-10-05,102,35,175,98.58,10.7
2024-10-05,103,31,155,88.75,8.5
2024-10-05,104,27,135,88.05,4.9
2024-10-05,105,62,310,88.14,17.1
2024-10-05,106,28,140,89.25,6.0
2024-10-05,107,66,330,89.35,19.8
2024-10-05,108,60,300,89.83,9.7
2024-10-06,101,57,285,96.45,15.8
2024-10-06,102,58,290,93.64,12.2
2024-10-06,103,50,250,90.61,14.8
2024-10-06,104,65,325,89.79,10.5
2024-10-06,105,55,275,94.73,8.4
2024-10-06,106,53,265,88.16,15.8
2024-10-06,107,41,205,91.71,13.7
2024-10-06,108,68,340,90.66,16.4
2024-10-07,101,107,436,91.08,22.7
2024-10-07,102,177,711,97.5,46.8
2024-10-07,103,160,828,88.66,25.6
2024-10-07,104,178,821,86.46,29.6
2024-10-07,105,209,1240,99.3,72.5
2024-10-07,106,175,967,88.15,27.3
2024-10-07,107,219,1186,99.46,57.9
2024-10-07,108,188,976,96.17,36.5
2024-10-08,101,174,1012,93.17,29.4
2024-10-08,102,224,955,99.19,67.2
2024-10-08,103,198,1005,94.05,33.7
2024-10-08,104,159,753,89.28,38.2
2024-10-08,105,138,626,97.1,25.8
2024-10-08,106,177,793,96.54,31.6
2024-10-08,107,102,498,90.29,24.5
2024-10-08,108,149,762,95.9,24.2
2024-10-09,101,100,437,90.68,28.2
2024-10-09,102,129,644,89.53,40.1
2024-10-09,103,171,1013,91.15,36.4
2024-10-09,104,164,842,83.3,36.8
2024-10-09,105,152,838,99.06,41.1
2024-10-09,106,216,1051,98.77,57.3
2024-10-09,107,117,553,95.48,28.5
2024-10-09,108,179,858,99.79,58.4
2024-10-10,101,100,558,88.33,31.2
2024-10-10,102,116,534,97.21,27.9
2024-10-10,103,132,791,95.93,26.7
2024-10-10,104,141,709,92.67,49.1
2024-10-10,105,93,495,99.52,21.9
2024-10-10,106,150,711,96.73,34.7
2024-10-10,107,216,956,92.82,74.8
2024-10-10,108,125,522,92.89,32.4
2024-10-11,101,96,537,93.81,29.9
2024-10-11,102,188,900,90.77,41.1
2024-10-11,103,197,969,99.37,41.9
2024-10-11,104,98,436,84.29,24.9
2024-10-11,105,221,902,99.66,39.6
2024-10-11,106,126,587,96.48,31.8
2024-10-11,107,155,873,99.74,32.0
2024-10-11,108,225,1250,99.46,56.2
2024-10-12,101,56,280,96.42,11.4
2024-10-12,102,63,315,93.21,20.2
2024-10-12,103,66,330,90.27,13.1
2024-10-12,104,26,130,88.08,6.4
2024-10-12,105,43,215,98.85,11.2
2024-10-12,106,42,210,95.02,12.0
2024-10-12,107,50,250,98.77,14.8
2024-10-12,108,58,290,89.39,13.0
2024-10-13,101,36,180,97.69,11.4
2024-10-13,102,63,315,97.01,17.7
2024-10-13,103,36,180,89.78,7.8
2024-10-13,104,61,305,90.7,11.1
2024-10-13,105,36,180,94.99,9.9
2024-10-13,106,27,135,91.75,5.8
2024-10-13,107,40,200,95.63,6.4
2024-10-13,108,57,285,91.19,12.9
2024-10-14,101,219,1203,90.25,39.8
2024-10-14,102,223,1220,94.52,48.0
2024-10-14,103,87,358,88.14,25.2
2024-10-14,104,93,502,86.65,23.2
2024-10-14,105,128,514,92.71,34.2
2024-10-14,106,218,1274,90.47,59.1
2024-10-14,107,193,870,93.52,57.2
2024-10-14,108,170,1002,94.46,35.9
2024-10-15,101,179,939,93.23,44.3
2024-10-15,102,155,847,89.32,29.8
2024-10-15,103,109,594,98.89,23.0
2024-10-15,104,222,1083,85.89,47.1
2024-10-15,105,157,825,93.73,49.5
2024-10-15,106,119,482,88.79,27.0
2024-10-15,107,225,1274,93.83,44.8
2024-10-15,108,82,364,97.7,26.2
2024-10-16,101,143,646,99.38,43.7
2024-10-16,102,94,457,95.38,14.6
2024-10-16,103,220,1143,99.44,41.4
2024-10-16,104,173,873,82.43,27.0
2024-10-16,105,80,406,95.27,28.0
2024-10-16,106,193,1145,92.15,67.2
2024-10-16,107,155,824,91.32,46.9
2024-10-16,108,220,1215,93.23,70.6
2024-10-17,101,144,783,95.35,24.2
2024-10-17,102,108,597,99.79,17.4
2024-10-17,103,144,789,98.97,22.4
2024-10-17,104,101,497,86.77,32.6
2024-10-17,105,123,628,90.83,36.8
2024-10-17,106,189,1012,98.14,48.6
2024-10-17,107,154,721,97.72,52.9
2024-10-17,108,176,736,88.67,39.2
2024-10-18,101,116,481,96.49,29.8
2024-10-18,102,164,771,92.01,49.5
2024-10-18,103,183,1024,99.68,57.0
2024-10-18,104,209,956,82.37,35.3
2024-10-18,105,141,706,98.09,45.5
2024-10-18,106,131,714,91.97,44.6
2024-10-18,107,197,897,98.91,44.8
2024-10-18,108,177,975,99.03,52.9
2024-10-19,101,49,245,94.69,16.3
2024-10-19,102,24,120,97.01,3.8
2024-10-19,103,62,310,99.33,16.9
2024-10-19,104,34,170,91.26,6.6
2024-10-19,105,48,240,97.19,8.4
2024-10-19,106,36,180,95.85,5.5
2024-10-19,107,38,190,88.37,8.1
2024-10-19,108,53,265,98.52,16.3
2024-10-20,101,50,250,96.41,7.9
2024-10-20,102,67,335,98.04,18.0
2024-10-20,103,61,305,97.4,20.8
2024-10-20,104,55,275,85.75,16.5
2024-10-20,105,50,250,93.37,16.2
2024-10-20,106,37,185,97.79,6.7
2024-10-20,107,40,200,89.19,11.9
2024-10-20,108,56,280,95.74,10.0
2024-10-21,101,155,926,93.16,41.7
2024-10-21,102,135,738,99.52,23.4
2024-10-21,103,215,914,88.96,40.5
2024-10-21,104,155,923,88.14,49.0
2024-10-21,105,221,919,90.25,71.7
2024-10-21,106,211,1260,91.05,34.0
2024-10-21,107,209,1040,94.83,68.8
2024-10-21,108,205,1021,89.02,41.5
2024-10-22,101,172,765,89.26,58.6
2024-10-22,102,195,1130,96.06,53.4
2024-10-22,103,88,417,91.15,14.4
2024-10-22,104,147,679,90.49,43.3
2024-10-22,105,100,508,98.78,15.8
2024-10-22,106,214,920,90.92,65.2
2024-10-22,107,124,542,92.27,18.8
2024-10-22,108,140,777,95.5,48.5
2024-10-23,101,99,449,96.7,28.2
2024-10-23,102,121,593,92.58,37.1
2024-10-23,103,116,630,91.0,39.4
2024-10-23,104,132,680,82.7,23.8
2024-10-23,105,127,584,94.85,34.3
2024-10-23,106,122,510,93.21,18.9
2024-10-23,107,190,1025,89.07,62.3
2024-10-23,108,114,595,95.93,32.4
2024-10-24,101,111,576,98.77,24.5
2024-10-24,102,150,851,96.53,33.0
2024-10-24,103,165,690,91.64,40.0
2024-10-24,104,198,1024,86.46,56.2
2024-10-24,105,177,912,89.35,43.4
2024-10-24,106,187,931,97.31,46.5
2024-10-24,107,105,512,97.77,32.1
2024-10-24,108,121,543,93.13,34.0
2024-10-25,101,101,552,96.21,26.1
2024-10-25,102,137,770,93.89,47.8
2024-10-25,103,169,698,96.12,26.9
2024-10-25,104,190,833,89.14,57.2
2024-10-25,105,146,764,92.9,48.8
2024-10-25,106,95,514,90.6,28.7
2024-10-25,107,213,1237,88.4,51.0
2024-10-25,108,168,825,88.0,42.2
2024-10-26,101,33,165,99.73,5.3
2024-10-26,102,34,170,95.67,6.2
2024-10-26,103,43,215,99.55,7.6
2024-10-26,104,51,255,90.29,10.3
2024-10-26,105,29,145,89.6,7.4
2024-10-26,106,50,250,92.63,16.0
2024-10-26,107,41,205,98.19,11.9
2024-10-26,108,30,150,90.28,7.0
2024-10-27,101,34,170,88.26,6.5
2024-10-27,102,49,245,92.61,17.0
2024-10-27,103,54,270,90.95,15.5
2024-10-27,104,51,255,85.25,10.1
2024-10-27,105,49,245,95.66,14.3
2024-10-27,106,67,335,91.34,17.1
2024-10-27,107,24,120,92.45,6.8
2024-10-27,108,56,280,90.64,19.2
2024-10-28,101,86,360,92.64,13.2
2024-10-28,102,126,736,97.64,36.4
2024-10-28,103,117,521,91.09,26.6
2024-10-28,104,218,1042,88.63,66.5
2024-10-28,105,128,731,89.87,41.3
2024-10-28,106,188,874,88.88,61.5
2024-10-28,107,160,760,88.92,24.4
2024-10-28,108,189,780,95.23,46.5
2024-10-29,101,225,973,96.77,75.0
2024-10-29,102,121,722,88.18,30.4
2024-10-29,103,147,782,99.24,35.3
2024-10-29,104,213,1127,87.68,34.1
2024-10-29,105,123,547,99.28,37.5
2024-10-29,106,226,985,94.07,56.7
2024-10-29,107,212,1264,99.26,73.1
2024-10-29,108,229,919,96.82,46.8
2024-10-30,101,161,959,88.47,42.4
2024-10-30,102,82,347,98.9,22.6
2024-10-30,103,94,544,93.33,15.0
2024-10-30,104,83,440,88.19,17.0
2024-10-30,105,115,487,89.98,27.5
2024-10-30,106,222,929,98.82,54.9
2024-10-30,107,86,505,89.28,14.6
2024-10-30,108,158,839,89.97,55.0
2024-10-31,101,193,924,98.94,49.4
2024-10-31,102,181,1048,97.43,54.3
2024-10-31,103,186,1041,89.64,36.2
2024-10-31,104,220,996,89.94,59.8
2024-10-31,105,126,587,92.85,38.3
2024-10-31,106,91,472,92.07,22.0
2024-10-31,107,189,889,88.34,65.5
2024-10-31,108,115,688,96.96,26.6
2024-11-01,101,170,809,92.28,41.3
2024-11-01,102,121,527,94.62,38.5
2024-11-01,103,162,903,97.8,46.3
2024-11-01,104,129,701,92.76,23.2
2024-11-01,105,150,894,91.53,29.7
2024-11-01,106,207,1205,92.91,70.0
2024-11-01,107,216,1130,91.28,34.6
2024-11-01,108,104,495,94.58,35.2
2024-11-02,101,41,205,96.12,10.7
2024-11-02,102,29,145,99.68,7.2
2024-11-02,103,66,330,94.54,17.9
2024-11-02,104,42,210,85.85,12.2
2024-11-02,105,49,245,99.41,10.0
2024-11-02,106,41,205,90.35,7.2
2024-11-02,107,35,175,95.64,8.4
2024-11-02,108,48,240,90.62,10.1
2024-11-03,101,64,320,97.33,9.9
2024-11-03,102,67,335,95.6,22.8
2024-11-03,103,34,170,98.73,6.7
2024-11-03,104,65,325,90.75,19.1
2024-11-03,105,41,205,93.29,8.9
2024-11-03,106,64,320,97.86,13.1
2024-11-03,107,49,245,92.8,13.3
2024-11-03,108,30,150,96.74,4.6
2024-11-04,101,212,928,96.06,62.0
2024-11-04,102,162,885,97.89,45.2
2024-11-04,103,116,691,90.11,25.0
2024-11-04,104,114,461,86.04,36.8
2024-11-04,105,85,412,97.07,29.0
2024-11-04,106,114,552,99.31,17.9
2024-11-04,107,108,529,97.66,27.7
2024-11-04,108,212,1217,92.26,58.3
2024-11-05,101,97,466,88.47,21.6
2024-11-05,102,213,1261,91.52,39.0
2024-11-05,103,162,711,99.36,43.7
2024-11-05,104,159,751,84.24,34.4
2024-11-05,105,204,1112,93.73,52.0
2024-11-05,106,180,1049,99.05,51.6
2024-11-05,107,167,847,95.49,58.3
2024-11-05,108,201,1070,94.1,59.3
2024-11-06,101,102,535,96.56,18.2
2024-11-06,102,139,684,89.75,30.8
2024-11-06,103,88,406,88.5,24.6
2024-11-06,104,152,730,93.96,28.1
2024-11-06,105,150,874,98.5,23.5
2024-11-06,106,169,709,90.79,31.8
2024-11-06,107,200,1196,88.52,39.4
2024-11-06,108,159,779,98.96,41.7
2024-11-07,101,113,544,92.96,38.8
2024-11-07,102,86,375,94.8,18.8
2024-11-07,103,126,664,90.82,40.9
2024-11-07,104,101,451,93.76,22.5
2024-11-07,105,222,1256,99.32,40.0
2024-11-07,106,224,1156,91.92,71.2
2024-11-07,107,205,1115,99.87,41.4
2024-11-07,108,120,566,97.89,41.1
2024-11-08,101,157,632,93.22,46.4
2024-11-08,102,136,635,92.54,46.9
2024-11-08,103,181,1080,99.67,63.2
2024-11-08,104,85,503,86.75,13.2
2024-11-08,105,113,596,91.36,36.5
2024-11-08,106,152,630,91.41,25.5
2024-11-08,107,152,813,96.76,30.2
2024-11-08,108,224,1331,94.07,62.2
2024-11-09,101,62,310,93.14,16.7
2024-11-09,102,56,280,92.15,15.2
2024-11-09,103,61,305,90.27,17.1
2024-11-09,104,40,200,89.0,11.4
2024-11-09,105,42,210,95.03,14.0
2024-11-09,106,66,330,90.17,20.0
2024-11-09,107,60,300,91.46,20.0
2024-11-09,108,34,170,91.84,5.7
2024-11-10,101,58,290,98.44,10.1
2024-11-10,102,59,295,92.52,20.2
2024-11-10,103,36,180,97.21,7.6
2024-11-10,104,43,215,90.91,9.3
2024-11-10,105,55,275,94.09,12.5
2024-11-10,106,36,180,94.91,7.5
2024-11-10,107,49,245,88.15,16.2
2024-11-10,108,67,335,98.34,21.9
2024-11-11,101,121,606,92.95,29.0
2024-11-11,102,127,737,98.61,39.6
2024-11-11,103,87,521,95.09,26.7
2024-11-11,104,206,1091,86.81,54.3
2024-11-11,105,140,699,94.79,41.0
2024-11-11,106,128,634,90.11,41.6
2024-11-11,107,202,1013,92.07,53.3
2024-11-11,108,108,435,89.12,19.4
2024-11-12,101,145,840,98.85,48.9
2024-11-12,102,228,1222,99.0,58.8
2024-11-12,103,212,906,97.2,68.1
2024-11-12,104,226,907,87.32,50.6
2024-11-12,105,114,669,89.02,24.6
2024-11-12,106,94,401,91.08,20.9
2024-11-12,107,86,373,90.61,18.9
2024-11-12,108,203,1047,89.94,39.4
2024-11-13,101,115,559,99.04,29.3
2024-11-13,102,202,952,97.61,57.5
2024-11-13,103,210,1004,94.72,41.7
2024-11-13,104,112,667,92.39,18.1
2024-11-13,105,223,1042,96.12,61.0
2024-11-13,106,200,1083,98.59,41.3
2024-11-13,107,216,1132,99.5,48.5
2024-11-13,108,179,875,94.47,55.5
2024-11-14,101,128,586,98.31,27.9
2024-11-14,102,210,1122,99.88,37.3
2024-11-14,103,175,797,99.56,32.5
2024-11-14,104,87,389,93.19,30.1
2024-11-14,105,208,962,92.8,41.3
2024-11-14,106,190,1107,92.98,53.4
2024-11-14,107,179,949,92.43,38.7
2024-11-14,108,117,551,88.01,36.4
2024-11-15,101,135,731,91.74,23.5
2024-11-15,102,176,1055,95.02,50.4
2024-11-15,103,223,1173,95.31,41.8
2024-11-15,104,83,442,92.74,23.8
2024-11-15,105,222,1215,96.82,60.3
2024-11-15,106,126,695,97.19,43.1
2024-11-15,107,111,452,99.75,31.0
2024-11-15,108,95,477,93.73,28.5
2024-11-16,101,58,290,89.31,13.9
2024-11-16,102,42,210,89.25,7.9
2024-11-16,103,64,320,92.46,10.3
2024-11-16,104,59,295,87.04,19.3
2024-11-16,105,27,135,95.1,4.1
2024-11-16,106,42,210,98.18,11.8
2024-11-16,107,54,270,93.9,15.6
2024-11-16,108,39,195,96.87,8.5
2024-11-17,101,28,140,95.33,9.2
2024-11-17,102,57,285,90.21,12.3
2024-11-17,103,57,285,92.38,16.8
2024-11-17,104,40,200,92.34,7.6
2024-11-17,105,24,120,98.07,5.8
2024-11-17,106,68,340,95.92,13.9
2024-11-17,107,26,130,89.24,4.2
2024-11-17,108,50,250,88.59,8.4
2024-11-18,101,125,628,89.03,37.1
2024-11-18,102,167,906,91.8,36.2
2024-11-18,103,155,698,98.67,40.7
2024-11-18,104,142,643,92.02,37.6
2024-11-18,105,86,463,90.43,13.9
2024-11-18,106,124,660,94.02,24.8
2024-11-18,107,80,463,92.54,23.0
2024-11-18,108,146,599,88.93,22.5
2024-11-19,101,133,730,90.06,36.1
2024-11-19,102,91,440,90.66,16.6
2024-11-19,103,208,1050,91.39,64.9
2024-11-19,104,174,905,87.41,32.8
2024-11-19,105,169,907,95.76,39.4
2024-11-19,106,216,1295,93.43,50.8
2024-11-19,107,168,869,90.29,29.7
2024-11-19,108,112,643,91.77,23.6
2024-11-20,101,103,521,93.75,29.7
2024-11-20,102,128,742,92.86,39.9
2024-11-20,103,218,1001,93.74,62.8
2024-11-20,104,150,783,86.41,30.2
2024-11-20,105,89,510,93.6,30.7
2024-11-20,106,205,973,97.27,50.8
2024-11-20,107,85,420,89.49,15.6
2024-11-20,108,113,648,96.02,32.0
2024-11-21,101,117,535,91.94,17.6
2024-11-21,102,197,910,90.65,34.2
2024-11-21,103,191,863,95.34,63.9
2024-11-21,104,191,1111,82.35,41.8
2024-11-21,105,178,1009,92.53,29.0
2024-11-21,106,83,360,99.57,28.1
2024-11-21,107,91,370,95.86,18.5
2024-11-21,108,161,864,93.55,35.0
2024-11-22,101,171,868,92.67,31.9
2024-11-22,102,191,941,88.91,49.8
2024-11-22,103,101,507,92.62,24.4
2024-11-22,104,203,854,82.29,63.9
2024-11-22,105,102,542,93.54,29.3
2024-11-22,106,149,718,98.28,32.2
2024-11-22,107,185,786,88.63,56.2
2024-11-22,108,182,909,93.57,45.4
2024-11-23,101,49,245,94.85,10.2
2024-11-23,102,34,170,94.29,9.8
2024-11-23,103,39,195,90.99,7.1
2024-11-23,104,27,135,86.48,6.9
2024-11-23,105,39,195,97.99,6.8
2024-11-23,106,53,265,98.69,15.5
2024-11-23,107,31,155,88.96,10.7
2024-11-23,108,64,320,89.88,10.3
2024-11-24,101,52,260,94.97,13.9
2024-11-24,102,28,140,90.52,7.1
2024-11-24,103,30,150,93.07,6.6
2024-11-24,104,30,150,85.55,6.6
2024-11-24,105,62,310,88.05,15.4
2024-11-24,106,31,155,97.07,6.9
2024-11-24,107,33,165,93.07,10.4
2024-11-24,108,24,120,92.64,6.1
2024-11-25,101,108,627,95.23,26.0
2024-11-25,102,94,413,96.2,17.6
2024-11-25,103,160,847,98.69,38.4
2024-11-25,104,110,465,88.13,27.4
2024-11-25,105,127,659,95.52,38.0
2024-11-25,106,148,652,98.26,32.3
2024-11-25,107,223,922,96.89,56.1
2024-11-25,108,109,489,97.18,30.0
2024-11-26,101,110,573,93.85,20.8
2024-11-26,102,103,555,93.2,20.6
2024-11-26,103,102,566,99.07,22.6
2024-11-26,104,109,436,87.67,35.8
2024-11-26,105,132,651,96.0,26.7
2024-11-26,106,132,577,94.33,26.0
2024-11-26,107,146,663,94.47,50.3
2024-11-26,108,116,517,88.58,24.1
2024-11-27,101,202,872,98.57,70.3
2024-11-27,102,97,479,97.35,18.9
2024-11-27,103,158,645,89.88,25.9
2024-11-27,104,162,763,91.11,43.2
2024-11-27,105,134,558,90.42,23.9
2024-11-27,106,218,1124,95.17,58.3
2024-11-27,107,185,1011,99.11,35.5
2024-11-27,108,156,908,97.14,45.3
2024-11-28,101,208,1059,95.78,57.0
2024-11-28,102,222,1088,98.09,60.9
2024-11-28,103,90,406,90.05,16.0
2024-11-28,104,162,805,93.4,47.4
2024-11-28,105,206,1139,96.7,38.0
2024-11-28,106,173,1031,96.9,45.9
2024-11-28,107,178,767,88.18,51.3
2024-11-28,108,212,1199,98.63,39.7
2024-11-29,101,183,962,98.92,39.0
2024-11-29,102,197,990,89.72,58.7
2024-11-29,103,115,480,93.14,24.6
2024-11-29,104,204,894,84.17,43.7
2024-11-29,105,98,442,89.02,20.1
2024-11-29,106,209,1048,93.22,38.6
2024-11-29,107,143,673,94.9,42.4
2024-11-29,108,172,892,99.34,34.8
2024-11-30,101,57,285,97.77,19.0
2024-11-30,102,25,125,96.98,4.9
2024-11-30,103,31,155,97.62,10.2
2024-11-30,104,41,205,91.75,9.1
2024-11-30,105,38,190,89.09,10.1
2024-11-30,106,58,290,91.99,11.1
2024-11-30,107,60,300,91.33,11.0
2024-11-30,108,68,340,93.52,17.3
2024-12-01,101,48,240,96.36,8.5
2024-12-01,102,28,140,97.51,7.5
2024-12-01,103,59,295,99.73,11.0
2024-12-01,104,31,155,82.97,4.9
2024-12-01,105,68,340,89.95,11.4
2024-12-01,106,31,155,91.19,5.5
2024-12-01,107,61,305,91.83,19.1
2024-12-01,108,58,290,97.08,18.8
2024-12-02,101,105,471,89.07,25.0
2024-12-02,102,137,694,96.92,28.6
2024-12-02,103,207,1104,96.67,70.3
2024-12-02,104,203,1089,91.69,38.2
2024-12-02,105,134,551,88.08,24.3
2024-12-02,106,189,923,90.05,55.9
2024-12-02,107,211,1197,90.53,36.1
2024-12-02,108,168,920,99.44,29.1
2024-12-03,101,215,959,92.93,33.7
2024-12-03,102,221,914,90.41,68.2
2024-12-03,103,183,835,90.27,28.4
2024-12-03,104,143,767,93.48,46.2
2024-12-03,105,162,684,93.94,25.2
2024-12-03,106,229,967,96.62,52.0
2024-12-03,107,98,540,96.47,18.9
2024-12-03,108,95,549,88.54,18.1
2024-12-04,101,133,720,91.44,21.6
2024-12-04,102,129,593,91.1,42.3
2024-12-04,103,147,779,96.81,45.2
2024-12-04,104,170,824,90.93,58.3
2024-12-04,105,110,639,99.58,33.6
2024-12-04,106,100,541,88.89,21.4
2024-12-04,107,161,949,92.03,47.1
2024-12-04,108,139,721,93.0,25.1
2024-12-05,101,111,459,91.52,32.0
2024-12-05,102,169,731,92.93,51.9
2024-12-05,103,138,630,95.14,47.3
2024-12-05,104,102,475,87.67,19.4
2024-12-05,105,108,446,93.98,27.0
2024-12-05,106,83,488,99.28,13.6
2024-12-05,107,171,900,94.87,40.1
2024-12-05,108,144,848,98.29,22.2
2024-12-06,101,166,766,91.43,45.7
2024-12-06,102,145,836,97.13,38.4
2024-12-06,103,109,535,99.1,34.5
2024-12-06,104,90,491,93.74,15.6
2024-12-06,105,94,387,97.24,31.9
2024-12-06,106,163,785,98.8,28.8
2024-12-06,107,212,1105,90.21,61.3
2024-12-06,108,134,788,99.32,42.4
2024-12-07,101,45,225,97.9,9.5
2024-12-07,102,40,200,94.2,13.8
2024-12-07,103,49,245,95.12,15.9
2024-12-07,104,45,225,84.09,11.2
2024-12-07,105,65,325,98.06,10.8
2024-12-07,106,48,240,99.01,9.4
2024-12-07,107,56,280,88.93,9.0
2024-12-07,108,65,325,91.09,12.2
2024-12-08,101,65,325,92.39,18.8
2024-12-08,102,54,270,99.25,15.4
2024-12-08,103,33,165,94.25,8.6
2024-12-08,104,66,330,91.69,15.9
2024-12-08,105,33,165,95.23,10.0
2024-12-08,106,32,160,88.54,5.8
2024-12-08,107,29,145,95.01,7.7
2024-12-08,108,62,310,88.28,13.2
2024-12-09,101,209,1018,92.94,68.5
2024-12-09,102,156,779,90.79,29.4
2024-12-09,103,156,845,88.48,25.0
2024-12-09,104,224,907,87.78,43.7
2024-12-09,105,202,1153,97.16,40.1
2024-12-09,106,202,1193,88.71,46.1
2024-12-09,107,210,1107,94.39,63.0
2024-12-09,108,94,502,95.12,17.7
2024-12-10,101,195,900,93.08,45.4
2024-12-10,102,193,941,97.34,66.6
2024-12-10,103,215,1230,95.4,67.4
2024-12-10,104,183,878,89.84,34.2
2024-12-10,105,162,706,92.6,32.0
2024-12-10,106,160,904,97.15,33.0
2024-12-10,107,207,876,98.44,65.7
2024-12-10,108,126,600,89.81,23.4
2024-12-11,101,150,833,95.21,29.8
2024-12-11,102,151,764,89.45,22.8
2024-12-11,103,200,1133,92.54,63.0
2024-12-11,104,195,1026,85.05,62.9
2024-12-11,105,155,797,94.04,49.3
2024-12-11,106,169,876,98.95,46.6
2024-12-11,107,199,841,95.1,43.9
2024-12-11,108,148,689,92.82,46.6
2024-12-12,101,206,892,93.21,36.8
2024-12-12,102,94,425,92.0,30.0
2024-12-12,103,93,423,92.81,28.9
2024-12-12,104,208,923,92.35,68.4
2024-12-12,105,228,1103,97.93,69.4
2024-12-12,106,166,865,92.37,32.3
2024-12-12,107,168,724,96.43,43.3
2024-12-12,108,91,413,88.28,23.1
2024-12-13,101,173,918,88.48,47.0
2024-12-13,102,100,496,99.79,23.9
2024-12-13,103,224,1269,91.85,44.9
2024-12-13,104,171,1008,86.31,25.8
2024-12-13,105,197,1084,91.3,44.0
2024-12-13,106,85,443,93.96,19.2
2024-12-13,107,187,839,91.4,32.6
2024-12-13,108,88,403,91.9,20.9
2024-12-14,101,41,205,95.75,12.4
2024-12-14,102,37,185,93.61,5.6
2024-12-14,103,63,315,88.4,16.4
2024-12-14,104,64,320,84.46,21.3
2024-12-14,105,55,275,88.75,17.9
2024-12-14,106,50,250,90.13,9.0
2024-12-14,107,29,145,94.31,6.0
2024-12-14,108,39,195,91.22,10.5
2024-12-15,101,59,295,98.19,14.3
2024-12-15,102,51,255,95.16,11.7
2024-12-15,103,35,175,91.62,7.5
2024-12-15,104,27,135,83.59,8.6
2024-12-15,105,41,205,99.14,10.3
2024-12-15,106,34,170,89.5,7.4
2024-12-15,107,63,315,92.95,19.4
2024-12-15,108,58,290,92.03,14.0
2024-12-16,101,207,1182,91.67,65.1
2024-12-16,102,123,565,91.51,27.3
2024-12-16,103,104,471,90.13,29.1
2024-12-16,104,218,1273,82.56,47.6
2024-12-16,105,101,484,88.79,19.8
2024-12-16,106,95,536,89.03,18.5
2024-12-16,107,98,514,96.77,21.5
2024-12-16,108,96,566,97.32,18.2
2024-12-17,101,95,448,95.85,20.5
2024-12-17,102,200,1089,95.23,50.1
2024-12-17,103,103,574,89.63,22.9
2024-12-17,104,97,466,91.7,26.1
2024-12-17,105,91,532,94.38,23.0
2024-12-17,106,197,815,88.09,65.5
2024-12-17,107,132,700,91.96,30.0
2024-12-17,108,137,652,91.67,37.5
2024-12-18,101,102,447,91.19,21.1
2024-12-18,102,186,1041,90.54,37.6
2024-12-18,103,141,605,94.05,47.1
2024-12-18,104,103,583,82.44,20.7
2024-12-18,105,217,1207,93.44,46.5
2024-12-18,106,191,1015,91.52,46.3
2024-12-18,107,151,825,88.47,40.9
2024-12-18,108,116,495,92.57,20.1
2024-12-19,101,107,478,98.06,30.3
2024-12-19,102,128,662,95.22,24.3
2024-12-19,103,153,708,97.37,36.8
2024-12-19,104,190,943,92.05,40.6
2024-12-19,105,191,806,97.28,62.3
2024-12-19,106,191,1135,89.01,31.3
2024-12-19,107,125,680,99.43,28.9
2024-12-19,108,204,1000,98.71,59.0
2024-12-20,101,152,756,88.77,37.6
2024-12-20,102,143,594,92.6,40.0
2024-12-20,103,133,599,88.35,33.8
2024-12-20,104,92,550,89.83,25.0
2024-12-20,105,207,1183,89.93,59.7
2024-12-20,106,194,968,91.45,59.0
2024-12-20,107,126,637,98.0,22.7
2024-12-20,108,110,654,99.73,37.1
2024-12-21,101,38,190,89.52,7.9
2024-12-21,102,34,170,90.45,8.0
2024-12-21,103,35,175,92.6,8.5
2024-12-21,104,61,305,90.99,17.0
2024-12-21,105,67,335,99.48,10.4
2024-12-21,106,40,200,94.9,12.5
2024-12-21,107,41,205,88.41,13.6
2024-12-21,108,26,130,96.14,6.0
2024-12-22,101,25,125,88.53,6.6
2024-12-22,102,51,255,90.93,9.5
2024-12-22,103,27,135,96.13,4.6
2024-12-22,104,30,150,83.68,4.8
2024-12-22,105,39,195,95.05,8.2
2024-12-22,106,56,280,94.84,16.0
2024-12-22,107,48,240,94.68,7.7
2024-12-22,108,66,330,88.16,17.8
2024-12-23,101,174,711,93.47,41.6
2024-12-23,102,174,946,97.81,33.9
2024-12-23,103,88,391,93.38,28.8
2024-12-23,104,89,491,82.84,22.0
2024-12-23,105,88,446,98.24,21.8
2024-12-23,106,168,700,90.13,38.8
2024-12-23,107,94,557,99.55,30.1
2024-12-23,108,100,592,96.2,22.9
2024-12-24,101,191,860,92.66,34.7
2024-12-24,102,116,546,99.14,36.9
2024-12-24,103,175,839,89.43,36.5
2024-12-24,104,180,812,89.29,56.4
2024-12-24,105,138,628,90.44,42.7
2024-12-24,106,156,648,92.51,51.9
2024-12-24,107,88,477,89.2,21.0
2024-12-24,108,106,485,91.14,22.3
2024-12-25,101,171,980,89.11,37.1
2024-12-25,102,108,452,92.94,32.7
2024-12-25,103,174,718,91.55,26.5
2024-12-25,104,189,990,89.74,42.5
2024-12-25,105,131,729,93.47,20.2
2024-12-25,106,140,696,90.96,25.7
2024-12-25,107,200,876,89.46,35.6
2024-12-25,108,104,617,98.1,33.9
2024-12-26,101,144,726,96.01,23.7
2024-12-26,102,191,917,95.07,39.6
2024-12-26,103,83,342,91.18,18.9
2024-12-26,104,150,672,88.88,36.6
2024-12-26,105,91,462,91.27,23.2
2024-12-26,106,196,1116,95.52,35.9
2024-12-26,107,181,1081,95.46,59.7
2024-12-26,108,83,425,98.95,17.2
2024-12-27,101,134,772,91.92,31.0
2024-12-27,102,199,1034,89.61,47.2
2024-12-27,103,205,1056,91.54,53.0
2024-12-27,104,201,842,90.93,34.5
2024-12-27,105,182,1020,93.56,57.9
2024-12-27,106,109,644,90.49,17.2
2024-12-27,107,229,1260,90.76,79.5
2024-12-27,108,139,770,94.61,28.4
2024-12-28,101,52,260,88.15,15.3
2024-12-28,102,25,125,93.39,3.9
2024-12-28,103,35,175,91.82,5.4
2024-12-28,104,56,280,91.16,19.1
2024-12-28,105,30,150,94.62,8.6
2024-12-28,106,26,130,98.07,8.1
2024-12-28,107,57,285,94.66,11.9
2024-12-28,108,54,270,94.02,9.9
2024-12-29,101,39,195,92.24,6.2
2024-12-29,102,26,130,92.49,4.4
2024-12-29,103,58,290,93.32,13.1
2024-12-29,104,62,310,84.83,20.8
2024-12-29,105,52,260,94.44,12.8
2024-12-29,106,57,285,88.6,13.2
2024-12-29,107,50,250,98.03,17.4
2024-12-29,108,51,255,93.4,14.9
2024-12-30,101,184,845,98.78,42.5
2024-12-30,102,225,1239,96.2,39.7
2024-12-30,103,122,678,90.6,39.6
2024-12-30,104,212,1109,85.78,62.4
2024-12-30,105,181,1062,92.38,52.0
2024-12-30,106,202,1028,92.45,35.7
2024-12-30,107,222,1013,94.41,41.2
2024-12-30,108,115,608,93.69,36.0
2024-12-31,101,85,374,88.02,19.1
2024-12-31,102,87,372,96.21,21.4
2024-12-31,103,199,982,90.49,66.7
2024-12-31,104,222,939,85.0,69.6
2024-12-31,105,101,599,91.35,27.0
2024-12-31,106,96,390,95.24,21.0
2024-12-31,107,128,615,91.98,28.0
2024-12-31,108,113,584,88.45,36.8
2025-01-01,101,193,1156,99.35,65.3
2025-01-01,102,121,516,89.73,36.6
2025-01-01,103,241,1089,95.27,38.1
2025-01-01,104,159,928,86.57,40.2
2025-01-01,105,166,807,99.04,36.0
2025-01-01,106,165,973,95.69,47.1
2025-01-01,107,234,1348,98.67,75.9
2025-01-01,108,136,727,90.65,28.1
2025-01-02,101,241,1251,88.16,51.8
2025-01-02,102,241,1110,99.18,48.2
2025-01-02,103,165,867,97.06,41.3
2025-01-02,104,225,1065,93.55,34.4
2025-01-02,105,236,1120,90.26,36.1
2025-01-02,106,203,883,98.92,40.4
2025-01-02,107,251,1026,96.24,78.8
2025-01-02,108,218,1111,99.26,32.9
2025-01-03,101,204,1106,98.24,68.8
2025-01-03,102,198,1036,92.56,56.1
2025-01-03,103,155,761,94.04,26.5
2025-01-03,104,189,958,85.99,44.9
2025-01-03,105,129,573,99.21,37.3
2025-01-03,106,217,1149,88.14,47.0
2025-01-03,107,209,1005,88.46,33.4
2025-01-03,108,229,1348,98.88,64.8
2025-01-04,101,62,310,96.54,9.5
2025-01-04,102,56,280,92.28,10.1
2025-01-04,103,49,245,95.63,15.3
2025-01-04,104,68,340,91.8,19.3
2025-01-04,105,58,290,92.63,15.6
2025-01-04,106,60,300,90.18,11.6
2025-01-04,107,74,370,99.61,25.7
2025-01-04,108,45,225,89.04,12.7
2025-01-05,101,74,370,95.82,13.2
2025-01-05,102,70,350,91.77,15.2
2025-01-05,103,43,215,89.05,14.8
2025-01-05,104,71,355,93.12,15.4
2025-01-05,105,45,225,93.41,13.8
2025-01-05,106,68,340,94.0,23.4
2025-01-05,107,62,310,90.99,20.6
2025-01-05,108,65,325,92.99,11.6
2025-01-06,101,149,864,91.4,30.1
2025-01-06,102,210,867,91.75,44.7
2025-01-06,103,118,687,88.93,37.2
2025-01-06,104,213,1117,84.87,57.6
2025-01-06,105,142,716,94.2,31.8
2025-01-06,106,196,935,92.11,52.6
2025-01-06,107,148,820,93.73,45.6
2025-01-06,108,167,969,88.84,55.2
2025-01-07,101,226,937,88.51,41.0
2025-01-07,102,191,916,97.82,31.4
2025-01-07,103,254,1259,93.73,53.6
2025-01-07,104,233,989,93.33,50.8
2025-01-07,105,221,906,88.44,72.7
2025-01-07,106,173,729,92.25,54.9
2025-01-07,107,242,1117,98.04,46.8
2025-01-07,108,144,799,92.08,40.6
2025-01-08,101,114,682,93.72,31.7
2025-01-08,102,150,773,99.74,52.5
2025-01-08,103,147,811,92.6,44.2
2025-01-08,104,164,662,82.67,54.7
2025-01-08,105,147,752,93.55,39.0
2025-01-08,106,169,869,93.16,58.3
2025-01-08,107,132,597,89.01,45.5
2025-01-08,108,193,776,96.38,44.5
2025-01-09,101,157,738,91.76,42.8
2025-01-09,102,194,780,98.53,34.5
2025-01-09,103,205,919,88.23,40.8
2025-01-09,104,154,916,84.84,42.4
2025-01-09,105,215,1200,91.63,72.0
2025-01-09,106,215,1219,89.94,33.2
2025-01-09,107,249,1228,95.93,70.8
2025-01-09,108,223,956,88.37,38.6
2025-01-10,101,164,912,88.68,40.3
2025-01-10,102,177,852,94.08,58.3
2025-01-10,103,239,1235,88.79,42.3
2025-01-10,104,216,1106,89.01,42.8
2025-01-10,105,242,1409,88.19,67.4
2025-01-10,106,146,875,94.92,27.2
2025-01-10,107,193,1081,91.35,53.1
2025-01-10,108,140,760,91.68,22.6
2025-01-11,101,41,205,98.07,8.9
2025-01-11,102,70,350,92.61,24.0
2025-01-11,103,62,310,93.24,17.3
2025-01-11,104,54,270,84.11,18.6
2025-01-11,105,72,360,89.96,11.1
2025-01-11,106,38,190,89.68,10.1
2025-01-11,107,42,210,94.05,10.1
2025-01-11,108,45,225,88.61,11.2
2025-01-12,101,54,270,99.05,15.5
2025-01-12,102,48,240,93.08,15.0
2025-01-12,103,38,190,94.69,11.0
2025-01-12,104,33,165,82.78,5.5
2025-01-12,105,70,350,92.55,18.7
2025-01-12,106,52,260,93.44,10.0
2025-01-12,107,76,380,97.23,14.3
2025-01-12,108,45,225,92.9,15.1
2025-01-13,101,187,766,96.37,43.5
2025-01-13,102,235,1269,96.43,59.6
2025-01-13,103,230,1053,91.65,41.9
2025-01-13,104,245,1194,93.79,79.0
2025-01-13,105,181,836,92.29,44.3
2025-01-13,106,131,682,98.97,23.9
2025-01-13,107,182,1003,96.6,30.5
2025-01-13,108,255,1142,89.42,59.1
2025-01-14,101,250,1106,89.08,72.5
2025-01-14,102,230,999,88.34,53.3
2025-01-14,103,251,1136,92.46,84.5
2025-01-14,104,251,1059,90.19,87.1
2025-01-14,105,168,825,94.79,40.4
2025-01-14,106,183,1028,88.34,52.7
2025-01-14,107,190,931,89.54,32.7
2025-01-14,108,199,901,88.7,60.4
2025-01-15,101,223,1099,94.35,44.3
2025-01-15,102,177,849,97.94,40.4
2025-01-15,103,150,705,93.94,51.0
2025-01-15,104,131,571,84.22,23.9
2025-01-15,105,131,674,95.08,33.1
2025-01-15,106,164,981,90.05,49.2
2025-01-15,107,241,1033,99.1,59.7
2025-01-15,108,170,978,92.69,49.3
2025-01-16,101,121,665,94.92,21.0
2025-01-16,102,168,908,94.53,28.2
2025-01-16,103,130,689,88.31,33.8
2025-01-16,104,231,925,85.2,71.6
2025-01-16,105,192,1041,95.21,61.3
2025-01-16,106,130,757,96.85,29.8
2025-01-16,107,192,772,91.72,41.7
2025-01-16,108,250,1164,90.26,77.8
2025-01-17,101,256,1236,93.16,59.5
2025-01-17,102,221,1244,97.75,68.4
2025-01-17,103,184,791,89.25,58.0
2025-01-17,104,199,1173,91.83,51.8
2025-01-17,105,141,821,93.79,43.8
2025-01-17,106,130,716,90.76,23.8
2025-01-17,107,182,909,99.43,39.8
2025-01-17,108,251,1184,99.49,72.7
2025-01-18,101,39,195,97.71,8.9
2025-01-18,102,61,305,94.09,20.2
2025-01-18,103,35,175,90.74,6.9
2025-01-18,104,60,300,88.01,16.9
2025-01-18,105,51,255,88.27,8.2
2025-01-18,106,61,305,90.61,18.8
2025-01-18,107,36,180,94.57,9.6
2025-01-18,108,48,240,98.74,13.8
2025-01-19,101,36,180,99.88,11.4
2025-01-19,102,34,170,98.56,7.3
2025-01-19,103,63,315,99.16,12.1
2025-01-19,104,70,350,90.84,16.2
2025-01-19,105,59,295,90.46,20.3
2025-01-19,106,39,195,91.94,8.5
2025-01-19,107,68,340,91.85,22.3
2025-01-19,108,57,285,94.52,17.4
2025-01-20,101,134,677,98.0,21.9
2025-01-20,102,166,758,98.89,40.3
2025-01-20,103,206,1131,95.69,68.9
2025-01-20,104,148,624,91.29,39.4
2025-01-20,105,240,1224,92.62,76.5
2025-01-20,106,175,704,93.66,29.3
2025-01-20,107,247,1042,99.37,62.9
2025-01-20,108,210,904,95.5,32.1
2025-01-21,101,196,1067,94.32,58.0
2025-01-21,102,168,849,91.47,57.9
2025-01-21,103,218,1023,98.72,46.9
2025-01-21,104,219,1198,82.22,48.7
2025-01-21,105,150,641,90.51,44.8
2025-01-21,106,218,1216,90.4,53.8
2025-01-21,107,240,1062,89.78,81.7
2025-01-21,108,170,751,94.64,39.5
2025-01-22,101,140,727,98.11,45.3
2025-01-22,102,253,1176,91.18,65.5
2025-01-22,103,113,522,90.26,27.7
2025-01-22,104,198,1020,92.76,61.1
2025-01-22,105,123,548,92.37,30.9
2025-01-22,106,203,1169,96.67,34.7
2025-01-22,107,252,1351,88.38,44.5
2025-01-22,108,158,792,88.81,52.9
2025-01-23,101,170,904,97.12,45.1
2025-01-23,102,226,1015,90.09,72.3
2025-01-23,103,185,1016,92.1,55.4
2025-01-23,104,213,1128,93.58,55.5
2025-01-23,105,187,1115,98.25,29.7
2025-01-23,106,197,895,93.34,37.3
2025-01-23,107,130,665,95.92,43.9
2025-01-23,108,145,651,94.81,49.4
2025-01-24,101,235,1254,97.27,69.4
2025-01-24,102,153,835,90.77,36.0
2025-01-24,103,139,561,92.93,28.3
2025-01-24,104,126,504,91.99,25.5
2025-01-24,105,241,1297,95.93,53.8
2025-01-24,106,252,1104,91.75,42.6
2025-01-24,107,166,957,89.3,28.1
2025-01-24,108,196,832,98.27,30.6
2025-01-25,101,57,285,89.75,17.3
2025-01-25,102,36,180,95.43,9.3
2025-01-25,103,67,335,95.34,20.7
2025-01-25,104,60,300,83.91,11.1
2025-01-25,105,50,250,95.4,14.8
2025-01-25,106,71,355,94.01,19.0
2025-01-25,107,75,375,97.73,22.1
2025-01-25,108,43,215,95.0,13.5
2025-01-26,101,72,360,97.52,23.6
2025-01-26,102,47,235,97.73,12.2
2025-01-26,103,40,200,92.23,10.6
2025-01-26,104,66,330,93.65,23.0
2025-01-26,105,57,285,89.46,12.2
2025-01-26,106,69,345,92.53,20.7
2025-01-26,107,48,240,99.26,9.7
2025-01-26,108,72,360,90.12,12.1
2025-01-27,101,132,584,93.65,42.6
2025-01-27,102,186,1007,89.22,44.5
2025-01-27,103,254,1513,95.25,62.0
2025-01-27,104,169,936,93.97,27.8
2025-01-27,105,207,1060,89.59,31.8
2025-01-27,106,127,672,94.95,23.7
2025-01-27,107,121,632,89.17,39.8
2025-01-27,108,113,654,98.12,39.1
2025-01-28,101,177,897,96.37,51.2
2025-01-28,102,199,826,88.58,63.2
2025-01-28,103,137,752,92.65,29.8
2025-01-28,104,130,757,83.05,41.9
2025-01-28,105,252,1167,92.23,40.1
2025-01-28,106,212,888,90.31,67.7
2025-01-28,107,178,753,97.89,50.7
2025-01-28,108,124,651,97.64,33.3
2025-01-29,101,138,754,89.25,28.2
2025-01-29,102,153,907,90.13,42.0
2025-01-29,103,251,1124,99.54,67.6
2025-01-29,104,165,732,93.81,52.7
2025-01-29,105,187,1102,96.58,31.1
2025-01-29,106,175,918,94.94,39.3
2025-01-29,107,116,484,93.82,17.6
2025-01-29,108,110,613,89.24,33.0
2025-01-30,101,165,712,97.12,26.7
2025-01-30,102,158,929,96.05,30.4
2025-01-30,103,182,922,96.42,35.2
2025-01-30,104,172,878,86.22,56.4
2025-01-30,105,145,610,91.17,37.3
2025-01-30,106,122,660,97.75,34.4
2025-01-30,107,134,613,94.07,24.6
2025-01-30,108,218,1156,91.53,73.2
2025-01-31,101,129,589,92.51,24.5
2025-01-31,102,151,835,92.53,45.5
2025-01-31,103,250,1067,92.34,42.9
2025-01-31,104,151,713,91.3,45.4
2025-01-31,105,234,1037,93.76,56.2
2025-01-31,106,144,800,92.68,46.0
2025-01-31,107,114,562,99.6,37.2
2025-01-31,108,112,558,93.35,28.5
2025-02-01,101,58,290,91.95,10.7
2025-02-01,102,72,360,95.21,25.0
2025-02-01,103,64,320,95.67,21.2
2025-02-01,104,50,250,82.55,15.9
2025-02-01,105,62,310,93.62,21.3
2025-02-01,106,74,370,91.17,21.7
2025-02-01,107,45,225,93.59,13.0
2025-02-01,108,56,280,91.48,12.8
2025-02-02,101,37,185,91.48,12.8
2025-02-02,102,71,355,93.25,12.1
2025-02-02,103,57,285,93.67,19.9
2025-02-02,104,45,225,91.01,8.5
2025-02-02,105,57,285,90.14,10.8
2025-02-02,106,75,375,90.85,15.9
2025-02-02,107,49,245,99.37,11.2
2025-02-02,108,52,260,92.23,14.0
2025-02-03,101,149,737,96.23,28.2
2025-02-03,102,177,883,92.25,61.4
2025-02-03,103,240,1063,95.54,37.4
2025-02-03,104,250,1491,88.28,46.6
2025-02-03,105,243,1234,94.29,56.9
2025-02-03,106,211,1242,96.68,55.2
2025-02-03,107,110,556,98.36,22.9
2025-02-03,108,204,1089,89.45,41.4
2025-02-04,101,238,1175,89.99,36.6
2025-02-04,102,159,930,96.35,37.0
2025-02-04,103,172,973,97.06,37.4
2025-02-04,104,198,833,82.03,42.1
2025-02-04,105,190,843,88.13,37.1
2025-02-04,106,136,708,95.7,31.4
2025-02-04,107,201,843,95.08,70.3
2025-02-04,108,239,957,97.47,52.8
2025-02-05,101,196,968,90.79,68.2
2025-02-05,102,209,1120,98.42,33.5
2025-02-05,103,127,761,97.26,43.8
2025-02-05,104,223,1073,86.68,55.2
2025-02-05,105,211,926,97.44,61.4
2025-02-05,106,133,739,89.24,27.4
2025-02-05,107,249,1025,94.3,39.6
2025-02-05,108,125,572,98.38,39.9
2025-02-06,101,153,654,96.62,38.7
2025-02-06,102,130,689,95.25,32.9
2025-02-06,103,212,1068,99.79,53.4
2025-02-06,104,110,480,89.17,31.7
2025-02-06,105,112,552,88.97,32.1
2025-02-06,106,222,1076,99.81,66.2
2025-02-06,107,248,1273,98.98,68.3
2025-02-06,108,213,984,99.37,50.1
2025-02-07,101,194,1145,88.7,67.3
2025-02-07,102,129,712,89.61,42.0
2025-02-07,103,214,1216,94.02,51.8
2025-02-07,104,215,1268,84.53,39.9
2025-02-07,105,253,1185,97.48,67.6
2025-02-07,106,140,788,88.65,40.6
2025-02-07,107,120,602,89.5,38.2
2025-02-07,108,180,879,89.8,56.0
2025-02-08,101,51,255,89.2,17.3
2025-02-08,102,69,345,97.25,11.6
2025-02-08,103,52,260,99.6,10.0
2025-02-08,104,47,235,92.63,7.1
2025-02-08,105,75,375,97.13,14.4
2025-02-08,106,34,170,89.06,10.2
2025-02-08,107,53,265,89.29,16.6
2025-02-08,108,67,335,91.27,19.1
2025-02-09,101,56,280,88.0,18.8
2025-02-09,102,66,330,92.43,22.1
2025-02-09,103,59,295,88.72,13.8
2025-02-09,104,47,235,92.89,12.5
2025-02-09,105,64,320,98.87,18.3
2025-02-09,106,47,235,94.51,13.2
2025-02-09,107,39,195,93.02,11.8
2025-02-09,108,67,335,98.59,18.5
2025-02-10,101,230,938,96.35,39.9
2025-02-10,102,256,1529,95.64,83.8
2025-02-10,103,251,1215,91.17,59.8
2025-02-10,104,144,631,87.05,38.6
2025-02-10,105,210,1226,98.89,48.0
2025-02-10,106,204,1178,97.15,41.9
2025-02-10,107,137,612,93.45,39.4
2025-02-10,108,226,1256,92.46,68.5
2025-02-11,101,135,668,97.45,37.3
2025-02-11,102,224,1098,93.95,76.7
2025-02-11,103,210,1175,99.67,61.1
2025-02-11,104,146,710,89.86,42.0
2025-02-11,105,221,1077,99.42,45.2
2025-02-11,106,198,957,93.78,61.5
2025-02-11,107,212,1025,91.32,55.0
2025-02-11,108,257,1437,99.52,41.4
2025-02-12,101,135,768,93.64,35.3
2025-02-12,102,254,1377,94.21,46.3
2025-02-12,103,110,525,88.85,29.2
2025-02-12,104,128,694,87.15,37.8
2025-02-12,105,121,678,92.39,34.1
2025-02-12,106,110,456,97.54,21.6
2025-02-12,107,203,950,90.26,59.7
2025-02-12,108,198,967,95.19,35.9
2025-02-13,101,233,1108,90.66,66.9
2025-02-13,102,239,1395,93.43,70.4
2025-02-13,103,161,940,89.92,33.9
2025-02-13,104,203,892,82.04,65.8
2025-02-13,105,240,1001,98.25,65.8
2025-02-13,106,119,688,95.34,30.4
2025-02-13,107,170,892,93.32,56.5
2025-02-13,108,189,913,97.39,44.4
2025-02-14,101,179,1024,95.1,48.0
2025-02-14,102,122,697,97.52,24.0
2025-02-14,103,195,1096,89.53,57.4
2025-02-14,104,139,573,88.27,39.0
2025-02-14,105,215,1019,99.07,51.3
2025-02-14,106,205,1200,99.59,67.6
2025-02-14,107,153,861,94.96,46.6
2025-02-14,108,246,1084,88.29,64.4
2025-02-15,101,73,365,90.77,25.0
2025-02-15,102,62,310,93.26,12.7
2025-02-15,103,69,345,89.04,16.1
2025-02-15,104,38,190,86.21,8.0
2025-02-15,105,33,165,90.5,6.1
2025-02-15,106,64,320,98.94,16.1
2025-02-15,107,70,350,92.97,12.3
2025-02-15,108,38,190,95.02,11.0
2025-02-16,101,71,355,95.16,21.7
2025-02-16,102,43,215,95.35,12.0
2025-02-16,103,58,290,92.88,14.9
2025-02-16,104,39,195,86.71,11.5
2025-02-16,105,65,325,93.79,18.8
2025-02-16,106,42,210,89.5,10.4
2025-02-16,107,55,275,92.4,11.6
2025-02-16,108,36,180,93.57,12.0
2025-02-17,101,130,655,97.6,19.6
2025-02-17,102,119,488,97.27,33.1
2025-02-17,103,237,970,98.3,43.6
2025-02-17,104,170,983,86.16,54.2
2025-02-17,105,130,755,90.99,43.7
2025-02-17,106,151,843,93.18,28.0
2025-02-17,107,122,583,92.63,23.9
2025-02-17,108,230,973,92.61,63.3
2025-02-18,101,230,1201,88.24,58.4
2025-02-18,102,135,717,88.77,30.8
2025-02-18,103,244,1441,93.66,73.2
2025-02-18,104,125,578,83.65,37.3
2025-02-18,105,115,570,99.02,18.5
2025-02-18,106,207,1120,94.87,41.5
2025-02-18,107,141,667,93.36,44.2
2025-02-18,108,170,973,92.34,43.4
2025-02-19,101,197,988,95.85,31.3
2025-02-19,102,148,856,89.76,41.0
2025-02-19,103,209,921,97.48,42.7
2025-02-19,104,218,1228,85.32,72.9
2025-02-19,105,235,1097,98.84,68.9
2025-02-19,106,155,887,88.34,52.4
2025-02-19,107,174,806,99.89,46.3
2025-02-19,108,114,466,97.34,25.9
2025-02-20,101,178,1014,94.99,32.4
2025-02-20,102,139,750,94.55,38.9
2025-02-20,103,161,857,91.9,53.9
2025-02-20,104,218,1140,93.2,73.3
2025-02-20,105,155,698,94.13,54.2
2025-02-20,106,182,879,98.57,44.9
2025-02-20,107,237,1217,97.68,58.7
2025-02-20,108,135,774,92.66,20.6
2025-02-21,101,128,639,89.52,22.2
2025-02-21,102,128,595,96.35,35.7
2025-02-21,103,222,1264,91.35,68.5
2025-02-21,104,176,833,83.1,48.4
2025-02-21,105,236,1341,88.42,81.4
2025-02-21,106,222,1175,97.07,43.6
2025-02-21,107,130,681,88.07,30.3
2025-02-21,108,259,1373,90.44,63.2
2025-02-22,101,51,255,91.37,15.0
2025-02-22,102,43,215,94.72,11.7
2025-02-22,103,67,335,91.92,15.7
2025-02-22,104,36,180,93.76,12.2
2025-02-22,105,77,385,93.19,21.9
2025-02-22,106,40,200,92.63,11.2
2025-02-22,107,58,290,95.04,12.8
2025-02-22,108,49,245,98.92,9.0
2025-02-23,101,66,330,98.0,21.4
2025-02-23,102,54,270,98.65,17.9
2025-02-23,103,77,385,89.56,26.8
2025-02-23,104,75,375,88.3,18.2
2025-02-23,105,36,180,98.96,10.8
2025-02-23,106,37,185,88.89,9.1
2025-02-23,107,63,315,91.69,21.2
2025-02-23,108,45,225,98.95,11.2
2025-02-24,101,187,1068,97.71,30.3
2025-02-24,102,235,1322,90.35,36.9
2025-02-24,103,161,785,90.08,55.3
2025-02-24,104,168,978,86.65,31.8
2025-02-24,105,142,834,88.13,21.5
2025-02-24,106,156,689,93.85,50.1
2025-02-24,107,192,860,88.75,34.4
2025-02-24,108,186,976,89.81,29.6
2025-02-25,101,168,750,91.58,33.4
2025-02-25,102,192,1050,96.06,65.9
2025-02-25,103,244,1342,94.02,80.7
2025-02-25,104,127,621,89.99,40.2
2025-02-25,105,172,883,94.13,26.6
2025-02-25,106,137,724,89.09,21.1
2025-02-25,107,118,631,97.77,40.0
2025-02-25,108,208,1030,91.78,46.2
2025-02-26,101,235,1072,88.63,77.6
2025-02-26,102,222,1330,91.6,72.3
2025-02-26,103,142,696,90.65,42.3
2025-02-26,104,208,929,84.1,60.2
2025-02-26,105,208,950,93.0,47.2
2025-02-26,106,144,680,92.59,41.8
2025-02-26,107,184,1081,95.77,63.3
2025-02-26,108,205,933,95.7,31.4
2025-02-27,101,242,978,97.15,83.0
2025-02-27,102,155,634,94.97,30.2
2025-02-27,103,130,698,99.59,41.6
2025-02-27,104,177,788,87.17,50.5
2025-02-27,105,246,1014,93.6,43.3
2025-02-27,106,236,1265,99.82,65.1
2025-02-27,107,137,743,97.48,45.3
2025-02-27,108,147,780,91.02,42.6
2025-02-28,101,172,932,98.33,59.4
2025-02-28,102,251,1167,93.02,43.1
2025-02-28,103,154,844,91.02,52.1
2025-02-28,104,246,1073,85.66,59.0
2025-02-28,105,183,849,90.31,50.2
2025-02-28,106,245,1150,97.35,47.7
2025-02-28,107,175,950,95.44,54.2
2025-02-28,108,142,780,88.87,40.0
2025-03-01,101,77,385,89.23,20.2
2025-03-01,102,56,280,98.04,13.1
2025-03-01,103,60,300,95.27,16.3
2025-03-01,104,59,295,93.95,20.6
2025-03-01,105,68,340,88.13,22.0
2025-03-01,106,44,220,99.17,9.3
2025-03-01,107,75,375,98.61,25.4
2025-03-01,108,70,350,93.08,12.2
2025-03-02,101,66,330,93.07,17.0
2025-03-02,102,69,345,97.69,20.6
2025-03-02,103,71,355,94.25,18.4
2025-03-02,104,44,220,87.55,14.9
2025-03-02,105,43,215,98.54,12.6
2025-03-02,106,43,215,98.99,13.7
2025-03-02,107,53,265,88.32,8.8
2025-03-02,108,36,180,99.71,9.3
2025-03-03,101,140,680,90.47,47.5
2025-03-03,102,188,930,94.16,50.5
2025-03-03,103,154,850,91.87,36.7
2025-03-03,104,229,1066,86.91,44.9
2025-03-03,105,162,809,99.85,40.2
2025-03-03,106,220,1069,97.02,63.2
2025-03-03,107,200,1187,90.66,38.8
2025-03-03,108,199,1192,91.31,60.9
2025-03-04,101,222,1024,92.55,55.2
2025-03-04,102,167,864,90.43,41.9
2025-03-04,103,128,708,96.17,33.7
2025-03-04,104,169,755,92.5,30.5
2025-03-04,105,220,1156,96.24,50.5
2025-03-04,106,149,624,98.06,24.0
2025-03-04,107,170,742,90.72,34.8
2025-03-04,108,248,1079,95.74,61.9
2025-03-05,101,193,909,92.75,57.7
2025-03-05,102,250,1483,90.81,72.1
2025-03-05,103,210,851,96.56,32.3
2025-03-05,104,122,649,87.22,19.8
2025-03-05,105,183,1054,91.04,40.3
2025-03-05,106,192,798,90.49,40.8
2025-03-05,107,183,899,99.71,46.3
2025-03-05,108,233,967,94.81,73.1
2025-03-06,101,127,546,98.89,38.6
2025-03-06,102,200,1188,97.29,41.3
2025-03-06,103,149,742,92.23,30.7
2025-03-06,104,200,941,88.89,45.4
2025-03-06,105,114,514,93.09,37.7
2025-03-06,106,133,715,97.65,38.2
2025-03-06,107,167,1001,97.37,54.3
2025-03-06,108,125,602,97.46,19.9
2025-03-07,101,136,651,98.97,22.5
2025-03-07,102,246,1345,99.86,74.7
2025-03-07,103,157,802,92.36,29.7
2025-03-07,104,166,929,88.03,48.3
2025-03-07,105,229,952,90.92,46.0
2025-03-07,106,163,819,88.76,53.6
2025-03-07,107,184,935,92.03,53.6
2025-03-07,108,251,1399,91.71,67.2
2025-03-08,101,58,290,89.63,14.1
2025-03-08,102,45,225,93.51,8.7
2025-03-08,103,55,275,94.88,15.4
2025-03-08,104,44,220,84.03,6.6
2025-03-08,105,74,370,99.87,25.4
2025-03-08,106,63,315,95.9,17.2
2025-03-08,107,68,340,88.82,15.9
2025-03-08,108,40,200,90.92,9.2
2025-03-09,101,60,300,99.53,20.4
2025-03-09,102,38,190,98.11,11.8
2025-03-09,103,42,210,94.04,11.7
2025-03-09,104,76,380,93.79,11.5
2025-03-09,105,39,195,88.9,12.5
2025-03-09,106,49,245,96.34,14.0
2025-03-09,107,39,195,88.13,10.1
2025-03-09,108,58,290,99.45,18.4
2025-03-10,101,123,717,92.27,39.5
2025-03-10,102,124,669,99.09,30.0
2025-03-10,103,182,847,89.22,36.9
2025-03-10,104,241,1134,87.08,68.6
2025-03-10,105,125,581,96.85,23.8
2025-03-10,106,126,679,98.31,25.0
2025-03-10,107,240,1176,88.11,74.0
2025-03-10,108,141,566,97.58,35.7
2025-03-11,101,246,1434,94.44,61.7
2025-03-11,102,170,864,88.69,37.7
2025-03-11,103,241,1042,89.12,58.9
2025-03-11,104,184,1069,83.91,53.0
2025-03-11,105,165,757,93.38,42.4
2025-03-11,106,206,1052,94.31,33.7
2025-03-11,107,219,1001,89.23,40.7
2025-03-11,108,194,1061,88.51,36.5
2025-03-12,101,183,791,90.45,45.5
2025-03-12,102,255,1069,97.54,65.8
2025-03-12,103,248,1413,90.32,57.7
2025-03-12,104,227,1062,83.24,42.4
2025-03-12,105,191,1072,90.07,32.8
2025-03-12,106,170,759,89.74,46.9
2025-03-12,107,111,481,91.88,23.4
2025-03-12,108,231,1225,99.76,63.9
2025-03-13,101,251,1418,89.52,59.5
2025-03-13,102,153,806,90.64,35.7
2025-03-13,103,132,531,91.73,32.6
2025-03-13,104,125,673,90.24,31.6
2025-03-13,105,128,734,99.21,31.7
2025-03-13,106,157,652,96.65,45.8
2025-03-13,107,181,980,90.87,59.2
2025-03-13,108,122,673,90.86,35.0
2025-03-14,101,229,971,94.51,78.1
2025-03-14,102,206,1095,99.01,70.8
2025-03-14,103,254,1427,92.21,83.8
2025-03-14,104,250,1362,92.3,52.6
2025-03-14,105,137,763,92.88,39.3
2025-03-14,106,211,958,90.69,42.4
2025-03-14,107,159,899,98.7,26.0
2025-03-14,108,177,748,94.38,44.7
2025-03-15,101,48,240,97.84,9.0
2025-03-15,102,74,370,95.92,12.1
2025-03-15,103,39,195,99.17,10.7
2025-03-15,104,50,250,85.8,14.6
2025-03-15,105,75,375,89.42,17.4
2025-03-15,106,68,340,99.81,14.5
2025-03-15,107,69,345,92.73,13.7
2025-03-15,108,36,180,98.12,7.6
2025-03-16,101,57,285,90.34,19.5
2025-03-16,102,35,175,90.94,11.9
2025-03-16,103,50,250,90.96,16.1
2025-03-16,104,37,185,82.74,7.8
2025-03-16,105,50,250,97.37,8.0
2025-03-16,106,35,175,99.48,7.1
2025-03-16,107,65,325,92.82,16.8
2025-03-16,108,55,275,94.97,11.2
2025-03-17,101,233,1266,99.64,72.6
2025-03-17,102,178,868,90.84,46.2
2025-03-17,103,146,710,89.58,33.1
2025-03-17,104,208,1163,85.03,33.6
2025-03-17,105,122,572,99.19,19.0
2025-03-17,106,121,551,90.56,40.3
2025-03-17,107,231,1273,90.89,58.8
2025-03-17,108,227,1035,94.14,67.4
2025-03-18,101,201,923,99.03,47.4
2025-03-18,102,186,937,90.68,38.7
2025-03-18,103,225,1255,89.9,45.1
2025-03-18,104,166,807,84.42,46.5
2025-03-18,105,123,541,95.11,23.2
2025-03-18,106,113,537,97.08,33.1
2025-03-18,107,252,1011,89.69,49.1
2025-03-18,108,208,1002,88.89,62.4
2025-03-19,101,113,581,89.07,37.1
2025-03-19,102,194,854,96.39,61.8
2025-03-19,103,228,944,97.86,54.8
2025-03-19,104,160,903,92.72,25.5
2025-03-19,105,181,935,96.2,32.2
2025-03-19,106,119,666,99.32,39.0
2025-03-19,107,189,802,94.17,49.1
2025-03-19,108,213,1223,88.35,54.6
2025-03-20,101,252,1283,88.74,82.2
2025-03-20,102,200,1154,92.21,35.3
2025-03-20,103,133,735,93.94,39.3
2025-03-20,104,194,1136,92.11,29.5
2025-03-20,105,140,732,97.39,47.6
2025-03-20,106,185,844,95.53,35.8
2025-03-20,107,239,1152,97.94,60.4
2025-03-20,108,214,1130,88.55,65.9
2025-03-21,101,241,1009,94.36,60.2
2025-03-21,102,239,1036,97.97,77.7
2025-03-21,103,144,689,95.81,45.5
2025-03-21,104,186,1012,86.31,32.4
2025-03-21,105,237,1354,99.32,39.2
2025-03-21,106,118,625,96.46,32.9
2025-03-21,107,229,1047,90.98,34.6
2025-03-21,108,207,832,92.17,34.8
2025-03-22,101,48,240,99.0,9.7
2025-03-22,102,49,245,97.99,9.8
2025-03-22,103,43,215,99.05,9.3
2025-03-22,104,49,245,90.71,14.3
2025-03-22,105,55,275,90.44,16.0
2025-03-22,106,65,325,98.62,21.0
2025-03-22,107,36,180,95.16,5.8
2025-03-22,108,49,245,99.61,13.3
2025-03-23,101,48,240,91.79,14.8
2025-03-23,102,71,355,91.85,24.0
2025-03-23,103,45,225,97.13,11.1
2025-03-23,104,64,320,93.27,13.6
2025-03-23,105,67,335,99.05,14.7
2025-03-23,106,46,230,96.01,7.4
2025-03-23,107,54,270,96.81,16.5
2025-03-23,108,46,230,95.84,15.4
2025-03-24,101,226,1238,93.51,60.9
2025-03-24,102,145,730,93.09,50.2
2025-03-24,103,156,888,88.25,25.5
2025-03-24,104,255,1194,83.28,77.1
2025-03-24,105,146,647,99.02,28.7
2025-03-24,106,255,1391,95.27,42.4
2025-03-24,107,162,950,91.44,47.8
2025-03-24,108,223,1149,97.75,42.1
2025-03-25,101,164,703,91.07,43.8
2025-03-25,102,230,980,90.72,40.0
2025-03-25,103,163,653,95.73,38.2
2025-03-25,104,231,967,84.64,45.0
2025-03-25,105,142,582,97.53,33.8
2025-03-25,106,198,823,95.01,37.1
2025-03-25,107,142,782,91.54,47.8
2025-03-25,108,177,963,93.16,54.6
2025-03-26,101,185,1090,99.33,28.4
2025-03-26,102,233,1240,98.77,43.3
2025-03-26,103,178,1060,98.08,59.2
2025-03-26,104,211,884,92.83,50.4
2025-03-26,105,178,801,88.26,31.5
2025-03-26,106,225,967,93.76,39.7
2025-03-26,107,151,658,96.87,26.2
2025-03-26,108,227,997,94.57,73.7
2025-03-27,101,218,897,94.7,67.5
2025-03-27,102,126,640,99.77,24.1
2025-03-27,103,166,867,90.66,46.1
2025-03-27,104,220,1304,84.89,72.7
2025-03-27,105,217,1111,94.98,61.3
2025-03-27,106,214,1035,98.27,43.1
2025-03-27,107,190,790,88.24,57.7
2025-03-27,108,220,1187,92.55,33.5
2025-03-28,101,133,556,91.33,28.5
2025-03-28,102,112,625,93.41,36.4
2025-03-28,103,153,658,93.67,42.8
2025-03-28,104,174,863,90.53,33.4
2025-03-28,105,173,747,99.05,49.6
2025-03-28,106,207,833,98.59,51.3
2025-03-28,107,146,665,94.46,26.8
2025-03-28,108,238,1341,95.86,65.7
2025-03-29,101,65,325,94.64,20.3
2025-03-29,102,42,210,97.72,13.0
2025-03-29,103,39,195,94.17,9.3
2025-03-29,104,39,195,92.81,11.9
2025-03-29,105,74,370,95.72,14.0
2025-03-29,106,60,300,88.85,14.4
2025-03-29,107,69,345,89.84,14.1
2025-03-29,108,33,165,89.14,10.8
2025-03-30,101,68,340,92.1,13.0
2025-03-30,102,42,210,99.86,12.4
2025-03-30,103,64,320,98.03,11.9
2025-03-30,104,48,240,91.7,12.6
2025-03-30,105,57,285,91.26,13.0
2025-03-30,106,48,240,88.98,15.3
2025-03-30,107,42,210,93.75,9.5
2025-03-30,108,40,200,94.43,6.6
2025-03-31,101,200,808,92.68,62.7
2025-03-31,102,133,677,98.97,44.3
2025-03-31,103,115,485,98.03,39.5
2025-03-31,104,189,914,93.38,65.0
2025-03-31,105,183,1038,97.33,37.5
2025-03-31,106,238,1206,96.9,78.3
2025-03-31,107,143,701,94.08,36.7
2025-03-31,108,241,1283,97.49,51.5
2025-04-01,101,223,957,92.07,74.0
2025-04-01,102,144,672,96.4,41.8
2025-04-01,103,190,973,92.95,31.2
2025-04-01,104,168,827,84.24,53.4
2025-04-01,105,244,1001,94.27,41.8
2025-04-01,106,223,1113,97.03,36.3
2025-04-01,107,196,912,95.1,61.5
2025-04-01,108,165,681,95.75,56.8
2025-04-02,101,202,1201,98.06,64.8
2025-04-02,102,223,1256,97.15,61.6
2025-04-02,103,165,720,88.67,56.0
2025-04-02,104,208,1012,84.71,45.7
2025-04-02,105,171,989,92.58,49.3
2025-04-02,106,124,557,88.5,23.7
2025-04-02,107,157,669,94.34,44.9
2025-04-02,108,117,671,93.43,28.4
2025-04-03,101,193,974,92.44,62.4
2025-04-03,102,189,847,94.12,48.5
2025-04-03,103,259,1051,94.97,69.6
2025-04-03,104,254,1161,85.35,60.5
2025-04-03,105,209,904,96.48,61.9
2025-04-03,106,177,736,95.41,28.4
2025-04-03,107,186,824,96.5,47.8
2025-04-03,108,121,496,94.3,31.1
2025-04-04,101,137,760,88.8,26.2
2025-04-04,102,189,919,96.66,46.9
2025-04-04,103,211,862,92.39,52.7
2025-04-04,104,177,976,86.81,38.3
2025-04-04,105,127,689,92.51,35.4
2025-04-04,106,224,1311,89.1,37.9
2025-04-04,107,125,663,98.8,43.6
2025-04-04,108,135,713,88.02,46.4
2025-04-05,101,44,220,88.84,9.5
2025-04-05,102,62,310,90.79,21.7
2025-04-05,103,59,295,97.46,11.1
2025-04-05,104,54,270,87.25,18.4
2025-04-05,105,77,385,98.63,18.2
2025-04-05,106,50,250,99.51,17.3
2025-04-05,107,54,270,88.81,14.6
2025-04-05,108,74,370,89.96,14.2
2025-04-06,101,56,280,90.54,11.5
2025-04-06,102,64,320,92.79,14.4
2025-04-06,103,70,350,92.41,15.7
2025-04-06,104,69,345,92.97,15.1
2025-04-06,105,68,340,96.09,14.2
2025-04-06,106,51,255,99.16,10.6
2025-04-06,107,36,180,93.39,12.2
2025-04-06,108,52,260,91.01,10.7
2025-04-07,101,190,1004,94.16,32.1
2025-04-07,102,223,1303,88.15,49.9
2025-04-07,103,122,626,95.53,42.7
2025-04-07,104,156,729,88.38,45.2
2025-04-07,105,112,462,94.01,30.3
2025-04-07,106,254,1064,90.47,55.8
2025-04-07,107,167,955,99.24,27.7
2025-04-07,108,206,883,93.9,70.2
2025-04-08,101,176,797,88.24,33.9
2025-04-08,102,160,742,93.65,47.5
2025-04-08,103,210,926,93.49,50.9
2025-04-08,104,190,837,92.55,45.5
2025-04-08,105,132,635,90.11,34.3
2025-04-08,106,246,1458,93.4,68.0
2025-04-08,107,258,1109,93.49,66.8
2025-04-08,108,215,1281,94.45,42.7
2025-04-09,101,201,860,93.39,31.0
2025-04-09,102,228,1362,95.97,68.8
2025-04-09,103,171,739,96.85,36.6
2025-04-09,104,125,545,87.5,33.5
2025-04-09,105,224,1079,88.13,69.1
2025-04-09,106,190,1014,89.25,62.4
2025-04-09,107,153,801,98.19,38.8
2025-04-09,108,253,1416,92.97,86.3
2025-04-10,101,240,1335,96.27,83.4
2025-04-10,102,234,1177,96.67,65.2
2025-04-10,103,241,1384,88.51,83.3
2025-04-10,104,205,1158,84.21,61.6
2025-04-10,105,160,728,88.6,39.2
2025-04-10,106,127,694,93.92,27.6
2025-04-10,107,146,828,88.73,50.3
2025-04-10,108,215,1177,98.61,41.1
2025-04-11,101,257,1498,93.61,45.9
2025-04-11,102,172,916,99.46,41.0
2025-04-11,103,208,922,93.29,72.5
2025-04-11,104,120,703,93.9,28.3
2025-04-11,105,151,663,91.79,38.0
2025-04-11,106,153,704,91.66,23.1
2025-04-11,107,236,1211,92.73,38.9
2025-04-11,108,156,751,98.66,33.5
2025-04-12,101,48,240,93.46,12.5
2025-04-12,102,39,195,97.5,13.3
2025-04-12,103,48,240,92.85,15.1
2025-04-12,104,47,235,86.92,11.5
2025-04-12,105,62,310,90.66,11.1
2025-04-12,106,62,310,98.91,13.3
2025-04-12,107,41,205,99.08,11.0
2025-04-12,108,40,200,91.86,7.8
2025-04-13,101,67,335,88.8,11.9
2025-04-13,102,58,290,88.52,12.3
2025-04-13,103,36,180,98.88,5.6
2025-04-13,104,63,315,84.83,12.5
2025-04-13,105,33,165,98.23,7.5
2025-04-13,106,42,210,92.05,8.0
2025-04-13,107,41,205,95.25,9.2
2025-04-13,108,63,315,90.82,18.3
2025-04-14,101,231,1263,89.23,60.2
2025-04-14,102,178,796,97.95,52.4
2025-04-14,103,193,1088,95.74,56.6
2025-04-14,104,253,1281,83.98,59.7
2025-04-14,105,176,776,92.3,43.6
2025-04-14,106,161,749,93.28,49.0
2025-04-14,107,184,1103,98.53,30.5
2025-04-14,108,239,1211,89.48,74.5
2025-04-15,101,178,848,88.82,45.4
2025-04-15,102,196,986,94.03,59.0
2025-04-15,103,150,820,97.07,31.5
2025-04-15,104,222,1192,91.67,50.1
2025-04-15,105,130,554,90.2,39.4
2025-04-15,106,144,814,97.22,40.9
2025-04-15,107,177,820,92.45,37.7
2025-04-15,108,172,846,88.55,35.9
2025-04-16,101,138,624,90.68,39.7
2025-04-16,102,157,760,98.71,26.1
2025-04-16,103,140,605,88.75,26.5
2025-04-16,104,165,760,91.74,52.2
2025-04-16,105,191,790,92.75,35.8
2025-04-16,106,191,1125,97.81,65.8
2025-04-16,107,150,664,88.2,44.2
2025-04-16,108,184,944,97.44,29.8
2025-04-17,101,185,896,89.08,37.5
2025-04-17,102,205,847,92.59,42.9
2025-04-17,103,153,786,92.06,45.2
2025-04-17,104,164,803,82.47,33.6
2025-04-17,105,189,817,98.52,41.3
2025-04-17,106,217,1030,96.63,53.4
2025-04-17,107,196,952,95.96,41.5
2025-04-17,108,246,1174,95.22,69.2
2025-04-18,101,138,808,96.22,39.3
2025-04-18,102,160,677,88.73,34.0
2025-04-18,103,124,738,89.02,36.5
2025-04-18,104,149,598,88.02,27.2
2025-04-18,105,199,877,90.29,31.1
2025-04-18,106,174,888,90.7,50.9
2025-04-18,107,250,1026,90.86,79.1
2025-04-18,108,252,1270,92.14,50.6
2025-04-19,101,55,275,97.07,17.4
2025-04-19,102,61,305,89.03,12.7
2025-04-19,103,56,280,97.3,8.8
2025-04-19,104,43,215,90.41,10.6
2025-04-19,105,73,365,91.36,15.0
2025-04-19,106,57,285,91.48,9.1
2025-04-19,107,63,315,88.47,9.9
2025-04-19,108,68,340,95.81,16.6
2025-04-20,101,49,245,96.3,16.2
2025-04-20,102,66,330,96.94,22.6
2025-04-20,103,57,285,92.35,13.6
2025-04-20,104,45,225,84.23,12.7
2025-04-20,105,59,295,95.73,14.0
2025-04-20,106,36,180,90.5,11.7
2025-04-20,107,67,335,90.68,10.6
2025-04-20,108,75,375,91.47,23.8
2025-04-21,101,199,1008,91.44,56.0
2025-04-21,102,124,700,88.78,29.6
2025-04-21,103,197,1026,98.05,32.4
2025-04-21,104,248,1222,83.61,37.9
2025-04-21,105,239,975,95.25,64.9
2025-04-21,106,205,946,90.47,47.5
2025-04-21,107,153,757,88.71,26.3
2025-04-21,108,134,650,92.5,26.3
2025-04-22,101,191,1054,95.8,37.5
2025-04-22,102,169,986,99.67,39.9
2025-04-22,103,181,918,93.13,52.8
2025-04-22,104,237,1320,82.14,68.2
2025-04-22,105,112,496,90.18,34.1
2025-04-22,106,142,632,90.42,33.2
2025-04-22,107,191,1039,96.32,41.1
2025-04-22,108,130,694,92.72,23.0
2025-04-23,101,238,1105,96.89,36.9
2025-04-23,102,112,484,99.38,32.6
2025-04-23,103,115,680,93.08,25.4
2025-04-23,104,195,1168,85.39,32.5
2025-04-23,105,230,1009,94.1,54.7
2025-04-23,106,154,748,96.05,48.3
2025-04-23,107,193,831,99.28,49.9
2025-04-23,108,128,689,88.74,38.1
2025-04-24,101,257,1333,98.4,59.6
2025-04-24,102,183,911,96.54,46.4
2025-04-24,103,120,600,99.51,20.1
2025-04-24,104,161,896,89.79,42.9
2025-04-24,105,244,986,89.84,67.1
2025-04-24,106,203,1155,89.57,31.9
2025-04-24,107,190,984,98.64,32.9
2025-04-24,108,147,808,91.71,43.1
2025-04-25,101,187,920,91.16,44.9
2025-04-25,102,136,646,99.0,37.2
2025-04-25,103,233,1192,95.11,51.1
2025-04-25,104,212,1006,90.97,66.1
2025-04-25,105,121,484,95.57,36.3
2025-04-25,106,118,543,95.11,23.9
2025-04-25,107,182,855,98.9,41.6
2025-04-25,108,230,1059,95.6,63.2
2025-04-26,101,54,270,95.55,12.7
2025-04-26,102,70,350,89.43,23.5
2025-04-26,103,37,185,99.49,6.3
2025-04-26,104,72,360,83.37,14.7
2025-04-26,105,48,240,95.05,14.6
2025-04-26,106,70,350,89.08,23.5
2025-04-26,107,75,375,98.14,11.4
2025-04-26,108,74,370,92.76,21.6
2025-04-27,101,50,250,98.57,10.8
2025-04-27,102,54,270,94.96,10.7
2025-04-27,103,53,265,96.63,10.4
2025-04-27,104,71,355,85.99,18.9
2025-04-27,105,66,330,97.53,14.6
2025-04-27,106,61,305,99.87,21.1
2025-04-27,107,45,225,98.51,15.3
2025-04-27,108,69,345,89.03,22.7
2025-04-28,101,193,1147,95.24,49.1
2025-04-28,102,230,1304,97.62,78.6
2025-04-28,103,152,891,95.09,48.9
2025-04-28,104,157,888,84.0,48.6
2025-04-28,105,245,1165,99.83,39.1
2025-04-28,106,204,851,97.69,65.7
2025-04-28,107,115,622,93.11,19.4
2025-04-28,108,178,865,95.92,45.6
2025-04-29,101,160,910,95.68,51.8
2025-04-29,102,177,993,99.41,60.3
2025-04-29,103,216,895,94.48,56.3
2025-04-29,104,230,928,86.27,39.1
2025-04-29,105,140,579,98.95,33.6
2025-04-29,106,159,932,97.22,53.8
2025-04-29,107,188,870,98.35,49.2
2025-04-29,108,134,719,91.41,20.8
2025-04-30,101,127,609,89.99,24.0
2025-04-30,102,172,1018,97.09,36.8
2025-04-30,103,121,504,94.51,30.8
2025-04-30,104,259,1309,91.14,57.4
2025-04-30,105,198,1159,90.08,64.7
2025-04-30,106,193,875,90.36,48.4
2025-04-30,107,170,708,99.31,29.1
2025-04-30,108,152,708,93.12,41.3
2025-05-01,101,218,1191,97.42,56.4
2025-05-01,102,232,1260,88.6,57.1
2025-05-01,103,131,566,99.2,34.8
2025-05-01,104,248,1073,85.02,55.4
2025-05-01,105,134,537,98.71,24.1
2025-05-01,106,251,1205,92.93,54.4
2025-05-01,107,110,607,91.58,25.5
2025-05-01,108,191,1000,94.02,40.3
2025-05-02,101,125,658,91.78,33.3
2025-05-02,102,258,1533,95.49,83.8
2025-05-02,103,141,608,99.69,30.1
2025-05-02,104,158,800,90.96,36.7
2025-05-02,105,217,1027,95.24,70.3
2025-05-02,106,165,786,92.16,46.1
2025-05-02,107,247,1476,99.13,63.4
2025-05-02,108,223,1083,89.81,51.8
2025-05-03,101,62,310,88.03,9.9
2025-05-03,102,76,380,88.71,21.6
2025-05-03,103,59,295,91.68,15.8
2025-05-03,104,41,205,91.31,11.5
2025-05-03,105,47,235,95.95,9.3
2025-05-03,106,69,345,88.7,20.8
2025-05-03,107,72,360,91.42,21.9
2025-05-03,108,38,190,98.58,6.4
2025-05-04,101,75,375,99.29,13.9
2025-05-04,102,46,230,92.5,15.3
2025-05-04,103,68,340,88.79,21.1
2025-05-04,104,38,190,85.27,7.4
2025-05-04,105,34,170,96.54,6.8
2025-05-04,106,54,270,97.47,12.9
2025-05-04,107,73,365,96.68,23.1
2025-05-04,108,54,270,95.62,8.5
2025-05-05,101,250,1173,90.33,72.2
2025-05-05,102,195,928,88.53,57.1
2025-05-05,103,237,1138,97.86,69.9
2025-05-05,104,138,556,90.34,27.1
2025-05-05,105,246,1370,93.36,49.8
2025-05-05,106,232,1289,95.65,78.3
2025-05-05,107,126,589,88.24,37.1
2025-05-05,108,168,863,88.31,32.5
2025-05-06,101,213,910,93.23,38.2
2025-05-06,102,156,875,88.85,31.2
2025-05-06,103,245,1373,99.25,85.6
2025-05-06,104,240,1156,85.0,72.4
2025-05-06,105,112,491,97.15,18.6
2025-05-06,106,126,518,89.37,21.6
2025-05-06,107,220,1292,97.58,65.2
2025-05-06,108,231,1275,89.57,55.6
2025-05-07,101,201,1152,96.63,38.7
2025-05-07,102,200,830,98.83,47.9
2025-05-07,103,203,926,89.15,49.4
2025-05-07,104,162,663,86.83,32.6
2025-05-07,105,248,1312,98.75,82.4
2025-05-07,106,231,1295,93.23,41.4
2025-05-07,107,231,1131,97.87,68.7
2025-05-07,108,224,1225,94.56,74.5
2025-05-08,101,232,1111,88.12,66.1
2025-05-08,102,146,846,96.29,49.4
2025-05-08,103,183,873,96.34,48.8
2025-05-08,104,230,1016,85.31,60.6
2025-05-08,105,198,1138,98.03,36.6
2025-05-08,106,154,749,88.48,23.6
2025-05-08,107,141,706,92.75,47.0
2025-05-08,108,252,1137,92.3,81.1
2025-05-09,101,234,1355,96.1,58.6
2025-05-09,102,173,1027,95.11,26.2
2025-05-09,103,230,955,95.56,71.7
2025-05-09,104,212,878,90.31,46.2
2025-05-09,105,196,1045,98.29,66.9
2025-05-09,106,122,684,98.31,32.5
2025-05-09,107,173,1026,99.66,38.2
2025-05-09,108,206,1087,91.97,61.9
2025-05-10,101,57,285,95.5,8.8
2025-05-10,102,60,300,97.66,20.1
2025-05-10,103,60,300,96.13,11.5
2025-05-10,104,41,205,84.22,11.0
2025-05-10,105,34,170,98.17,8.3
2025-05-10,106,56,280,96.03,11.3
2025-05-10,107,66,330,93.19,18.2
2025-05-10,108,33,165,89.96,8.1
2025-05-11,101,39,195,95.42,11.5
2025-05-11,102,42,210,91.49,13.0
2025-05-11,103,34,170,99.74,11.7
2025-05-11,104,75,375,82.25,11.4
2025-05-11,105,65,325,89.82,19.7
2025-05-11,106,55,275,90.11,16.6
2025-05-11,107,58,290,99.11,15.6
2025-05-11,108,69,345,89.69,21.3
2025-05-12,101,229,1310,90.41,50.7
2025-05-12,102,202,1205,90.66,33.0
2025-05-12,103,224,956,95.88,69.1
2025-05-12,104,203,1177,85.96,65.0
2025-05-12,105,130,619,99.39,27.0
2025-05-12,106,156,744,92.36,38.1
2025-05-12,107,242,1114,88.53,63.2
2025-05-12,108,195,1057,97.81,64.2
2025-05-13,101,237,1096,97.99,72.4
2025-05-13,102,204,864,95.76,33.3
2025-05-13,103,186,867,92.42,45.1
2025-05-13,104,138,561,83.89,23.9
2025-05-13,105,195,1150,95.73,40.1
2025-05-13,106,153,803,95.61,40.9
2025-05-13,107,218,886,92.02,51.3
2025-05-13,108,116,607,93.99,38.7
2025-05-14,101,198,853,88.68,48.8
2025-05-14,102,138,827,96.7,29.4
2025-05-14,103,199,919,89.17,32.0
2025-05-14,104,222,970,87.6,70.4
2025-05-14,105,157,744,98.62,28.1
2025-05-14,106,237,1229,92.3,75.6
2025-05-14,107,228,996,99.81,71.1
2025-05-14,108,176,766,90.06,48.1
2025-05-15,101,199,1087,91.22,61.9
2025-05-15,102,227,1145,95.73,73.8
2025-05-15,103,123,725,93.29,29.2
2025-05-15,104,233,1281,87.32,71.9
2025-05-15,105,245,994,93.23,61.8
2025-05-15,106,172,782,93.09,42.5
2025-05-15,107,123,659,99.7,31.5
2025-05-15,108,253,1517,98.1,51.1
2025-05-16,101,147,869,97.48,35.0
2025-05-16,102,181,1005,98.13,37.0
2025-05-16,103,122,715,95.1,41.0
2025-05-16,104,150,642,90.01,41.9
2025-05-16,105,154,716,99.38,37.5
2025-05-16,106,259,1433,93.56,69.3
2025-05-16,107,229,1247,95.51,70.8
2025-05-16,108,227,1161,91.15,51.5
2025-05-17,101,71,355,98.0,10.8
2025-05-17,102,52,260,94.46,7.9
2025-05-17,103,57,285,88.8,19.6
2025-05-17,104,43,215,86.86,14.5
2025-05-17,105,66,330,94.09,20.0
2025-05-17,106,64,320,99.41,11.9
2025-05-17,107,64,320,92.71,10.0
2025-05-17,108,71,355,96.78,24.5
2025-05-18,101,59,295,94.11,15.0
2025-05-18,102,53,265,90.89,14.7
2025-05-18,103,35,175,91.38,10.7
2025-05-18,104,45,225,90.29,12.2
2025-05-18,105,53,265,95.64,18.2
2025-05-18,106,53,265,91.62,12.0
2025-05-18,107,62,310,99.49,10.2
2025-05-18,108,72,360,90.39,13.1
2025-05-19,101,230,1002,91.67,59.5
2025-05-19,102,157,716,92.92,46.0
2025-05-19,103,121,650,92.2,41.9
2025-05-19,104,197,951,84.56,60.2
2025-05-19,105,168,686,96.31,49.8
2025-05-19,106,171,915,94.41,47.2
2025-05-19,107,222,1141,95.64,37.9
2025-05-19,108,204,995,93.31,62.2
2025-05-20,101,129,731,90.72,40.4
2025-05-20,102,217,1072,96.43,50.6
2025-05-20,103,224,935,89.72,62.1
2025-05-20,104,232,1163,93.22,73.4
2025-05-20,105,187,965,93.79,40.1
2025-05-20,106,219,989,92.22,72.0
2025-05-20,107,168,870,92.43,38.2
2025-05-20,108,165,851,90.7,27.4
2025-05-21,101,221,1180,93.47,69.6
2025-05-21,102,190,874,95.86,40.6
2025-05-21,103,135,660,93.49,39.0
2025-05-21,104,200,809,88.49,64.8
2025-05-21,105,122,542,96.14,20.2
2025-05-21,106,222,1006,90.73,36.0
2025-05-21,107,222,1111,91.21,62.2
2025-05-21,108,205,1171,88.33,30.9
2025-05-22,101,183,1066,98.73,46.4
2025-05-22,102,237,1369,99.39,35.9
2025-05-22,103,215,905,93.8,59.5
2025-05-22,104,145,730,88.93,43.3
2025-05-22,105,132,783,88.61,29.0
2025-05-22,106,131,747,96.37,40.6
2025-05-22,107,203,848,91.58,32.8
2025-05-22,108,147,739,95.91,28.8
2025-05-23,101,242,970,96.48,45.8
2025-05-23,102,183,855,97.18,31.4
2025-05-23,103,230,1298,93.22,63.6
2025-05-23,104,121,658,89.82,21.6
2025-05-23,105,125,600,94.77,32.7
2025-05-23,106,247,1334,95.23,38.0
2025-05-23,107,167,695,89.52,54.9
2025-05-23,108,214,1147,92.44,69.7
2025-05-24,101,54,270,95.41,9.3
2025-05-24,102,42,210,94.53,10.1
2025-05-24,103,58,290,93.88,15.9
2025-05-24,104,34,170,90.88,8.2
2025-05-24,105,33,165,91.64,6.8
2025-05-24,106,40,200,98.29,10.3
2025-05-24,107,69,345,91.68,17.3
2025-05-24,108,40,200,94.63,12.0
2025-05-25,101,40,200,98.05,9.8
2025-05-25,102,41,205,98.37,7.5
2025-05-25,103,63,315,98.24,17.6
2025-05-25,104,54,270,93.65,12.0
2025-05-25,105,61,305,90.17,20.3
2025-05-25,106,34,170,90.16,11.3
2025-05-25,107,65,325,98.57,20.5
2025-05-25,108,61,305,93.84,13.8
2025-05-26,101,156,928,95.22,45.9
2025-05-26,102,136,747,98.0,45.7
2025-05-26,103,210,1166,93.89,33.2
2025-05-26,104,208,988,85.65,41.8
2025-05-26,105,238,1360,94.67,53.9
2025-05-26,106,225,929,94.7,56.4
2025-05-26,107,229,1256,94.7,56.4
2025-05-26,108,115,575,91.98,36.3
2025-05-27,101,122,528,97.68,26.7
2025-05-27,102,186,970,93.81,49.2
2025-05-27,103,187,766,91.9,55.2
2025-05-27,104,229,1207,93.42,38.6
2025-05-27,105,237,1210,98.77,72.9
2025-05-27,106,134,692,92.88,39.7
2025-05-27,107,207,860,92.1,43.4
2025-05-27,108,146,744,89.65,48.4
2025-05-28,101,250,1264,98.45,78.0
2025-05-28,102,183,1020,92.34,52.9
2025-05-28,103,238,1090,92.98,56.9
2025-05-28,104,201,845,85.36,51.8
2025-05-28,105,137,579,98.08,27.8
2025-05-28,106,244,1080,93.37,70.4
2025-05-28,107,235,1060,94.2,67.3
2025-05-28,108,147,801,91.0,25.4
2025-05-29,101,244,1171,92.01,67.7
2025-05-29,102,167,920,91.33,53.3
2025-05-29,103,193,1139,89.03,65.2
2025-05-29,104,139,698,83.31,22.8
2025-05-29,105,201,1102,91.21,52.8
2025-05-29,106,214,1022,98.79,68.7
2025-05-29,107,183,819,90.3,62.4
2025-05-29,108,171,687,94.33,33.3
2025-05-30,101,122,577,92.18,33.9
2025-05-30,102,156,692,92.07,29.8
2025-05-30,103,181,927,96.99,58.3
2025-05-30,104,136,704,82.61,42.6
2025-05-30,105,186,1111,98.97,55.1
2025-05-30,106,186,929,98.75,50.9
2025-05-30,107,253,1096,98.72,68.4
2025-05-30,108,185,974,99.32,30.7
2025-05-31,101,57,285,93.85,9.8
2025-05-31,102,69,345,94.62,19.1
2025-05-31,103,43,215,98.92,9.9
2025-05-31,104,41,205,82.05,8.7
2025-05-31,105,66,330,92.49,14.0
2025-05-31,106,40,200,90.13,9.9
2025-05-31,107,60,300,97.2,10.0
2025-05-31,108,66,330,91.26,18.7
2025-06-01,101,56,280,94.67,15.9
2025-06-01,102,45,225,95.69,9.0
2025-06-01,103,45,225,99.32,10.0
2025-06-01,104,56,280,86.58,16.4
2025-06-01,105,41,205,98.23,6.2
2025-06-01,106,52,260,88.24,11.5
2025-06-01,107,71,355,99.22,10.9
2025-06-01,108,69,345,94.41,23.2
2025-06-02,101,124,561,99.05,35.2
2025-06-02,102,207,858,99.39,68.9
2025-06-02,103,114,643,96.67,22.3
2025-06-02,104,196,797,92.7,58.9
2025-06-02,105,192,786,92.83,52.7
2025-06-02,106,136,592,89.57,28.8
2025-06-02,107,177,964,98.04,43.0
2025-06-02,108,220,1050,94.26,62.7
2025-06-03,101,200,849,94.02,35.0
2025-06-03,102,236,1071,93.84,80.2
2025-06-03,103,141,844,90.73,27.0
2025-06-03,104,246,1352,90.68,50.8
2025-06-03,105,238,1028,92.16,82.0
2025-06-03,106,113,604,95.6,25.6
2025-06-03,107,215,881,92.42,53.2
2025-06-03,108,196,826,95.7,59.0
2025-06-04,101,159,791,99.25,53.9
2025-06-04,102,214,1173,91.48,46.1
2025-06-04,103,188,931,97.22,57.1
2025-06-04,104,244,1364,85.13,42.6
2025-06-04,105,174,975,95.39,35.9
2025-06-04,106,244,1040,92.64,71.1
2025-06-04,107,233,1010,92.88,39.4
2025-06-04,108,153,836,88.76,35.2
2025-06-05,101,138,614,97.26,47.3
2025-06-05,102,234,1257,91.07,78.5
2025-06-05,103,161,949,96.9,41.7
2025-06-05,104,118,561,83.88,26.0
2025-06-05,105,225,1217,88.39,59.3
2025-06-05,106,197,1060,98.74,67.6
2025-06-05,107,136,663,92.28,38.0
2025-06-05,108,157,930,92.19,46.8
2025-06-06,101,259,1142,95.88,89.0
2025-06-06,102,122,556,88.07,23.6
2025-06-06,103,259,1435,91.33,60.0
2025-06-06,104,237,1411,91.94,54.2
2025-06-06,105,215,1211,90.49,46.6
2025-06-06,106,183,794,94.69,58.5
2025-06-06,107,165,732,96.82,30.0
2025-06-06,108,165,947,93.45,48.7
2025-06-07,101,64,320,98.78,18.5
2025-06-07,102,76,380,92.3,22.7
2025-06-07,103,46,230,89.51,9.3
2025-06-07,104,70,350,91.42,22.5
2025-06-07,105,54,270,90.66,12.9
2025-06-07,106,45,225,88.77,7.6
2025-06-07,107,62,310,88.56,10.3
2025-06-07,108,50,250,88.99,16.9
2025-06-08,101,44,220,96.88,8.6
2025-06-08,102,62,310,93.79,14.8
2025-06-08,103,47,235,99.21,11.1
2025-06-08,104,55,275,85.12,15.3
2025-06-08,105,47,235,92.52,14.9
2025-06-08,106,39,195,91.44,11.1
2025-06-08,107,70,350,90.73,14.8
2025-06-08,108,77,385,99.16,12.7
2025-06-09,101,123,695,94.47,20.1
2025-06-09,102,197,1043,97.02,39.3
2025-06-09,103,157,768,91.37,40.0
2025-06-09,104,222,1215,90.82,77.0
2025-06-09,105,137,767,92.55,25.2
2025-06-09,106,238,1327,92.93,63.8
2025-06-09,107,141,780,92.64,47.6
2025-06-09,108,209,1126,90.21,32.6
2025-06-10,101,114,546,91.14,29.9
2025-06-10,102,211,1015,92.24,55.4
2025-06-10,103,239,1078,96.39,72.1
2025-06-10,104,165,977,86.38,37.3
2025-06-10,105,131,691,99.42,40.6
2025-06-10,106,237,1253,88.69,68.5
2025-06-10,107,151,712,94.2,23.7
2025-06-10,108,180,731,92.93,56.4
2025-06-11,101,184,810,94.32,55.2
2025-06-11,102,225,1317,94.74,74.3
2025-06-11,103,256,1507,98.66,38.6
2025-06-11,104,243,1295,89.27,71.0
2025-06-11,105,178,836,95.39,41.0
2025-06-11,106,239,1183,93.26,72.0
2025-06-11,107,216,957,91.05,45.5
2025-06-11,108,258,1032,92.18,44.6
2025-06-12,101,251,1190,99.57,49.3
2025-06-12,102,208,1241,94.74,51.9
2025-06-12,103,145,799,96.12,33.5
2025-06-12,104,152,660,84.22,23.4
2025-06-12,105,195,843,97.37,58.2
2025-06-12,106,227,1099,93.03,68.6
2025-06-12,107,139,712,97.06,42.7
2025-06-12,108,188,980,92.36,35.5
2025-06-13,101,214,1037,97.57,35.9
2025-06-13,102,169,781,88.02,33.3
2025-06-13,103,252,1348,91.79,43.5
2025-06-13,104,198,1162,88.2,47.9
2025-06-13,105,208,883,93.21,49.7
2025-06-13,106,120,582,88.88,30.7
2025-06-13,107,134,688,90.57,24.0
2025-06-13,108,119,630,93.01,40.7
2025-06-14,101,38,190,94.87,8.0
2025-06-14,102,51,255,96.89,11.6
2025-06-14,103,64,320,97.65,15.2
2025-06-14,104,63,315,91.21,11.2
2025-06-14,105,63,315,95.66,21.1
2025-06-14,106,59,295,95.02,13.5
2025-06-14,107,70,350,92.56,14.5
2025-06-14,108,73,365,96.1,20.9
2025-06-15,101,35,175,98.63,6.1
2025-06-15,102,61,305,96.7,18.2
2025-06-15,103,34,170,89.21,9.1
2025-06-15,104,75,375,89.64,18.8
2025-06-15,105,57,285,92.68,12.7
2025-06-15,106,76,380,88.07,14.2
2025-06-15,107,42,210,90.51,8.5
2025-06-15,108,59,295,89.7,19.2
2025-06-16,101,138,621,89.32,45.5
2025-06-16,102,247,1238,92.21,69.0
2025-06-16,103,136,632,96.8,37.1
2025-06-16,104,256,1440,91.59,89.0
2025-06-16,105,180,1033,95.64,45.2
2025-06-16,106,179,979,95.18,50.2
2025-06-16,107,233,1312,89.06,48.5
2025-06-16,108,189,856,88.78,51.1
2025-06-17,101,259,1247,99.66,54.9
2025-06-17,102,143,731,90.72,22.0
2025-06-17,103,110,509,89.08,25.5
2025-06-17,104,187,1040,90.67,48.0
2025-06-17,105,172,707,88.34,31.0
2025-06-17,106,258,1176,88.64,45.2
2025-06-17,107,171,891,91.1,50.5
2025-06-17,108,220,922,89.13,36.8
2025-06-18,101,121,663,90.55,19.3
2025-06-18,102,194,891,93.64,33.3
2025-06-18,103,215,1174,97.92,55.7
2025-06-18,104,179,887,91.76,40.6
2025-06-18,105,237,1323,93.53,73.0
2025-06-18,106,152,730,89.15,40.6
2025-06-18,107,140,678,94.46,48.5
2025-06-18,108,116,673,88.35,20.7
2025-06-19,101,170,983,93.22,35.4
2025-06-19,102,192,1026,88.31,46.1
2025-06-19,103,257,1466,93.73,61.9
2025-06-19,104,208,1043,88.45,41.4
2025-06-19,105,215,1287,94.16,36.3
2025-06-19,106,117,543,89.23,36.6
2025-06-19,107,116,575,99.22,33.8
2025-06-19,108,225,1114,93.56,55.9
2025-06-20,101,225,1275,91.37,70.7
2025-06-20,102,189,1044,90.96,39.6
2025-06-20,103,112,605,99.64,26.8
2025-06-20,104,157,773,90.79,23.7
2025-06-20,105,149,602,99.82,45.0
2025-06-20,106,119,679,93.93,40.8
2025-06-20,107,170,909,92.35,42.5
2025-06-20,108,140,729,96.99,41.3
2025-06-21,101,63,315,95.46,18.1
2025-06-21,102,52,260,92.66,13.4
2025-06-21,103,48,240,98.97,9.4
2025-06-21,104,40,200,86.03,8.8
2025-06-21,105,70,350,89.9,12.8
2025-06-21,106,50,250,88.82,16.2
2025-06-21,107,51,255,92.95,10.8
2025-06-21,108,51,255,90.34,9.8
2025-06-22,101,66,330,88.55,11.4
2025-06-22,102,46,230,90.0,8.0
2025-06-22,103,34,170,95.8,8.3
2025-06-22,104,39,195,87.48,8.6
2025-06-22,105,39,195,95.76,7.0
2025-06-22,106,63,315,95.25,19.3
2025-06-22,107,67,335,98.68,11.1
2025-06-22,108,66,330,96.57,12.7
2025-06-23,101,126,528,97.51,43.4
2025-06-23,102,153,680,88.37,30.6
2025-06-23,103,147,667,98.95,28.9
2025-06-23,104,163,964,92.55,34.5
2025-06-23,105,159,827,92.29,38.0
2025-06-23,106,208,1211,92.61,45.7
2025-06-23,107,254,1244,94.74,74.4
2025-06-23,108,216,1244,88.42,68.2
2025-06-24,101,151,754,94.83,33.9
2025-06-24,102,139,626,88.26,47.2
2025-06-24,103,253,1063,91.58,63.0
2025-06-24,104,186,770,86.04,62.3
2025-06-24,105,200,946,95.88,43.7
2025-06-24,106,227,1241,91.69,43.2
2025-06-24,107,241,1121,92.09,66.8
2025-06-24,108,213,1029,99.84,38.2
2025-06-25,101,180,970,96.08,44.1
2025-06-25,102,180,841,91.24,57.6
2025-06-25,103,186,1111,88.03,46.9
2025-06-25,104,199,1014,85.22,49.5
2025-06-25,105,228,1202,94.44,44.2
2025-06-25,106,131,779,98.64,25.0
2025-06-25,107,136,727,99.05,24.2
2025-06-25,108,190,908,98.79,62.6
2025-06-26,101,207,1059,98.15,53.1
2025-06-26,102,211,877,94.12,64.0
2025-06-26,103,255,1467,97.89,51.2
2025-06-26,104,148,665,87.83,38.2
2025-06-26,105,247,1393,97.68,43.9
2025-06-26,106,141,822,95.77,48.8
2025-06-26,107,159,675,90.91,28.7
2025-06-26,108,162,908,94.9,55.3
2025-06-27,101,243,1244,88.08,84.1
2025-06-27,102,138,753,90.25,41.9
2025-06-27,103,155,646,99.21,54.2
2025-06-27,104,168,920,87.85,28.0
2025-06-27,105,162,863,91.52,34.4
2025-06-27,106,124,576,97.68,29.2
2025-06-27,107,127,736,92.6,41.1
2025-06-27,108,186,851,99.7,50.0
2025-06-28,101,55,275,88.13,15.3
2025-06-28,102,37,185,98.02,7.7
2025-06-28,103,37,185,93.95,7.1
2025-06-28,104,43,215,91.62,9.7
2025-06-28,105,70,350,95.46,24.4
2025-06-28,106,47,235,89.02,7.1
2025-06-28,107,59,295,99.88,15.3
2025-06-28,108,62,310,98.82,12.2
2025-06-29,101,73,365,97.98,22.0
2025-06-29,102,64,320,92.44,15.0
2025-06-29,103,67,335,92.2,12.5
2025-06-29,104,36,180,83.59,9.8
2025-06-29,105,48,240,91.05,16.2
2025-06-29,106,36,180,95.39,9.3
2025-06-29,107,47,235,92.83,11.1
2025-06-29,108,60,300,92.8,18.8
2025-06-30,101,192,1109,96.75,63.5
2025-06-30,102,208,887,93.06,56.3
2025-06-30,103,256,1318,91.04,70.8
2025-06-30,104,177,845,89.57,35.2
2025-06-30,105,124,703,98.51,28.9
2025-06-30,106,122,502,99.07,19.9
2025-06-30,107,235,1385,92.99,73.6
2025-06-30,108,168,800,89.18,31.0
2025-07-01,101,178,717,98.51,47.6
2025-07-01,102,188,915,92.6,35.4
2025-07-01,103,126,745,96.89,26.4
2025-07-01,104,118,674,89.33,28.5
2025-07-01,105,208,1006,97.9,35.0
2025-07-01,106,145,747,93.74,37.2
2025-07-01,107,122,595,99.27,30.0
2025-07-01,108,161,762,92.89,49.3
2025-07-02,101,196,1042,88.0,31.9
2025-07-02,102,207,984,96.25,40.3
2025-07-02,103,220,1178,90.73,55.5
2025-07-02,104,242,1399,92.98,60.9
2025-07-02,105,228,924,89.08,41.3
2025-07-02,106,202,945,90.6,60.9
2025-07-02,107,183,1057,95.28,59.5
2025-07-02,108,123,514,93.51,38.7
2025-07-03,101,147,684,92.63,31.1
2025-07-03,102,251,1035,90.38,69.1
2025-07-03,103,173,877,94.53,34.5
2025-07-03,104,134,780,92.65,24.7
2025-07-03,105,211,952,90.61,34.6
2025-07-03,106,206,952,99.46,36.6
2025-07-03,107,196,1040,95.72,66.6
2025-07-03,108,117,653,99.32,22.9
2025-07-04,101,225,1299,95.43,77.7
2025-07-04,102,155,700,99.02,52.1
2025-07-04,103,138,660,91.66,44.3
2025-07-04,104,223,1062,82.26,34.7
2025-07-04,105,213,1159,89.27,34.3
2025-07-04,106,220,1012,97.28,56.1
2025-07-04,107,132,655,96.06,33.3
2025-07-04,108,242,1160,90.73,52.1
2025-07-05,101,49,245,92.22,12.7
2025-07-05,102,74,370,95.29,21.3
2025-07-05,103,35,175,96.47,11.0
2025-07-05,104,34,170,90.89,5.6
2025-07-05,105,50,250,96.65,16.9
2025-07-05,106,52,260,95.66,16.3
2025-07-05,107,68,340,92.27,17.8
2025-07-05,108,58,290,98.93,15.5
2025-07-06,101,43,215,95.36,13.3
2025-07-06,102,57,285,88.26,12.3
2025-07-06,103,64,320,90.65,11.1
2025-07-06,104,41,205,86.93,10.4
2025-07-06,105,40,200,88.68,9.4
2025-07-06,106,51,255,96.23,15.1
2025-07-06,107,76,380,91.35,12.8
2025-07-06,108,73,365,89.24,15.7
2025-07-07,101,245,1457,92.75,47.5
2025-07-07,102,248,1077,90.29,75.0
2025-07-07,103,121,671,90.7,39.4
2025-07-07,104,176,829,90.28,43.0
2025-07-07,105,192,783,89.8,63.9
2025-07-07,106,242,1179,92.17,40.5
2025-07-07,107,227,1354,94.9,72.6
2025-07-07,108,219,1218,96.44,41.3
2025-07-08,101,227,1245,95.53,61.3
2025-07-08,102,248,1443,97.72,86.0
2025-07-08,103,216,1111,90.88,68.6
2025-07-08,104,120,648,90.59,35.3
2025-07-08,105,145,623,98.17,39.7
2025-07-08,106,158,916,95.75,25.5
2025-07-08,107,132,774,97.87,39.0
2025-07-08,108,205,1005,95.26,64.5
2025-07-09,101,257,1082,99.12,74.7
2025-07-09,102,238,1107,92.57,39.3
2025-07-09,103,143,674,92.0,35.7
2025-07-09,104,135,712,91.24,24.9
2025-07-09,105,196,1049,95.87,34.0
2025-07-09,106,190,977,97.11,50.2
2025-07-09,107,135,566,98.45,34.7
2025-07-09,108,156,627,98.54,25.7
2025-07-10,101,133,735,99.11,28.5
2025-07-10,102,117,648,89.33,27.2
2025-07-10,103,144,632,93.69,22.8
2025-07-10,104,143,583,90.08,49.2
2025-07-10,105,122,542,92.23,42.1
2025-07-10,106,213,1091,92.77,64.7
2025-07-10,107,143,679,94.91,36.2
2025-07-10,108,179,1012,96.38,61.2
2025-07-11,101,116,635,95.92,32.4
2025-07-11,102,207,1024,92.76,60.9
2025-07-11,103,249,1238,89.89,78.4
2025-07-11,104,243,1162,87.69,56.9
2025-07-11,105,138,569,97.13,41.0
2025-07-11,106,204,954,89.96,34.8
2025-07-11,107,139,745,96.38,36.5
2025-07-11,108,189,973,88.97,53.7
2025-07-12,101,72,360,88.23,14.1
2025-07-12,102,69,345,89.44,10.8
2025-07-12,103,74,370,91.45,18.7
2025-07-12,104,54,270,89.96,9.4
2025-07-12,105,65,325,99.01,14.2
2025-07-12,106,55,275,99.87,14.7
2025-07-12,107,41,205,96.81,9.8
2025-07-12,108,34,170,91.6,9.9
2025-07-13,101,40,200,91.37,12.9
2025-07-13,102,60,300,97.49,11.6
2025-07-13,103,66,330,90.74,16.8
2025-07-13,104,75,375,85.54,12.1
2025-07-13,105,38,190,90.85,7.0
2025-07-13,106,51,255,95.14,16.4
2025-07-13,107,50,250,93.57,15.5
2025-07-13,108,75,375,90.48,15.1
2025-07-14,101,235,984,95.34,67.1
2025-07-14,102,145,812,96.7,34.3
2025-07-14,103,169,996,90.03,29.4
2025-07-14,104,133,665,91.09,30.4
2025-07-14,105,258,1230,94.98,59.2
2025-07-14,106,166,700,95.61,29.4
2025-07-14,107,209,914,90.14,49.1
2025-07-14,108,152,863,99.65,25.0
2025-07-15,101,114,623,92.54,19.1
2025-07-15,102,169,754,96.76,44.4
2025-07-15,103,168,995,89.28,58.3
2025-07-15,104,240,991,90.43,61.9
2025-07-15,105,172,761,92.03,43.5
2025-07-15,106,233,1184,93.63,55.6
2025-07-15,107,165,672,89.75,28.3
2025-07-15,108,125,652,88.55,36.9
2025-07-16,101,222,1144,88.32,77.7
2025-07-16,102,218,1247,98.58,55.3
2025-07-16,103,243,1357,93.07,75.4
2025-07-16,104,240,1115,84.79,48.9
2025-07-16,105,149,838,93.38,33.7
2025-07-16,106,214,1195,93.33,73.0
2025-07-16,107,133,758,90.95,44.8
2025-07-16,108,173,973,94.21,46.7
2025-07-17,101,214,1244,89.09,46.3
2025-07-17,102,248,1194,90.3,69.8
2025-07-17,103,211,1193,90.94,53.8
2025-07-17,104,211,1124,85.0,33.1
2025-07-17,105,114,476,92.03,20.5
2025-07-17,106,210,1120,89.32,53.3
2025-07-17,107,143,671,91.07,27.8
2025-07-17,108,251,1382,91.93,52.2
2025-07-18,101,223,1047,92.25,45.5
2025-07-18,102,111,494,95.66,37.1
2025-07-18,103,208,892,99.19,38.3
2025-07-18,104,130,546,84.93,35.0
2025-07-18,105,224,1109,89.93,35.7
2025-07-18,106,139,751,94.24,31.5
2025-07-18,107,171,848,98.7,45.9
2025-07-18,108,185,881,89.52,58.0
2025-07-19,101,63,315,92.62,18.6
2025-07-19,102,52,260,93.98,16.5
2025-07-19,103,46,230,95.99,12.3
2025-07-19,104,56,280,89.73,8.7
2025-07-19,105,33,165,95.97,5.9
2025-07-19,106,50,250,96.33,10.4
2025-07-19,107,71,355,89.54,19.7
2025-07-19,108,58,290,95.17,9.0
2025-07-20,101,65,325,90.93,14.2
2025-07-20,102,63,315,98.19,13.7
2025-07-20,103,73,365,93.58,21.9
2025-07-20,104,38,190,87.99,6.4
2025-07-20,105,61,305,90.73,13.1
2025-07-20,106,38,190,96.73,12.6
2025-07-20,107,41,205,98.27,10.7
2025-07-20,108,51,255,99.04,15.5
2025-07-21,101,178,944,90.89,28.2
2025-07-21,102,192,776,88.72,54.8
2025-07-21,103,125,659,98.47,37.8
2025-07-21,104,258,1386,84.31,60.5
2025-07-21,105,214,1040,98.04,46.0
2025-07-21,106,128,712,92.93,32.0
2025-07-21,107,177,901,89.54,27.8
2025-07-21,108,216,971,99.68,40.1
2025-07-22,101,158,734,97.08,38.1
2025-07-22,102,231,1150,96.99,58.9
2025-07-22,103,220,1135,95.62,62.1
2025-07-22,104,161,934,83.28,52.9
2025-07-22,105,216,1152,96.98,51.2
2025-07-22,106,111,492,93.85,26.0
2025-07-22,107,201,873,92.5,41.9
2025-07-22,108,245,1341,97.87,41.9
2025-07-23,101,227,1115,88.96,65.8
2025-07-23,102,203,1106,88.47,52.0
2025-07-23,103,123,511,93.96,36.0
2025-07-23,104,214,1181,88.92,67.8
2025-07-23,105,241,1365,89.13,55.6
2025-07-23,106,216,1075,97.41,39.6
2025-07-23,107,235,1012,90.6,38.0
2025-07-23,108,240,1278,99.21,81.7
2025-07-24,101,181,1008,96.96,53.2
2025-07-24,102,198,989,95.18,67.7
2025-07-24,103,181,820,97.91,57.0
2025-07-24,104,127,749,88.99,21.7
2025-07-24,105,188,827,98.57,53.7
2025-07-24,106,216,1168,96.82,70.7
2025-07-24,107,202,1029,94.89,57.0
2025-07-24,108,209,1110,92.99,51.2
2025-07-25,101,145,589,88.51,34.2
2025-07-25,102,118,473,89.49,40.3
2025-07-25,103,124,497,90.26,40.6
2025-07-25,104,130,531,91.38,29.4
2025-07-25,105,145,595,95.84,32.0
2025-07-25,106,115,655,92.75,40.1
2025-07-25,107,155,864,93.16,36.7
2025-07-25,108,222,1262,88.61,40.9
2025-07-26,101,41,205,88.93,6.4
2025-07-26,102,36,180,93.27,7.2
2025-07-26,103,36,180,95.84,7.0
2025-07-26,104,33,165,88.93,9.8
2025-07-26,105,74,370,91.79,17.7
2025-07-26,106,62,310,94.44,19.9
2025-07-26,107,76,380,94.16,18.6
2025-07-26,108,39,195,95.34,8.7
2025-07-27,101,71,355,95.35,13.8
2025-07-27,102,70,350,98.92,23.8
2025-07-27,103,54,270,91.12,16.9
2025-07-27,104,72,360,84.21,17.6
2025-07-27,105,73,365,95.16,25.1
2025-07-27,106,51,255,93.55,13.2
2025-07-27,107,47,235,90.32,8.2
2025-07-27,108,61,305,99.56,16.7
2025-07-28,101,112,602,95.85,17.1
2025-07-28,102,256,1250,96.35,70.8
2025-07-28,103,210,1029,99.7,43.8
2025-07-28,104,213,1082,86.19,42.3
2025-07-28,105,187,775,94.03,57.2
2025-07-28,106,201,1194,88.3,40.7
2025-07-28,107,228,1312,92.09,38.4
2025-07-28,108,255,1103,88.01,86.8
2025-07-29,101,246,1455,91.31,40.0
2025-07-29,102,193,833,94.9,49.9
2025-07-29,103,122,532,98.11,25.0
2025-07-29,104,164,891,82.48,43.1
2025-07-29,105,182,1026,89.65,40.3
2025-07-29,106,231,1248,95.74,38.9
2025-07-29,107,169,893,91.77,35.2
2025-07-29,108,129,544,99.82,23.6
2025-07-30,101,167,811,98.4,57.0
2025-07-30,102,235,1086,95.08,71.1
2025-07-30,103,216,952,97.5,34.0
2025-07-30,104,137,555,89.88,22.7
2025-07-30,105,156,797,89.5,41.7
2025-07-30,106,188,770,97.65,30.7
2025-07-30,107,224,1312,88.37,71.8
2025-07-30,108,254,1471,99.79,57.6
2025-07-31,101,140,778,92.67,25.5
2025-07-31,102,150,888,99.7,26.2
2025-07-31,103,205,1092,98.97,68.3
2025-07-31,104,241,1390,83.41,43.1
2025-07-31,105,174,727,92.2,49.9
2025-07-31,106,239,1273,90.5,52.9
2025-07-31,107,222,1173,91.88,62.8
2025-07-31,108,144,783,94.52,42.4
2025-08-01,101,210,1132,88.91,56.1
2025-08-01,102,165,705,95.12,47.5
2025-08-01,103,254,1435,88.58,68.4
2025-08-01,104,123,640,89.8,34.0
2025-08-01,105,164,709,93.07,25.8
2025-08-01,106,253,1333,95.92,50.1
2025-08-01,107,115,582,91.1,27.9
2025-08-01,108,143,763,99.33,33.3
2025-08-02,101,52,260,93.33,16.8
2025-08-02,102,51,255,92.17,10.0
2025-08-02,103,76,380,90.02,15.1
2025-08-02,104,42,210,85.98,11.2
2025-08-02,105,33,165,91.79,10.1
2025-08-02,106,38,190,98.53,12.0
2025-08-02,107,53,265,98.61,14.0
2025-08-02,108,67,335,94.63,20.6
2025-08-03,101,45,225,91.88,14.1
2025-08-03,102,33,165,97.76,6.2
2025-08-03,103,49,245,91.52,12.3
2025-08-03,104,33,165,86.62,6.2
2025-08-03,105,42,210,97.55,9.6
2025-08-03,106,46,230,88.27,12.1
2025-08-03,107,62,310,92.0,21.4
2025-08-03,108,39,195,96.96,10.4
2025-08-04,101,145,829,89.99,29.0
2025-08-04,102,241,1283,89.32,76.6
2025-08-04,103,153,625,89.27,23.0
2025-08-04,104,183,1075,87.78,38.4
2025-08-04,105,228,1281,93.97,66.1
2025-08-04,106,115,462,92.25,20.8
2025-08-04,107,253,1078,92.83,54.6
2025-08-04,108,190,980,92.05,48.1
2025-08-05,101,158,872,90.48,42.4
2025-08-05,102,139,828,96.71,41.3
2025-08-05,103,178,898,96.4,48.1
2025-08-05,104,165,755,82.58,46.2
2025-08-05,105,134,762,95.69,20.9
2025-08-05,106,179,721,88.92,47.7
2025-08-05,107,242,1322,92.5,52.2
2025-08-05,108,198,1170,94.3,43.8
2025-08-06,101,221,1231,94.43,47.6
2025-08-06,102,256,1091,98.74,76.8
2025-08-06,103,197,1160,89.07,59.4
2025-08-06,104,137,721,91.16,31.5
2025-08-06,105,134,613,95.11,45.0
2025-08-06,106,203,1097,98.78,69.6
2025-08-06,107,204,1212,97.68,34.4
2025-08-06,108,143,745,98.16,23.4
2025-08-07,101,240,1125,90.24,79.5
2025-08-07,102,197,1007,89.02,35.7
2025-08-07,103,152,695,90.54,39.1
2025-08-07,104,165,899,91.05,26.0
2025-08-07,105,181,838,88.43,37.3
2025-08-07,106,224,912,98.5,71.6
2025-08-07,107,174,718,90.21,40.6
2025-08-07,108,139,669,93.51,40.7
2025-08-08,101,223,1136,91.61,49.2
2025-08-08,102,176,958,94.67,54.7
2025-08-08,103,192,1123,97.88,39.3
2025-08-08,104,154,734,89.5,24.0
2025-08-08,105,161,651,98.28,25.0
2025-08-08,106,215,893,97.3,72.0
2025-08-08,107,162,899,89.47,32.6
2025-08-08,108,222,1011,88.88,39.9
2025-08-09,101,42,210,96.66,13.9
2025-08-09,102,75,375,93.52,12.2
2025-08-09,103,38,190,95.7,10.0
2025-08-09,104,54,270,89.8,16.3
2025-08-09,105,45,225,99.17,15.5
2025-08-09,106,38,190,91.78,12.8
2025-08-09,107,48,240,92.81,15.5
2025-08-09,108,75,375,96.72,26.1
2025-08-10,101,75,375,92.84,13.6
2025-08-10,102,38,190,93.85,7.3
2025-08-10,103,72,360,91.38,12.7
2025-08-10,104,59,295,91.44,15.7
2025-08-10,105,36,180,93.99,6.1
2025-08-10,106,54,270,99.02,15.6
2025-08-10,107,49,245,93.56,11.0
2025-08-10,108,42,210,95.05,10.4
2025-08-11,101,151,741,94.41,41.8
2025-08-11,102,139,571,94.07,22.8
2025-08-11,103,145,761,88.83,25.6
2025-08-11,104,134,750,86.15,22.2
2025-08-11,105,204,1094,96.87,35.5
2025-08-11,106,194,1034,91.64,39.5
2025-08-11,107,248,1385,96.3,39.1
2025-08-11,108,237,1203,93.51,59.4
2025-08-12,101,212,1231,96.98,60.7
2025-08-12,102,218,1035,89.02,64.8
2025-08-12,103,180,1079,94.88,29.1
2025-08-12,104,234,970,88.48,48.1
2025-08-12,105,208,1019,98.69,43.6
2025-08-12,106,136,801,90.4,36.1
2025-08-12,107,179,993,89.54,42.5
2025-08-12,108,202,937,88.73,58.6
2025-08-13,101,199,800,95.29,66.5
2025-08-13,102,186,936,89.88,56.7
2025-08-13,103,147,594,93.52,45.3
2025-08-13,104,202,835,92.04,49.7
2025-08-13,105,214,1076,99.49,41.4
2025-08-13,106,199,852,96.65,60.8
2025-08-13,107,239,962,91.86,39.4
2025-08-13,108,140,802,88.31,39.8
2025-08-14,101,206,858,99.07,49.2
2025-08-14,102,164,964,92.71,40.9
2025-08-14,103,149,811,97.99,37.1
2025-08-14,104,116,619,86.49,26.7
2025-08-14,105,200,855,93.04,61.2
2025-08-14,106,110,610,95.99,34.2
2025-08-14,107,179,1015,92.61,45.8
2025-08-14,108,182,854,92.83,31.6
2025-08-15,101,246,1045,90.92,43.5
2025-08-15,102,208,1155,91.72,32.3
2025-08-15,103,187,988,98.04,48.8
2025-08-15,104,175,807,82.74,37.3
2025-08-15,105,251,1454,97.31,60.8
2025-08-15,106,240,1149,97.65,60.6
2025-08-15,107,185,741,88.79,28.6
2025-08-15,108,247,1421,88.95,64.4
2025-08-16,101,57,285,91.64,13.8
2025-08-16,102,36,180,91.31,10.4
2025-08-16,103,77,385,91.27,24.2
2025-08-16,104,36,180,83.05,6.2
2025-08-16,105,46,230,99.35,11.2
2025-08-16,106,39,195,90.41,11.0
2025-08-16,107,65,325,93.48,13.3
2025-08-16,108,52,260,91.28,14.7
2025-08-17,101,63,315,93.62,12.1
2025-08-17,102,57,285,95.9,12.1
2025-08-17,103,57,285,91.91,19.5
2025-08-17,104,69,345,92.61,15.0
2025-08-17,105,57,285,89.35,19.9
2025-08-17,106,38,190,92.94,7.5
2025-08-17,107,36,180,94.35,12.0
2025-08-17,108,41,205,90.76,7.3
2025-08-18,101,244,1395,99.54,83.5
2025-08-18,102,251,1285,90.24,62.1
2025-08-18,103,217,1130,97.59,73.2
2025-08-18,104,144,656,88.5,42.0
2025-08-18,105,153,903,93.2,39.8
2025-08-18,106,174,700,88.7,48.6
2025-08-18,107,142,745,98.41,29.9
2025-08-18,108,259,1309,99.2,70.9
2025-08-19,101,114,571,98.65,37.2
2025-08-19,102,259,1245,88.4,50.1
2025-08-19,103,173,809,89.44,40.5
2025-08-19,104,198,1121,89.88,49.9
2025-08-19,105,141,804,95.65,33.0
2025-08-19,106,202,1058,93.25,40.0
2025-08-19,107,177,1016,97.96,59.9
2025-08-19,108,126,727,95.56,35.6
2025-08-20,101,120,559,92.81,39.8
2025-08-20,102,143,733,90.1,35.7
2025-08-20,103,121,543,92.5,38.4
2025-08-20,104,117,546,88.87,18.5
2025-08-20,105,110,612,88.34,33.7
2025-08-20,106,252,1194,99.49,45.9
2025-08-20,107,215,1115,89.38,45.7
2025-08-20,108,126,526,95.87,34.9
2025-08-21,101,173,706,97.45,48.2
2025-08-21,102,177,947,88.7,38.4
2025-08-21,103,230,971,97.58,48.4
2025-08-21,104,183,1009,89.21,63.5
2025-08-21,105,253,1316,92.87,83.6
2025-08-21,106,175,1036,99.76,58.7
2025-08-21,107,165,765,97.83,46.3
2025-08-21,108,182,1015,94.0,46.0
2025-08-22,101,174,769,88.93,42.9
2025-08-22,102,249,1323,90.24,42.9
2025-08-22,103,204,878,92.93,65.4
2025-08-22,104,204,1087,93.06,36.0
2025-08-22,105,114,550,90.3,34.3
2025-08-22,106,210,931,88.14,48.9
2025-08-22,107,227,1200,91.51,45.2
2025-08-22,108,197,1028,94.14,64.2
2025-08-23,101,44,220,93.39,7.7
2025-08-23,102,55,275,97.75,12.8
2025-08-23,103,69,345,90.18,12.4
2025-08-23,104,36,180,82.5,8.5
2025-08-23,105,58,290,99.21,16.0
2025-08-23,106,69,345,92.46,12.2
2025-08-23,107,75,375,92.49,16.5
2025-08-23,108,50,250,98.98,8.0
2025-08-24,101,50,250,94.74,9.7
2025-08-24,102,50,250,92.9,11.6
2025-08-24,103,41,205,91.46,11.0
2025-08-24,104,73,365,83.61,24.9
2025-08-24,105,38,190,93.99,9.4
2025-08-24,106,75,375,92.07,14.4
2025-08-24,107,41,205,88.7,11.9
2025-08-24,108,38,190,89.77,12.8
2025-08-25,101,138,750,95.14,25.2
2025-08-25,102,139,783,90.57,35.9
2025-08-25,103,206,1203,94.57,54.8
2025-08-25,104,146,863,89.35,22.0
2025-08-25,105,198,799,96.52,33.7
2025-08-25,106,246,1364,94.0,68.4
2025-08-25,107,180,961,92.61,40.3
2025-08-25,108,162,697,99.31,51.6
2025-08-26,101,200,960,99.19,40.0
2025-08-26,102,230,930,95.37,77.3
2025-08-26,103,118,547,94.34,18.1
2025-08-26,104,173,964,84.35,58.2
2025-08-26,105,145,817,96.82,48.4
2025-08-26,106,177,956,95.9,58.5
2025-08-26,107,221,1237,90.02,43.6
2025-08-26,108,153,736,90.68,23.5
2025-08-27,101,160,793,96.85,39.4
2025-08-27,102,248,1266,96.28,50.9
2025-08-27,103,176,948,94.13,58.0
2025-08-27,104,186,856,84.56,34.9
2025-08-27,105,192,1039,92.42,47.8
2025-08-27,106,189,783,91.42,49.9
2025-08-27,107,114,489,99.16,24.3
2025-08-27,108,241,1097,89.69,42.3
2025-08-28,101,140,604,91.82,33.3
2025-08-28,102,133,753,98.26,29.9
2025-08-28,103,116,514,90.09,27.5
2025-08-28,104,146,659,86.65,23.4
2025-08-28,105,140,604,88.8,22.8
2025-08-28,106,232,1132,96.44,37.5
2025-08-28,107,167,945,91.91,35.3
2025-08-28,108,152,815,91.63,32.8
2025-08-29,101,192,859,95.65,30.8
2025-08-29,102,141,622,90.39,40.4
2025-08-29,103,149,809,95.68,49.7
2025-08-29,104,252,1327,85.34,69.8
2025-08-29,105,136,635,91.44,29.8
2025-08-29,106,194,1040,98.72,42.7
2025-08-29,107,199,893,91.86,58.7
2025-08-29,108,172,798,91.69,30.1
2025-08-30,101,52,260,90.79,10.7
2025-08-30,102,47,235,95.88,11.3
2025-08-30,103,42,210,89.77,12.5
2025-08-30,104,33,165,92.81,10.4
2025-08-30,105,35,175,99.89,10.0
2025-08-30,106,73,365,92.15,19.5
2025-08-30,107,75,375,97.98,17.0
2025-08-30,108,76,380,90.27,26.4
2025-08-31,101,45,225,95.38,10.4
2025-08-31,102,62,310,97.63,10.1
2025-08-31,103,41,205,97.26,7.1
2025-08-31,104,52,260,86.24,9.8
2025-08-31,105,66,330,97.77,12.1
2025-08-31,106,45,225,96.03,9.7
2025-08-31,107,77,385,88.36,23.7
2025-08-31,108,74,370,98.8,19.5
2025-09-01,101,224,914,96.11,53.5
2025-09-01,102,122,668,92.28,36.0
2025-09-01,103,123,541,93.0,23.9
2025-09-01,104,150,659,82.13,32.4
2025-09-01,105,169,955,93.85,47.0
2025-09-01,106,152,713,90.64,46.2
2025-09-01,107,126,629,96.6,43.3
2025-09-01,108,182,886,97.85,45.6
2025-09-02,101,191,1105,94.63,54.7
2025-09-02,102,112,629,98.94,30.3
2025-09-02,103,202,963,99.79,41.2
2025-09-02,104,205,1063,92.79,38.9
2025-09-02,105,129,674,94.98,39.9
2025-09-02,106,231,1351,97.32,40.8
2025-09-02,107,114,496,90.82,26.1
2025-09-02,108,249,1467,94.21,76.2
2025-09-03,101,258,1111,97.65,51.5
2025-09-03,102,220,1240,92.96,65.1
2025-09-03,103,199,818,96.04,55.7
2025-09-03,104,239,1031,85.24,57.2
2025-09-03,105,252,1053,98.89,84.4
2025-09-03,106,126,522,90.1,21.2
2025-09-03,107,179,880,98.79,58.1
2025-09-03,108,203,1024,89.37,69.6
2025-09-04,101,204,1142,98.88,45.0
2025-09-04,102,257,1073,99.51,52.2
2025-09-04,103,211,907,96.45,61.7
2025-09-04,104,155,823,91.38,42.0
2025-09-04,105,138,797,97.45,39.9
2025-09-04,106,242,1368,90.94,46.0
2025-09-04,107,145,855,99.82,38.2
2025-09-04,108,142,817,89.73,25.7
2025-09-05,101,117,620,89.28,35.8
2025-09-05,102,130,632,92.51,45.2
2025-09-05,103,210,1073,90.69,58.2
2025-09-05,104,192,924,90.88,63.4
2025-09-05,105,154,676,92.86,28.3
2025-09-05,106,218,1180,96.94,35.3
2025-09-05,107,248,1131,97.28,56.1
2025-09-05,108,135,620,95.55,44.1
2025-09-06,101,39,195,96.89,7.0
2025-09-06,102,46,230,99.64,7.5
2025-09-06,103,37,185,89.27,7.8
2025-09-06,104,68,340,82.98,22.6
2025-09-06,105,66,330,97.01,15.2
2025-09-06,106,48,240,94.77,13.6
2025-09-06,107,75,375,94.92,23.2
2025-09-06,108,57,285,92.87,19.7
2025-09-07,101,48,240,88.53,15.8
2025-09-07,102,36,180,90.96,9.7
2025-09-07,103,56,280,90.65,15.2
2025-09-07,104,73,365,91.73,24.3
2025-09-07,105,55,275,90.35,15.6
2025-09-07,106,54,270,90.09,14.6
2025-09-07,107,74,370,88.25,20.1
2025-09-07,108,63,315,98.81,18.7
2025-09-08,101,149,847,89.48,26.0
2025-09-08,102,239,1203,90.48,73.0
2025-09-08,103,198,1037,90.54,66.6
2025-09-08,104,223,1213,92.69,77.6
2025-09-08,105,142,701,90.18,37.9
2025-09-08,106,139,737,99.33,35.5
2025-09-08,107,139,765,98.97,26.8
2025-09-08,108,176,820,98.24,59.7
2025-09-09,101,120,708,95.47,27.1
2025-09-09,102,254,1170,90.1,65.7
2025-09-09,103,158,892,93.44,49.4
2025-09-09,104,248,1418,90.81,76.8
2025-09-09,105,114,505,97.64,23.5
2025-09-09,106,212,1193,90.64,71.4
2025-09-09,107,159,858,92.11,39.0
2025-09-09,108,135,795,91.81,25.2
2025-09-10,101,135,740,89.6,44.3
2025-09-10,102,140,806,91.43,33.7
2025-09-10,103,169,946,93.11,58.7
2025-09-10,104,171,973,93.76,35.3
2025-09-10,105,224,1255,90.9,48.2
2025-09-10,106,131,763,99.89,39.9
2025-09-10,107,219,880,96.3,49.9
2025-09-10,108,183,798,98.41,59.8
2025-09-11,101,159,766,96.49,45.3
2025-09-11,102,156,762,94.35,31.7
2025-09-11,103,228,1244,90.85,55.8
2025-09-11,104,164,816,82.06,32.0
2025-09-11,105,241,1361,89.12,70.4
2025-09-11,106,257,1159,94.0,39.6
2025-09-11,107,156,835,94.16,42.1
2025-09-11,108,165,927,98.78,41.6
2025-09-12,101,177,884,97.05,45.1
2025-09-12,102,195,1114,91.91,57.0
2025-09-12,103,145,745,94.29,37.7
2025-09-12,104,216,954,91.42,37.2
2025-09-12,105,250,1459,89.6,58.1
2025-09-12,106,199,879,98.23,34.7
2025-09-12,107,221,1188,89.65,34.1
2025-09-12,108,198,1019,88.24,69.0
2025-09-13,101,73,365,95.39,11.1
2025-09-13,102,67,335,93.19,15.5
2025-09-13,103,40,200,92.49,11.7
2025-09-13,104,39,195,90.17,13.2
2025-09-13,105,54,270,89.79,18.2
2025-09-13,106,35,175,99.12,10.0
2025-09-13,107,35,175,93.07,11.2
2025-09-13,108,68,340,93.68,14.9
2025-09-14,101,47,235,88.08,14.6
2025-09-14,102,55,275,92.3,10.2
2025-09-14,103,47,235,92.07,11.5
2025-09-14,104,34,170,92.75,11.7
2025-09-14,105,59,295,90.81,10.1
2025-09-14,106,38,190,95.29,9.4
2025-09-14,107,34,170,90.21,10.4
2025-09-14,108,44,220,99.62,15.4
2025-09-15,101,199,806,99.46,42.1
2025-09-15,102,135,737,89.37,37.8
2025-09-15,103,175,746,89.24,51.6
2025-09-15,104,136,581,87.99,42.2
2025-09-15,105,200,1102,98.35,37.0
2025-09-15,106,123,643,99.36,39.1
2025-09-15,107,231,1071,89.69,78.5
2025-09-15,108,158,706,95.97,50.3
2025-09-16,101,250,1426,91.91,40.9
2025-09-16,102,116,672,98.75,20.4
2025-09-16,103,168,809,97.29,45.8
2025-09-16,104,168,708,89.57,36.5
2025-09-16,105,134,738,98.62,29.3
2025-09-16,106,222,1127,94.83,58.9
2025-09-16,107,161,769,94.14,24.5
2025-09-16,108,230,1039,97.72,46.7
2025-09-17,101,120,517,99.73,25.7
2025-09-17,102,139,800,97.55,48.2
2025-09-17,103,238,1045,88.69,55.4
2025-09-17,104,256,1244,89.18,41.6
2025-09-17,105,179,833,98.94,43.7
2025-09-17,106,228,1180,95.51,41.4
2025-09-17,107,169,741,97.98,34.3
2025-09-17,108,169,953,93.55,45.6
2025-09-18,101,135,552,92.41,34.2
2025-09-18,102,115,592,98.63,22.3
2025-09-18,103,211,924,95.5,54.2
2025-09-18,104,233,1052,93.49,54.4
2025-09-18,105,211,1093,99.86,69.6
2025-09-18,106,235,1211,89.37,57.0
2025-09-18,107,258,1068,98.59,49.0
2025-09-18,108,137,685,97.89,29.2
2025-09-19,101,233,1256,98.05,48.3
2025-09-19,102,224,1201,90.32,62.3
2025-09-19,103,191,884,95.83,43.1
2025-09-19,104,137,725,87.36,26.5
2025-09-19,105,189,941,94.7,42.4
2025-09-19,106,123,602,90.72,39.1
2025-09-19,107,206,1069,91.3,61.1
2025-09-19,108,191,969,95.6,52.7
2025-09-20,101,64,320,95.62,18.2
2025-09-20,102,54,270,97.89,11.7
2025-09-20,103,50,250,96.88,8.5
2025-09-20,104,40,200,82.32,11.6
2025-09-20,105,50,250,88.21,13.5
2025-09-20,106,51,255,92.51,15.3
2025-09-20,107,43,215,96.01,11.7
2025-09-20,108,55,275,96.71,17.7
2025-09-21,101,64,320,99.76,17.6
2025-09-21,102,68,340,95.01,22.3
2025-09-21,103,52,260,95.96,14.2
2025-09-21,104,51,255,84.24,8.9
2025-09-21,105,59,295,94.5,18.3
2025-09-21,106,48,240,92.26,8.3
2025-09-21,107,45,225,95.26,10.6
2025-09-21,108,66,330,95.64,15.2
2025-09-22,101,246,1467,90.25,51.4
2025-09-22,102,236,1252,94.34,45.0
2025-09-22,103,254,1119,90.95,47.8
2025-09-22,104,167,986,89.22,46.4
2025-09-22,105,211,1171,88.39,56.4
2025-09-22,106,156,782,93.68,25.3
2025-09-22,107,177,809,91.27,34.4
2025-09-22,108,118,694,88.33,21.6
2025-09-23,101,184,947,99.67,64.1
2025-09-23,102,234,1021,98.98,68.7
2025-09-23,103,163,721,96.2,31.2
2025-09-23,104,161,751,82.89,56.0
2025-09-23,105,199,989,97.35,68.7
2025-09-23,106,176,899,99.82,31.5
2025-09-23,107,165,692,88.01,24.8
2025-09-23,108,236,1381,95.94,69.7
2025-09-24,101,167,682,90.79,52.1
2025-09-24,102,240,1315,90.92,77.8
2025-09-24,103,249,1316,89.16,58.2
2025-09-24,104,226,1035,88.96,71.2
2025-09-24,105,203,950,97.54,38.4
2025-09-24,106,122,497,93.82,24.5
2025-09-24,107,242,1092,93.07,79.3
2025-09-24,108,247,1408,96.45,50.5
2025-09-25,101,113,546,95.14,35.3
2025-09-25,102,183,813,96.31,36.2
2025-09-25,103,209,965,92.13,56.2
2025-09-25,104,151,824,86.52,27.4
2025-09-25,105,185,900,95.06,52.6
2025-09-25,106,173,721,88.36,46.9
2025-09-25,107,206,858,93.58,48.8
2025-09-25,108,122,707,90.59,28.7
2025-09-26,101,123,544,92.16,22.7
2025-09-26,102,230,1255,96.31,69.5
2025-09-26,103,220,957,93.53,61.5
2025-09-26,104,241,997,82.78,82.7
2025-09-26,105,182,1055,89.54,39.3
2025-09-26,106,246,1378,93.02,67.0
2025-09-26,107,135,616,95.87,23.3
2025-09-26,108,201,1101,90.68,53.9
2025-09-27,101,51,255,93.37,14.5
2025-09-27,102,55,275,96.03,9.5
2025-09-27,103,62,310,92.83,11.1
2025-09-27,104,51,255,84.43,9.4
2025-09-27,105,44,220,95.05,10.1
2025-09-27,106,72,360,92.62,24.5
2025-09-27,107,59,295,89.99,12.1
2025-09-27,108,51,255,90.45,11.8
2025-09-28,101,70,350,95.96,21.4
2025-09-28,102,64,320,98.99,20.6
2025-09-28,103,69,345,98.8,19.8
2025-09-28,104,52,260,88.33,11.2
2025-09-28,105,52,260,92.9,16.2
2025-09-28,106,69,345,92.36,11.9
2025-09-28,107,63,315,94.7,18.2
2025-09-28,108,65,325,89.23,14.9
2025-09-29,101,196,890,99.26,41.8
2025-09-29,102,175,732,95.58,38.7
2025-09-29,103,233,1373,94.8,57.2
2025-09-29,104,234,1374,84.64,73.0
2025-09-29,105,207,1059,93.93,56.0
2025-09-29,106,237,1229,95.96,52.9
2025-09-29,107,136,721,94.5,47.1
2025-09-29,108,246,1187,95.34,42.7
2025-09-30,101,115,647,90.57,24.4
2025-09-30,102,149,835,91.25,46.8
2025-09-30,103,177,1002,92.92,49.1
2025-09-30,104,150,899,89.14,41.4
2025-09-30,105,146,720,95.67,30.9
2025-09-30,106,126,731,89.7,35.5
2025-09-30,107,152,631,96.33,49.1
2025-09-30,108,241,1280,89.68,40.7
2025-10-01,101,243,1017,92.19,43.0
2025-10-01,102,211,1165,94.83,33.0
2025-10-01,103,173,966,95.49,38.5
2025-10-01,104,233,967,83.92,74.0
2025-10-01,105,253,1181,98.58,62.5
2025-10-01,106,252,1414,93.04,78.2
2025-10-01,107,159,859,98.7,31.0
2025-10-01,108,213,1072,95.37,72.4
2025-10-02,101,178,759,97.96,53.4
2025-10-02,102,182,1029,88.96,50.0
2025-10-02,103,170,781,90.25,28.1
2025-10-02,104,251,1218,92.08,64.3
2025-10-02,105,209,868,95.02,54.4
2025-10-02,106,148,806,89.39,22.6
2025-10-02,107,122,535,97.85,41.8
2025-10-02,108,198,1000,92.37,46.6
2025-10-03,101,125,625,91.68,28.9
2025-10-03,102,222,1212,95.75,35.8
2025-10-03,103,169,778,99.73,42.3
2025-10-03,104,139,566,93.48,25.7
2025-10-03,105,251,1035,90.09,54.0
2025-10-03,106,121,644,89.84,30.2
2025-10-03,107,116,620,92.36,28.6
2025-10-03,108,179,761,92.49,46.2
2025-10-04,101,39,195,93.13,6.9
2025-10-04,102,39,195,99.47,12.3
2025-10-04,103,62,310,88.4,17.8
2025-10-04,104,60,300,82.67,11.5
2025-10-04,105,48,240,94.9,8.5
2025-10-04,106,34,170,96.63,11.6
2025-10-04,107,45,225,97.34,12.9
2025-10-04,108,43,215,89.45,12.5
2025-10-05,101,57,285,95.26,19.6
2025-10-05,102,37,185,89.47,8.7
2025-10-05,103,62,310,97.6,15.2
2025-10-05,104,75,375,90.6,16.7
2025-10-05,105,52,260,91.12,7.9
2025-10-05,106,57,285,94.37,19.7
2025-10-05,107,41,205,92.18,8.5
2025-10-05,108,60,300,88.2,15.7
2025-10-06,101,140,740,94.44,28.3
2025-10-06,102,145,839,90.29,24.3
2025-10-06,103,216,888,92.51,57.5
2025-10-06,104,151,694,93.97,34.9
2025-10-06,105,204,943,89.08,44.8
2025-10-06,106,170,844,93.4,52.6
2025-10-06,107,115,669,98.71,26.8
2025-10-06,108,188,776,98.54,39.9
2025-10-07,101,240,1398,89.17,49.4
2025-10-07,102,233,1051,97.97,63.6
2025-10-07,103,213,1223,97.53,64.1
2025-10-07,104,221,1157,88.02,49.7
2025-10-07,105,190,922,90.98,55.7
2025-10-07,106,227,1202,95.98,63.3
2025-10-07,107,197,1131,89.54,33.8
2025-10-07,108,113,585,92.57,30.7
2025-10-08,101,200,1162,92.71,52.6
2025-10-08,102,111,571,99.59,18.4
2025-10-08,103,241,975,97.82,76.7
2025-10-08,104,173,821,85.66,41.5
2025-10-08,105,170,810,98.87,33.5
2025-10-08,106,212,1001,95.89,55.7
2025-10-08,107,152,643,89.65,29.4
2025-10-08,108,212,1173,89.51,68.7
2025-10-09,101,160,654,91.47,49.9
2025-10-09,102,221,1208,98.46,48.0
2025-10-09,103,224,985,97.85,63.9
2025-10-09,104,179,926,89.17,37.7
2025-10-09,105,132,702,94.82,28.7
2025-10-09,106,174,834,91.46,50.8
2025-10-09,107,238,1161,92.73,53.1
2025-10-09,108,203,835,93.07,52.0
2025-10-10,101,181,922,97.21,41.5
2025-10-10,102,115,541,94.58,27.3
2025-10-10,103,205,928,93.35,67.5
2025-10-10,104,228,988,92.64,61.1
2025-10-10,105,236,1152,97.6,51.0
2025-10-10,106,230,926,98.85,47.1
2025-10-10,107,113,496,93.23,33.9
2025-10-10,108,168,779,94.52,32.5
2025-10-11,101,41,205,91.28,11.4
2025-10-11,102,69,345,98.47,21.0
2025-10-11,103,63,315,92.77,13.3
2025-10-11,104,47,235,93.58,14.9
2025-10-11,105,64,320,99.22,18.2
2025-10-11,106,37,185,91.94,9.0
2025-10-11,107,60,300,98.58,19.2
2025-10-11,108,54,270,91.26,8.8
2025-10-12,101,40,200,91.98,8.1
2025-10-12,102,72,360,97.51,21.6
2025-10-12,103,76,380,93.94,16.8
2025-10-12,104,57,285,86.96,16.8
2025-10-12,105,71,355,97.79,13.7
2025-10-12,106,38,190,96.56,9.9
2025-10-12,107,38,190,93.04,9.6
2025-10-12,108,48,240,96.39,13.5
2025-10-13,101,156,681,90.12,41.7
2025-10-13,102,219,1259,95.62,68.7
2025-10-13,103,191,941,97.0,51.0
2025-10-13,104,114,540,91.48,27.2
2025-10-13,105,189,789,96.57,55.0
2025-10-13,106,170,892,94.65,46.4
2025-10-13,107,113,592,99.66,24.0
2025-10-13,108,111,636,91.12,30.3
2025-10-14,101,128,721,88.34,21.2
2025-10-14,102,142,620,98.86,24.7
2025-10-14,103,173,803,94.61,34.1
2025-10-14,104,131,727,91.79,45.8
2025-10-14,105,182,890,89.2,41.4
2025-10-14,106,115,599,88.36,37.0
2025-10-14,107,240,1056,88.97,52.3
2025-10-14,108,184,929,96.17,45.7
2025-10-15,101,229,1083,88.33,79.0
2025-10-15,102,180,1033,97.06,40.1
2025-10-15,103,146,866,90.7,24.1
2025-10-15,104,215,920,91.11,46.1
2025-10-15,105,157,859,96.76,32.2
2025-10-15,106,137,665,96.65,26.3
2025-10-15,107,117,594,97.68,26.3
2025-10-15,108,146,743,90.37,33.9
2025-10-16,101,239,1210,99.6,37.9
2025-10-16,102,221,1165,88.1,59.5
2025-10-16,103,140,800,97.6,21.9
2025-10-16,104,223,1282,91.58,41.6
2025-10-16,105,218,979,93.33,65.3
2025-10-16,106,137,668,90.36,31.3
2025-10-16,107,249,1172,95.92,73.9
2025-10-16,108,140,796,97.05,39.5
2025-10-17,101,112,519,94.52,30.4
2025-10-17,102,110,587,94.19,18.4
2025-10-17,103,242,1129,89.69,49.9
2025-10-17,104,153,660,85.95,37.2
2025-10-17,105,177,866,91.78,60.9
2025-10-17,106,246,1061,99.3,62.0
2025-10-17,107,216,1074,97.32,68.1
2025-10-17,108,157,806,98.32,39.6
2025-10-18,101,35,175,98.22,5.6
2025-10-18,102,35,175,88.88,7.7
2025-10-18,103,53,265,89.77,11.1
2025-10-18,104,50,250,90.92,10.1
2025-10-18,105,68,340,91.89,20.9
2025-10-18,106,38,190,88.24,7.5
2025-10-18,107,60,300,91.26,11.6
2025-10-18,108,40,200,94.76,7.3
2025-10-19,101,62,310,93.57,10.8
2025-10-19,102,76,380,97.83,14.6
2025-10-19,103,77,385,95.63,25.0
2025-10-19,104,44,220,92.07,10.8
2025-10-19,105,63,315,89.83,21.1
2025-10-19,106,57,285,95.65,18.6
2025-10-19,107,74,370,91.64,13.1
2025-10-19,108,36,180,93.91,7.5
2025-10-20,101,134,559,93.47,45.5
2025-10-20,102,136,583,93.62,30.5
2025-10-20,103,191,798,97.35,41.0
2025-10-20,104,163,745,88.48,53.3
2025-10-20,105,233,1305,90.51,53.5
2025-10-20,106,117,485,95.2,22.0
2025-10-20,107,217,1219,89.43,52.6
2025-10-20,108,111,454,94.16,34.3
2025-10-21,101,212,909,95.54,49.0
2025-10-21,102,133,605,92.31,23.4
2025-10-21,103,250,1106,91.5,72.8
2025-10-21,104,195,986,86.17,63.2
2025-10-21,105,155,659,94.44,32.3
2025-10-21,106,128,633,91.43,30.8
2025-10-21,107,222,1313,98.6,77.4
2025-10-21,108,231,945,91.64,65.9
2025-10-22,101,208,1021,91.53,72.6
2025-10-22,102,247,1091,89.09,57.4
2025-10-22,103,209,1166,92.91,52.3
2025-10-22,104,215,1200,82.32,51.3
2025-10-22,105,235,1225,96.49,37.3
2025-10-22,106,161,798,90.35,40.3
2025-10-22,107,241,1095,97.81,79.2
2025-10-22,108,223,1288,95.33,47.5
2025-10-23,101,230,995,96.18,53.9
2025-10-23,102,175,712,88.47,59.5
2025-10-23,103,256,1431,95.7,87.9
2025-10-23,104,150,630,84.87,23.2
2025-10-23,105,122,495,97.53,25.6
2025-10-23,106,138,769,93.89,32.5
2025-10-23,107,145,719,93.29,37.2
2025-10-23,108,226,1225,94.25,64.9
2025-10-24,101,182,825,91.18,58.7
2025-10-24,102,219,914,93.27,44.1
2025-10-24,103,238,1122,95.78,62.2
2025-10-24,104,196,857,91.79,63.1
2025-10-24,105,179,726,95.85,41.7
2025-10-24,106,127,664,89.46,28.7
2025-10-24,107,161,749,91.45,41.7
2025-10-24,108,126,564,95.56,40.4
2025-10-25,101,42,210,99.38,6.4
2025-10-25,102,33,165,94.72,7.4
2025-10-25,103,49,245,96.7,13.4
2025-10-25,104,49,245,88.39,7.6
2025-10-25,105,34,170,94.45,6.9
2025-10-25,106,49,245,89.35,17.1
2025-10-25,107,69,345,95.86,19.6
2025-10-25,108,66,330,89.83,10.3
2025-10-26,101,77,385,95.87,17.1
2025-10-26,102,67,335,91.41,19.5
2025-10-26,103,43,215,92.11,10.3
2025-10-26,104,67,335,93.28,23.2
2025-10-26,105,53,265,98.79,8.7
2025-10-26,106,41,205,98.03,9.5
2025-10-26,107,72,360,89.05,20.3
2025-10-26,108,70,350,88.99,14.3
2025-10-27,101,243,1339,90.47,66.7
2025-10-27,102,215,1265,90.77,34.8
2025-10-27,103,244,1436,93.69,57.7
2025-10-27,104,150,888,83.32,24.5
2025-10-27,105,112,566,88.24,18.1
2025-10-27,106,127,574,95.48,20.1
2025-10-27,107,117,536,90.72,32.6
2025-10-27,108,236,982,98.74,75.3
2025-10-28,101,198,1165,94.56,49.3
2025-10-28,102,134,727,94.4,45.1
2025-10-28,103,126,674,95.79,36.4
2025-10-28,104,120,556,91.41,19.3
2025-10-28,105,194,935,94.11,31.6
2025-10-28,106,127,628,90.12,28.2
2025-10-28,107,215,1287,93.02,39.4
2025-10-28,108,171,838,88.03,37.6
2025-10-29,101,200,1134,96.46,40.4
2025-10-29,102,153,861,88.04,33.2
2025-10-29,103,138,802,90.79,35.6
2025-10-29,104,190,816,90.27,33.9
2025-10-29,105,121,558,96.21,37.1
2025-10-29,106,196,786,94.31,49.7
2025-10-29,107,205,824,93.41,33.7
2025-10-29,108,252,1221,95.9,76.5
2025-10-30,101,148,755,97.31,36.2
2025-10-30,102,158,636,93.06,42.4
2025-10-30,103,218,985,96.07,58.9
2025-10-30,104,157,880,90.44,30.8
2025-10-30,105,148,794,89.34,36.1
2025-10-30,106,197,804,92.03,35.5
2025-10-30,107,241,1288,89.77,37.3
2025-10-30,108,113,523,95.72,27.3
2025-10-31,101,226,1276,95.81,45.8
2025-10-31,102,213,852,98.76,72.1
2025-10-31,103,158,679,99.29,31.5
2025-10-31,104,144,623,85.99,29.3
2025-10-31,105,219,1016,90.36,51.2
2025-10-31,106,184,914,98.12,54.5
2025-10-31,107,219,1229,89.73,53.9
2025-10-31,108,181,778,92.99,32.0
2025-11-01,101,55,275,91.94,15.9
2025-11-01,102,69,345,98.48,23.5
2025-11-01,103,54,270,91.16,18.3
2025-11-01,104,41,205,85.43,13.1
2025-11-01,105,67,335,93.61,12.0
2025-11-01,106,37,185,88.93,7.8
2025-11-01,107,59,295,93.56,20.4
2025-11-01,108,44,220,99.17,13.8
2025-11-02,101,48,240,89.84,14.3
2025-11-02,102,47,235,94.33,16.1
2025-11-02,103,36,180,97.05,7.6
2025-11-02,104,71,355,89.95,23.4
2025-11-02,105,46,230,92.91,15.1
2025-11-02,106,45,225,91.42,9.9
2025-11-02,107,58,290,94.48,10.4
2025-11-02,108,44,220,90.68,11.9
2025-11-03,101,177,868,97.78,53.8
2025-11-03,102,222,1011,90.86,46.7
2025-11-03,103,212,960,97.35,72.4
2025-11-03,104,244,1225,83.55,50.2
2025-11-03,105,163,691,89.17,37.0
2025-11-03,106,198,1017,95.4,48.4
2025-11-03,107,129,762,95.01,21.0
2025-11-03,108,242,1135,92.34,83.7
2025-11-04,101,136,573,89.68,44.2
2025-11-04,102,198,945,99.5,33.0
2025-11-04,103,147,768,89.9,35.5
2025-11-04,104,213,1118,88.9,45.5
2025-11-04,105,135,579,91.1,25.8
2025-11-04,106,139,767,96.99,33.9
2025-11-04,107,233,1142,98.13,50.5
2025-11-04,108,245,1235,94.07,67.7
2025-11-05,101,201,1095,91.81,46.1
2025-11-05,102,182,859,94.43,42.1
2025-11-05,103,116,677,95.46,36.2
2025-11-05,104,171,894,92.91,37.9
2025-11-05,105,195,1119,98.67,54.6
2025-11-05,106,125,659,98.21,40.8
2025-11-05,107,236,1016,91.42,64.4
2025-11-05,108,239,1111,88.67,45.9
2025-11-06,101,202,1107,89.2,63.1
2025-11-06,102,223,1103,94.76,33.7
2025-11-06,103,233,953,93.99,38.0
2025-11-06,104,248,1048,83.6,45.9
2025-11-06,105,202,853,96.36,63.5
2025-11-06,106,147,864,94.81,25.0
2025-11-06,107,244,1364,95.45,81.6
2025-11-06,108,150,618,92.8,42.2
2025-11-07,101,178,1067,92.82,46.1
2025-11-07,102,213,959,94.7,56.8
2025-11-07,103,163,916,91.72,45.6
2025-11-07,104,246,1337,92.97,68.5
2025-11-07,105,195,1039,91.97,36.0
2025-11-07,106,211,1199,91.52,69.5
2025-11-07,107,167,809,95.42,38.5
2025-11-07,108,182,896,99.77,48.8
2025-11-08,101,37,185,98.71,7.9
2025-11-08,102,41,205,93.88,13.6
2025-11-08,103,49,245,96.06,14.5
2025-11-08,104,39,195,82.9,6.9
2025-11-08,105,75,375,90.11,16.7
2025-11-08,106,36,180,89.54,9.5
2025-11-08,107,70,350,88.23,13.8
2025-11-08,108,77,385,96.69,14.4
2025-11-09,101,68,340,99.83,14.9
2025-11-09,102,45,225,89.6,12.8
2025-11-09,103,64,320,99.27,16.3
2025-11-09,104,73,365,87.92,20.8
2025-11-09,105,35,175,96.16,9.6
2025-11-09,106,39,195,99.07,9.3
2025-11-09,107,72,360,97.73,13.9
2025-11-09,108,40,200,91.78,12.6
2025-11-10,101,178,941,95.9,50.2
2025-11-10,102,218,971,91.15,34.9
2025-11-10,103,224,1100,96.03,64.4
2025-11-10,104,212,1253,87.18,39.3
2025-11-10,105,203,1116,90.21,34.9
2025-11-10,106,175,929,90.2,52.0
2025-11-10,107,241,1425,91.94,72.8
2025-11-10,108,251,1233,95.62,74.0
2025-11-11,101,165,824,93.45,26.1
2025-11-11,102,246,1289,98.01,72.8
2025-11-11,103,150,648,96.38,39.7
2025-11-11,104,157,910,91.57,51.9
2025-11-11,105,213,1070,99.43,67.9
2025-11-11,106,228,1081,94.53,72.5
2025-11-11,107,148,844,98.01,25.3
2025-11-11,108,131,571,92.93,25.3
2025-11-12,101,152,681,99.39,32.3
2025-11-12,102,217,1179,97.86,46.2
2025-11-12,103,245,1117,90.88,37.6
2025-11-12,104,188,1003,91.87,53.2
2025-11-12,105,155,747,91.76,52.4
2025-11-12,106,129,687,99.04,21.2
2025-11-12,107,164,727,91.6,52.9
2025-11-12,108,195,901,94.66,34.5
2025-11-13,101,113,656,89.3,26.0
2025-11-13,102,190,1097,92.0,34.7
2025-11-13,103,117,648,99.66,20.8
2025-11-13,104,232,959,85.91,38.2
2025-11-13,105,143,699,89.51,30.6
2025-11-13,106,170,757,90.77,59.0
2025-11-13,107,232,1214,91.05,39.6
2025-11-13,108,243,1187,95.52,63.4
2025-11-14,101,256,1190,99.62,83.5
2025-11-14,102,228,1246,99.9,52.7
2025-11-14,103,194,830,91.53,35.7
2025-11-14,104,230,1286,86.09,76.2
2025-11-14,105,259,1151,92.38,69.6
2025-11-14,106,203,1104,93.67,33.6
2025-11-14,107,123,634,95.72,37.6
2025-11-14,108,221,1311,89.06,59.8
2025-11-15,101,38,190,90.93,7.4
2025-11-15,102,49,245,90.15,13.9
2025-11-15,103,47,235,97.16,8.3
2025-11-15,104,37,185,83.27,6.6
2025-11-15,105,57,285,98.61,17.0
2025-11-15,106,33,165,91.27,11.0
2025-11-15,107,76,380,90.02,14.2
2025-11-15,108,63,315,99.33,21.1
2025-11-16,101,54,270,93.44,12.3
2025-11-16,102,75,375,97.3,11.8
2025-11-16,103,54,270,92.75,17.1
2025-11-16,104,74,370,88.3,11.8
2025-11-16,105,37,185,98.8,6.4
2025-11-16,106,57,285,98.96,16.1
2025-11-16,107,76,380,99.89,15.7
2025-11-16,108,64,320,96.75,18.4
2025-11-17,101,259,1219,96.28,48.4
2025-11-17,102,228,940,88.97,34.6
2025-11-17,103,181,964,91.63,52.1
2025-11-17,104,254,1507,91.87,60.0
2025-11-17,105,257,1460,91.03,89.8
2025-11-17,106,172,827,99.07,36.3
2025-11-17,107,221,1261,91.47,53.5
2025-11-17,108,168,920,89.84,45.6
2025-11-18,101,113,557,91.1,27.5
2025-11-18,102,128,552,89.47,26.1
2025-11-18,103,188,965,96.37,61.1
2025-11-18,104,186,782,89.21,52.7
2025-11-18,105,129,656,91.98,21.3
2025-11-18,106,168,927,95.32,49.2
2025-11-18,107,238,1404,96.55,53.5
2025-11-18,108,211,887,95.87,43.9
2025-11-19,101,136,730,95.44,38.8
2025-11-19,102,221,1223,93.66,42.6
2025-11-19,103,142,587,91.28,38.4
2025-11-19,104,244,1450,89.59,84.7
2025-11-19,105,166,774,89.87,30.6
2025-11-19,106,216,878,93.53,36.0
2025-11-19,107,171,946,93.95,53.7
2025-11-19,108,208,1176,97.02,59.4
2025-11-20,101,229,1204,94.03,55.5
2025-11-20,102,224,1121,88.38,61.7
2025-11-20,103,161,830,97.54,42.2
2025-11-20,104,220,932,83.93,42.3
2025-11-20,105,177,756,91.27,49.0
2025-11-20,106,253,1044,94.96,44.5
2025-11-20,107,115,652,93.56,24.6
2025-11-20,108,113,510,92.77,24.5
2025-11-21,101,253,1234,94.0,44.3
2025-11-21,102,181,903,99.16,59.8
2025-11-21,103,139,746,91.16,39.4
2025-11-21,104,182,1062,90.64,29.0
2025-11-21,105,165,848,89.89,29.9
2025-11-21,106,167,706,88.6,50.2
2025-11-21,107,163,781,93.74,30.0
2025-11-21,108,208,1082,95.72,63.3
2025-11-22,101,55,275,94.6,9.9
2025-11-22,102,76,380,91.24,17.8
2025-11-22,103,76,380,95.44,24.2
2025-11-22,104,72,360,87.55,12.1
2025-11-22,105,63,315,93.68,16.3
2025-11-22,106,65,325,95.95,21.3
2025-11-22,107,63,315,88.53,21.3
2025-11-22,108,59,295,98.58,9.4
2025-11-23,101,76,380,98.8,25.1
2025-11-23,102,34,170,93.9,11.0
2025-11-23,103,72,360,92.9,11.5
2025-11-23,104,62,310,85.6,18.6
2025-11-23,105,62,310,98.09,18.6
2025-11-23,106,36,180,91.49,7.3
2025-11-23,107,72,360,98.23,15.8
2025-11-23,108,71,355,97.45,17.7
2025-11-24,101,127,626,88.1,32.5
2025-11-24,102,191,823,94.82,65.4
2025-11-24,103,208,1185,97.78,44.1
2025-11-24,104,213,944,89.38,48.0
2025-11-24,105,128,684,94.69,41.0
2025-11-24,106,153,641,97.48,28.3
2025-11-24,107,168,732,88.99,40.2
2025-11-24,108,198,932,97.18,54.1
2025-11-25,101,227,1250,92.2,69.7
2025-11-25,102,162,857,97.67,41.2
2025-11-25,103,186,1010,92.16,57.6
2025-11-25,104,156,888,85.06,23.8
2025-11-25,105,244,1196,88.71,60.4
2025-11-25,106,180,946,93.3,33.2
2025-11-25,107,237,1257,91.51,74.5
2025-11-25,108,165,746,90.93,49.2
2025-11-26,101,196,868,91.9,30.3
2025-11-26,102,132,613,98.11,38.5
2025-11-26,103,126,755,98.55,20.4
2025-11-26,104,196,982,88.48,31.4
2025-11-26,105,162,736,88.23,26.5
2025-11-26,106,223,1107,94.19,60.5
2025-11-26,107,183,1091,94.27,58.4
2025-11-26,108,136,688,96.08,35.8
2025-11-27,101,115,474,92.6,32.1
2025-11-27,102,214,1101,93.24,51.9
2025-11-27,103,157,671,93.31,44.1
2025-11-27,104,149,611,93.95,35.1
2025-11-27,105,145,679,98.37,36.4
2025-11-27,106,125,565,91.74,30.3
2025-11-27,107,154,800,88.38,39.7
2025-11-27,108,225,934,88.38,61.0
2025-11-28,101,222,1084,97.74,44.3
2025-11-28,102,180,780,89.84,54.8
2025-11-28,103,222,1054,92.74,40.7
2025-11-28,104,184,931,93.01,48.0
2025-11-28,105,252,1217,93.41,79.6
2025-11-28,106,146,648,91.75,44.9
2025-11-28,107,244,1118,89.87,63.4
2025-11-28,108,214,1261,91.33,44.7
2025-11-29,101,76,380,88.43,19.4
2025-11-29,102,60,300,91.65,14.6
2025-11-29,103,36,180,99.82,7.2
2025-11-29,104,48,240,89.92,7.3
2025-11-29,105,42,210,97.26,10.2
2025-11-29,106,42,210,99.68,7.6
2025-11-29,107,67,335,99.29,22.9
2025-11-29,108,49,245,91.0,11.7
2025-11-30,101,59,295,97.73,9.0
2025-11-30,102,71,355,96.43,17.2
2025-11-30,103,50,250,94.36,9.7
2025-11-30,104,36,180,93.08,9.1
2025-11-30,105,36,180,93.77,9.1
2025-11-30,106,40,200,95.98,11.5
2025-11-30,107,52,260,97.27,14.8
2025-11-30,108,60,300,90.22,19.7
2025-12-01,101,249,1405,90.53,72.9
2025-12-01,102,136,587,92.49,23.3
2025-12-01,103,218,1205,97.16,68.3
2025-12-01,104,132,724,88.54,30.0
2025-12-01,105,222,1260,94.7,50.1
2025-12-01,106,239,1016,89.42,43.7
2025-12-01,107,154,618,89.11,31.9
2025-12-01,108,190,1073,90.49,63.6
2025-12-02,101,224,1185,98.99,76.0
2025-12-02,102,115,602,97.89,36.5
2025-12-02,103,184,968,98.97,61.8
2025-12-02,104,118,665,89.18,18.2
2025-12-02,105,212,883,90.54,41.6
2025-12-02,106,217,896,88.26,51.5
2025-12-02,107,238,1315,99.13,38.2
2025-12-02,108,225,953,94.75,76.6
2025-12-03,101,141,766,98.56,27.3
2025-12-03,102,219,908,96.82,74.4
2025-12-03,103,130,726,96.34,21.1
2025-12-03,104,189,1052,84.38,29.4
2025-12-03,105,174,1006,90.6,53.3
2025-12-03,106,151,639,95.39,36.4
2025-12-03,107,173,695,91.88,33.4
2025-12-03,108,233,1244,92.83,38.5
2025-12-04,101,159,885,93.75,46.6
2025-12-04,102,135,804,93.23,28.2
2025-12-04,103,239,1204,99.15,71.0
2025-12-04,104,142,840,86.43,22.9
2025-12-04,105,130,709,96.94,25.4
2025-12-04,106,148,647,93.74,41.9
2025-12-04,107,124,629,89.28,35.9
2025-12-04,108,163,967,93.97,29.9
2025-12-05,101,201,1205,95.06,48.9
2025-12-05,102,125,707,93.62,32.8
2025-12-05,103,171,837,97.21,40.1
2025-12-05,104,149,644,91.07,35.5
2025-12-05,105,220,937,90.79,52.5
2025-12-05,106,193,942,92.49,41.8
2025-12-05,107,129,521,99.39,39.4
2025-12-05,108,218,980,96.95,34.2
2025-12-06,101,38,190,95.34,7.8
2025-12-06,102,69,345,88.74,14.3
2025-12-06,103,66,330,94.15,14.5
2025-12-06,104,43,215,93.36,7.7
2025-12-06,105,49,245,95.62,8.5
2025-12-06,106,54,270,98.6,11.8
2025-12-06,107,61,305,91.69,13.7
2025-12-06,108,39,195,90.0,11.9
2025-12-07,101,41,205,91.2,10.3
2025-12-07,102,39,195,88.33,9.6
2025-12-07,103,75,375,93.34,20.8
2025-12-07,104,67,335,90.62,20.8
2025-12-07,105,44,220,98.44,9.5
2025-12-07,106,50,250,96.08,17.3
2025-12-07,107,72,360,92.07,14.9
2025-12-07,108,70,350,99.81,18.1
2025-12-08,101,179,718,93.91,53.3
2025-12-08,102,111,451,95.98,17.9
2025-12-08,103,125,525,93.27,38.9
2025-12-08,104,126,653,88.23,29.3
2025-12-08,105,227,1248,89.8,60.0
2025-12-08,106,255,1050,94.36,78.2
2025-12-08,107,254,1022,97.69,74.3
2025-12-08,108,135,741,95.13,35.2
2025-12-09,101,249,1371,95.96,77.8
2025-12-09,102,233,1268,98.41,36.5
2025-12-09,103,220,1240,97.65,54.8
2025-12-09,104,196,856,89.25,63.5
2025-12-09,105,249,1236,98.87,76.7
2025-12-09,106,227,937,95.58,71.9
2025-12-09,107,233,1274,96.35,70.8
2025-12-09,108,130,639,89.89,41.4
2025-12-10,101,232,1016,94.95,41.8
2025-12-10,102,150,879,94.41,36.4
2025-12-10,103,254,1322,91.9,82.5
2025-12-10,104,202,1090,89.63,35.0
2025-12-10,105,122,707,98.48,22.0
2025-12-10,106,190,1007,92.15,30.0
2025-12-10,107,195,1042,95.24,54.5
2025-12-10,108,183,814,93.12,31.0
2025-12-11,101,131,547,94.82,30.1
2025-12-11,102,157,691,95.08,35.0
2025-12-11,103,251,1105,96.31,43.9
2025-12-11,104,184,804,82.9,47.0
2025-12-11,105,182,819,93.48,33.2
2025-12-11,106,243,1094,90.91,51.6
2025-12-11,107,255,1214,90.93,69.2
2025-12-11,108,179,901,93.07,40.0
2025-12-12,101,254,1398,89.26,81.4
2025-12-12,102,162,810,96.42,49.1
2025-12-12,103,113,527,92.62,20.5
2025-12-12,104,200,1087,92.07,69.6
2025-12-12,105,199,873,88.79,55.5
2025-12-12,106,247,1086,99.63,82.5
2025-12-12,107,119,658,89.51,36.2
2025-12-12,108,157,937,88.71,43.2
2025-12-13,101,51,255,97.35,9.7
2025-12-13,102,62,310,90.94,14.2
2025-12-13,103,54,270,97.34,13.9
2025-12-13,104,57,285,84.66,13.4
2025-12-13,105,57,285,97.76,11.3
2025-12-13,106,45,225,90.87,13.6
2025-12-13,107,52,260,90.67,8.6
2025-12-13,108,47,235,99.74,15.1
2025-12-14,101,44,220,95.9,13.0
2025-12-14,102,70,350,89.91,22.1
2025-12-14,103,34,170,97.7,8.7
2025-12-14,104,38,190,93.98,11.5
2025-12-14,105,44,220,91.49,7.4
2025-12-14,106,39,195,88.47,8.6
2025-12-14,107,65,325,94.17,16.4
2025-12-14,108,72,360,99.71,17.7
2025-12-15,101,135,711,99.07,25.7
2025-12-15,102,234,981,90.27,58.9
2025-12-15,103,189,1080,96.85,28.9
2025-12-15,104,135,762,88.31,46.3
2025-12-15,105,227,1154,89.69,66.2
2025-12-15,106,172,926,91.64,60.0
2025-12-15,107,138,602,88.49,37.8
2025-12-15,108,205,976,96.72,63.2
2025-12-16,101,154,859,98.05,52.3
2025-12-16,102,140,582,96.73,46.0
2025-12-16,103,184,761,97.35,62.6
2025-12-16,104,210,907,87.96,48.0
2025-12-16,105,121,635,90.08,27.4
2025-12-16,106,146,734,89.09,49.9
2025-12-16,107,113,662,97.92,29.4
2025-12-16,108,217,1164,90.71,41.9
2025-12-17,101,141,627,95.11,30.0
2025-12-17,102,126,553,97.59,21.3
2025-12-17,103,199,1019,99.3,55.9
2025-12-17,104,214,1164,84.97,66.8
2025-12-17,105,194,848,96.25,39.1
2025-12-17,106,181,997,89.31,60.3
2025-12-17,107,137,576,94.84,37.2
2025-12-17,108,200,961,93.8,30.0
2025-12-18,101,228,1264,93.6,58.1
2025-12-18,102,167,870,94.39,30.5
2025-12-18,103,144,595,88.79,22.0
2025-12-18,104,206,844,91.01,70.3
2025-12-18,105,175,746,94.85,38.2
2025-12-18,106,138,763,91.71,28.8
2025-12-18,107,134,672,91.0,44.3
2025-12-18,108,196,841,95.08,38.8
2025-12-19,101,145,607,94.47,46.7
2025-12-19,102,198,993,89.35,38.5
2025-12-19,103,204,1144,92.16,52.7
2025-12-19,104,154,627,91.34,45.2
2025-12-19,105,181,864,94.95,59.9
2025-12-19,106,163,907,90.49,48.3
2025-12-19,107,166,960,99.9,43.2
2025-12-19,108,243,1268,97.25,63.3
2025-12-20,101,61,305,92.9,15.7
2025-12-20,102,42,210,99.8,11.3
2025-12-20,103,71,355,91.1,14.7
2025-12-20,104,37,185,91.02,10.4
2025-12-20,105,63,315,93.88,16.0
2025-12-20,106,54,270,93.44,18.6
2025-12-20,107,52,260,99.35,17.0
2025-12-20,108,75,375,88.02,24.7
2025-12-21,101,43,215,88.59,7.0
2025-12-21,102,65,325,91.31,18.3
2025-12-21,103,68,340,97.43,20.8
2025-12-21,104,51,255,82.96,10.8
2025-12-21,105,56,280,99.19,11.3
2025-12-21,106,35,175,92.98,10.9
2025-12-21,107,36,180,91.98,6.8
2025-12-21,108,38,190,94.92,10.7
2025-12-22,101,137,787,96.38,39.4
2025-12-22,102,188,793,97.67,37.0
2025-12-22,103,113,609,97.96,30.1
2025-12-22,104,125,612,83.82,35.7
2025-12-22,105,164,703,98.69,49.3
2025-12-22,106,157,857,99.53,30.8
2025-12-22,107,121,668,98.5,31.2
2025-12-22,108,163,794,91.8,37.9
2025-12-23,101,153,859,98.49,51.4
2025-12-23,102,191,808,98.61,30.5
2025-12-23,103,221,1296,92.5,35.0
2025-12-23,104,129,681,82.11,26.3
2025-12-23,105,150,786,90.95,49.6
2025-12-23,106,186,867,94.0,29.2
2025-12-23,107,192,895,95.46,33.9
2025-12-23,108,241,1247,94.77,61.9
2025-12-24,101,202,1022,96.59,34.9
2025-12-24,102,256,1056,98.01,78.3
2025-12-24,103,192,1032,88.4,53.4
2025-12-24,104,248,1222,90.72,72.1
2025-12-24,105,172,925,90.75,59.2
2025-12-24,106,244,1419,92.34,49.0
2025-12-24,107,199,887,94.2,34.3
2025-12-24,108,118,695,91.39,21.4
2025-12-25,101,181,1082,91.03,44.3
2025-12-25,102,237,1208,92.6,81.1
2025-12-25,103,121,625,99.24,42.1
2025-12-25,104,193,1022,86.72,55.2
2025-12-25,105,130,617,92.77,23.6
2025-12-25,106,252,1373,89.5,74.2
2025-12-25,107,210,1175,95.13,46.4
2025-12-25,108,189,973,89.61,49.0
2025-12-26,101,135,640,96.16,37.1
2025-12-26,102,120,584,93.02,24.8
2025-12-26,103,232,1214,88.76,73.7
2025-12-26,104,127,603,89.4,21.0
2025-12-26,105,152,806,90.48,40.2
2025-12-26,106,123,633,99.05,42.6
2025-12-26,107,123,622,89.61,38.1
2025-12-26,108,213,1180,92.75,67.5
2025-12-27,101,77,385,97.12,16.3
2025-12-27,102,65,325,94.06,13.3
2025-12-27,103,51,255,98.28,15.8
2025-12-27,104,47,235,90.27,8.8
2025-12-27,105,39,195,96.18,6.1
2025-12-27,106,36,180,98.29,6.4
2025-12-27,107,43,215,99.43,8.3
2025-12-27,108,69,345,94.82,20.0
2025-12-28,101,50,250,92.72,16.6
2025-12-28,102,45,225,96.1,7.6
2025-12-28,103,71,355,93.89,18.3
2025-12-28,104,71,355,90.85,11.0
2025-12-28,105,39,195,94.54,6.8
2025-12-28,106,41,205,97.96,13.1
2025-12-28,107,58,290,93.74,11.9
2025-12-28,108,71,355,92.7,11.6
2025-12-29,101,128,750,98.46,40.4
2025-12-29,102,173,997,91.3,54.7
2025-12-29,103,114,463,92.46,28.7
2025-12-29,104,177,1010,84.02,58.8
2025-12-29,105,223,1058,89.15,41.5
2025-12-29,106,241,1136,97.65,81.3
2025-12-29,107,119,480,92.74,36.0
2025-12-29,108,155,879,99.62,42.1
2025-12-30,101,172,818,88.11,46.5
2025-12-30,102,173,898,90.01,49.9
2025-12-30,103,166,953,95.78,34.5
2025-12-30,104,176,729,89.63,53.8
2025-12-30,105,196,947,90.19,49.8
2025-12-30,106,142,576,96.06,41.9
2025-12-30,107,174,717,92.58,40.4
2025-12-30,108,153,843,95.63,33.0
2025-12-31,101,166,797,98.76,32.4
2025-12-31,102,139,598,98.13,48.6
2025-12-31,103,255,1217,89.84,50.3
2025-12-31,104,140,639,90.42,36.1
2025-12-31,105,251,1154,91.99,42.3
2025-12-31,106,133,699,88.08,46.1
2025-12-31,107,122,648,96.52,22.5
2025-12-31,108,113,608,88.4,28.9
2026-01-01,101,230,1167,88.56,74.1
2026-01-01,102,186,877,88.86,33.0
2026-01-01,103,272,1148,98.53,56.1
2026-01-01,104,267,1285,84.78,55.6
2026-01-01,105,242,1221,90.45,76.9
2026-01-01,106,161,698,95.47,46.0
2026-01-01,107,144,820,89.89,25.6
2026-01-01,108,162,850,96.39,48.3
2026-01-02,101,201,1114,97.13,56.4
2026-01-02,102,172,874,98.27,59.1
2026-01-02,103,183,1062,88.24,28.5
2026-01-02,104,188,790,86.6,40.9
2026-01-02,105,246,1423,93.41,39.1
2026-01-02,106,209,1175,88.59,41.5
2026-01-02,107,201,955,93.62,63.2
2026-01-02,108,238,1175,90.85,80.7
2026-01-03,101,43,215,95.88,7.5
2026-01-03,102,56,280,88.9,9.2
2026-01-03,103,64,320,89.18,20.4
2026-01-03,104,62,310,85.63,15.4
2026-01-03,105,73,365,92.38,12.0
2026-01-03,106,69,345,92.97,16.0
2026-01-03,107,86,430,94.47,15.5
2026-01-03,108,49,245,91.66,9.5
2026-01-04,101,70,350,91.01,14.2
2026-01-04,102,74,370,98.78,11.9
2026-01-04,103,51,255,98.97,14.4
2026-01-04,104,68,340,85.8,12.1
2026-01-04,105,81,405,91.34,24.1
2026-01-04,106,46,230,89.97,7.1
2026-01-04,107,84,420,90.2,25.3
2026-01-04,108,66,330,91.57,19.7
